query,title,channel,views,likes,comments,published,duration,video_id
作業用BGM 熱い,"大人の心にブッ刺さる🔥胸熱レゲエ×ヒップホップ｜作業用bgm｜筋トレbgm,hip hop,#レゲエ#ジャパレゲ 作業用bgm, 夏フェス",Chill&Lo-fi Lounge,932,25,3,2026-07-26T01:00:31Z,PT1H21M41S,yk_qX7m218Q
作業用BGM 熱い,ジャパレゲ 筋トレBGM🔥重低音×熱い朝でも自分を先に動かせ｜TOKYO PHONK Vol.6861-6880,TOKYO PHONK,294,15,0,2026-07-25T19:00:11Z,PT2H42M42S,wC5z8sZY60s
作業用BGM 熱い,ひとりの夜に 🌙 手のなかの熱｜Luna Chill / Lo-Fi #shorts,Luna [Midnight City Pop]」,127,1,1,2026-07-25T10:00:12Z,PT36S,VLr49sMiP54
作業用BGM 熱い,TOWARD THE LIGHT｜光の方へ！【ゲームBGM・作業用BGM】shinしん,shinsしん,6,0,0,2026-07-24T23:59:23Z,PT1M12S,_Zmq17DuOFg
作業用BGM 熱い,𝐏𝐥𝐚𝐲𝐥𝐢𝐬𝐭「このビート、触れたあともまだ熱い。🔥🎧」| J-RAP VOL.25 #japanese   #hiphop  Hop  #rap #JRAP #hiphopplaylist,深夜の日本語ラップ,161,4,1,2026-07-24T09:02:06Z,PT2H3M8S,S6RXiYNdPWY
作業用BGM 熱い,【京都に殺される】熱死【ニコ生録画】,TEN,71,5,1,2026-07-24T06:28:36Z,PT29M59S,ytkIzuHmOpA
作業用BGM 熱い,裂ける稲妻 - テンションが上がるロック【作業用BGM】,とうろくチャン,23,0,0,2026-07-24T05:13:01Z,PT3M58S,3OZ37j4OohU
作業用BGM 熱い,【Playlist】感情を揺さぶる激熱TRANCE。幻想的Dark EDMプレイリスト【ドライブ/ゲーム/作業用BGM】,YORUKAGE NEXUS,11,0,0,2026-07-24T04:45:18Z,PT1H29M19S,dF-UiQm4xa8
作業用BGM 熱い,【60秒ダイジェスト】INVISIBLE AS.｜妖しく熱い第3次スパロボαアレンジ #shorts#スパロボ #第3次スーパーロボット大戦α #INVISIBLEAS #作業用BGM,Catget,154,2,0,2026-07-24T00:57:29Z,PT1M1S,D1i7LCEz8kI
作業用BGM 熱い,熱！！#asmr #ai音楽 #bgm #作業用bgm #歌作ってみた #睡眠用bgm,もずもずく,26,1,0,2026-07-23T15:33:27Z,PT2M36S,dToHGFVnY2c
作業用BGM 熱い,【アニソン系BGM和風ロックPlaylist】名もなき強さ｜熱い和風ロック・女性ボーカル｜78分,和奏ロック堂 | Japanese Rock BGM,189,3,0,2026-07-23T09:00:24Z,PT1H18M22S,J57_c--2W10
作業用BGM 熱い,"𝐏𝐥𝐚𝐲𝐥𝐢𝐬𝐭🎵(5時間) Chill City Pop.44｜ 熱い夏の夜、シティポップの季節がやってきた。｜作業用BGM, カフェBGM, 店舗用BGM,ドライブBGM",Chill BUT Groove,44,3,0,2026-07-23T08:15:11Z,PT4H55M59S,DCYykOIy1x0
作業用BGM 熱い,孫娘が働く銀行で、熱いお茶をぶっかけられる姿を見た老爺…5分後2000億解約して銀行を潰す,【人生の裏側】,8,0,0,2026-07-23T05:38:12Z,PT32M34S,9Gjl4dknsbo
作業用BGM 熱い,【オーケストラ戦闘BGM】師弟の決戦｜熱い作業用バトルBGM｜ラスボス・ボス戦,KOUKA Fantasy Music – 光華隊,4,0,0,2026-07-22T14:25:51Z,PT39M34S,gAyntDjA4tA
作業用BGM 熱い,【作業用BGM】Epic Background Music 戦闘BGM/Battle Rock『Railshade』,Soothing sound Mikan,2225,117,8,2026-07-22T11:50:26Z,PT1H1M11S,0gbrq8WN9Pw
作業用BGM 熱い,【異世界ケルト音楽】雪の夜の酒場 -炉端と熱い葡萄酒-｜作業用・リラックスBGM【Celtic Fantasy Music】,ライラの幻奏街道 / Laila's Fantasia Road,19,2,1,2026-07-22T10:30:20Z,PT2H1M7S,dG4n_ln0MZw
作業用BGM 熱い,【80s City Pop】都会の熱を逃れて、1985年のとあるカフェへ ☕【80s RETRO POP SOUND】 #昭和レトロ #シティポップ #作業用bgm,エモイ・レコード (Emoi Records),1312,19,0,2026-07-21T10:00:14Z,PT51S,hHX1Wikuyp8
作業用BGM 熱い,【アニソン系BGM和風ロックPlaylist】曲げない生き方｜熱い和風ロック・女性ボーカル｜77分,和奏ロック堂 | Japanese Rock BGM,359,9,2,2026-07-21T09:00:17Z,PT1H17M4S,9muDF_OJEHU
作業用BGM 熱い,ヒロアカ風、熱い戦闘曲！【My Hero Academia style freeBGM】heroic2 battle4 / ヒロイック2バトル4【作業用BGM・素材】,【著作権フリーBGM】ぷるっと企画チャンネル,107,3,0,2026-07-21T07:00:04Z,PT3M8S,-0MS0V2tvec
作業用BGM 熱い,キミイロの夏／AI singer  【うたのはっぱオリジナル曲(作詞)】【作業用BGM】,うたのはっぱ(百葉箱P,88,6,0,2026-07-20T22:32:07Z,PT3M47S,qzDU5JgNwkA
作業用BGM 熱い,【J-Rock】🔥 57分間の熱いアニメ｜女性ボーカルによるオリジナルオープニングソング10曲 Vol.2 🔥,Ryusei Studio | 流星スタジオ,34,0,0,2026-07-20T13:15:07Z,PT57M8S,c_sLkRGXhwA
作業用BGM 熱い,【作業用BGM】Epic Background Music 戦闘BGM/Hybrid Orchestral Battle　Rock『Voltaris』,Soothing sound Mikan,1297,73,6,2026-07-20T12:20:27Z,PT1H2M3S,N1FKPVHk6i0
作業用BGM 熱い,【ポケモン風BGM】始まる熱いバトル音楽｜作業用・勉強用・ゲーム作業用,ポケモン風BGM,318,5,0,2026-07-18T21:00:34Z,PT55M,zNFSSdUleOE
作業用BGM 熱い,【作業用BGM／1時間】戦闘モードに入る疾走系JRPGバトルメドレー｜YutoRhythm Battle Mode Vol.2,ゆとリズム yuto-rhythm,142,4,0,2026-07-18T13:00:34Z,PT1H31S,Ai7fB6AJ1Yc
作業用BGM 熱い,B'z | 熱いロック名曲と心に響くバラードで青春を思い出す感動ベストミックス | 完全版 | ドライブや作業用BGMにもおすすめ,J-Rock Legends,14,0,1,2026-07-18T04:40:18Z,PT2H3M7S,n-Cdc6uyaIQ
作業用BGM 熱い,BREAKERZ – 熱いロックサウンドと心に響く名曲で青春を彩る感動ベストミックス – ドライブや作業用BGMにもおすすめ (完全版),平成ロック魂,3,1,1,2026-07-18T03:51:38Z,PT2H3M16S,e1TQ9NGRozI
作業用BGM 熱い,【作業用BGM】Epic Background Music 戦闘BGM/Battle Egyptian Orchestral Rock『SOLARIS』,Soothing sound Mikan,1480,83,4,2026-07-17T11:31:59Z,PT1H5M15S,MLMHlO7mZmc
作業用BGM 熱い,🥁 和楽器×EDMが熱すぎる！｜Shamisen Fusion Playlist 【作業用BGM】,Midnight Neon Music,51,6,0,2026-07-17T10:00:22Z,PT57M25S,cjh2p43ec4c
作業用BGM 熱い,【作業用BGM】夏に聴きたいメロいソングメドレー ／ GGGe Records｜勉強用・読書用・夏の夕暮れチルポップ #ボカロ,GGGe Records,79,4,0,2026-07-16T12:30:26Z,PT1H15M44S,3vqphLZn7rg
作業用BGM 熱い,【J-Rock】🔥 54分間の熱いアニメ｜女性ボーカルによるオリジナルオープニングソング10曲 Vol.1 🔥,Ryusei Studio | 流星スタジオ,219,2,0,2026-07-16T12:00:15Z,PT54M22S,7-u5p2v63rs
作業用BGM 熱い,熱い戦闘曲！ Heroic Battle FreeBGM / ヒロイックバトル6【作業用BGM・素材】,【著作権フリーBGM】ぷるっと企画チャンネル,51,4,0,2026-07-16T07:00:35Z,PT3M28S,0ofKf1yftAc
作業用BGM 熱い,【作業用BGM】戦闘音楽 Epic Battle Music/Rock Background Music『Sanctis』,Soothing sound Mikan,1795,85,2,2026-07-15T12:45:51Z,PT1H55S,-wb10fs8bPE
作業用BGM 熱い,手拍子が熱いブレリアス 🔥 フィエスタ気分 | Bulerias Fiesta #Shorts,Chill Shorts BGM,3,0,0,2026-07-14T10:30:03Z,PT1M53S,WyNs9zAsYjU
作業用BGM 熱い,ヒロアカ風、熱い戦闘曲！【My Hero Academia style freeBGM】heroic2 battle3 / ヒロイック2バトル3【作業用BGM・素材】,【著作権フリーBGM】ぷるっと企画チャンネル,117,5,0,2026-07-14T07:00:21Z,PT3M2S,XLuStF_p-Ro
作業用BGM 熱い,【想い出の夏とシティポップ】吐息の熱💄大人の失恋1980年代バブル】 #citypop #失恋 #作業用bgm #勉強用bgm #エモい,【Lofi Dreams】,27,2,0,2026-07-13T12:00:21Z,PT4M29S,xZa_S1T1Gfw
作業用BGM 熱い,【ポケモン風BGM】激熱バトル音楽｜作業用・勉強用・ゲーム作業用,ポケモン風BGM,174,2,0,2026-07-12T21:00:39Z,PT57M,5FLkWA9QkwQ
作業用BGM 熱い,【作業用BGM】Neon Glass,エレクシオン,0,0,0,2026-07-12T20:46:41Z,PT3M46S,4wtFddf6lig
作業用BGM 熱い,【架空アニソン】-銀翼のシンギュラリティ-熱すぎる！架空SFアニメサウンドトラック/OPから挿入歌・ラスボス戦・EDまで【作業用BGM】Anime Style Original J-POP Mix,ろくろくさん,812,26,4,2026-07-12T08:43:11Z,PT52M49S,jTtT7wUXkWY
作業用BGM 熱い,【ポケモン風BGM】激熱バトル音楽｜作業用・勉強用・ゲーム作業用,ポケモン風BGM,191,4,0,2026-07-11T21:00:38Z,PT58M13S,eW1SLpSj1cg
作業用BGM 熱い,【FreeBGM】熱い讃美歌ロックソング『A Rose’s Blessing Upon Thy Demise and Rebirth』激しさと神聖さが共存するダークな讃美歌×王道アニソン風J-Rock,【著作権フリーBGM】ぷるっと企画チャンネル,13,2,0,2026-07-11T07:30:11Z,PT52S,9UHhyPY9vFk
作業用BGM 熱い,【FreeBGM】熱い讃美歌ロックソング『A Rose’s Blessing Upon Thy Demise and Rebirth』激しさと神聖さが共存するダークな讃美歌×王道アニソン風J-Rock,【著作権フリーBGM】ぷるっと企画チャンネル,144,6,0,2026-07-11T07:00:35Z,PT4M33S,frSYi1Wh5vQ
作業用BGM 熱い,ジャパレゲ 筋トレBGM🔥重低音×疲れを熱に｜TOKYO PHONK Vol.6621-6640,TOKYO PHONK,1374,31,0,2026-07-10T19:00:32Z,PT1H47M3S,m245Qhko8qE
作業用BGM 熱い,    晩夏の昼、石に残る熱｜作業用BGM・リラックス | Late Summer Ambient,和の余音-Minimal Japanese Soundscape,3,0,0,2026-07-10T12:00:02Z,PT2M56S,vwzqEgaikWw
作業用BGM 熱い,B'z風の熱い王道ハードロックポップスが脳内ループして眠れない件,KLY mail,972,4,0,2026-07-10T11:48:19Z,PT31S,ceIUl332HhM
作業用BGM 熱い,【作業用BGM】Epic Background Music 戦闘BGM/Battle Rock『HIGAN』,Soothing sound Mikan,2318,114,6,2026-07-10T11:33:05Z,PT1H1M5S,uQef803SM9c
作業用BGM 熱い,【作業用BGM / 途中広告なし】心がふっと軽くなる、熱を冷ます時間。ヒーリング・ジャズホップBGM ｜ 60BPM・ハミング,AI.BGM.Studio,168,8,2,2026-07-10T08:00:33Z,PT2H9M9S,5bY4LrXpWc4
作業用BGM 熱い,叫ばなくても熱は冷めない。チル系EDM／D'Muse - 余熱 #チルEDM #アニソンEDM,D'Muse,2,1,0,2026-07-10T07:58:14Z,PT30S,Q-YxafJY94s
作業用BGM 熱い,【作業用BGM】戦闘音楽 Epic Battle Music/Rock Background Music『Thornveil』,Soothing sound Mikan,1824,85,4,2026-07-08T10:47:03Z,PT1H4M44S,JZHk68Qx4Ug
作業用BGM 熱い,【60秒ダイジェスト】涙拭う翼｜切なく熱いスパロボZアレンジ #shorts#スパロボ #スーパーロボット大戦Z #涙拭う翼 #作業用BGM,Catget,63,0,0,2026-07-08T04:15:44Z,PT1M1S,miUmj52B5po
作業用BGM 熱い,『君たちがヒーロー』【フリーソング】激熱アニソン風J-Rockオリジナル曲【疾走・熱い・作業用BGM】#shorts,【著作権フリーBGM】ぷるっと企画チャンネル,299,1,0,2026-07-07T14:00:22Z,PT54S,wv5zYGC9thw
作業用BGM 熱い,『君たちがヒーロー』【フリーソング】激熱アニソン風J-Rockオリジナル曲【疾走・熱い・作業用BGM】,【著作権フリーBGM】ぷるっと企画チャンネル,102,4,2,2026-07-07T13:30:26Z,PT2M54S,bpaBKW6y1IE
作業用BGM 熱い,"【Playlist】熱すぎる！疾走アニソン風プレイリスト / Anime Style Original J-POP, J-ROCK Mix【作業用BGM】【アニメOP風】",ろくろくさん,569,10,1,2026-07-07T11:00:43Z,PT58M33S,JVMlIuaZKJ8
作業用BGM 熱い,ヒロアカ風、熱い戦闘曲！【My Hero Academia style freeBGM】heroic2 battle2 / ヒロイック2バトル2【作業用BGM・素材】#shorts,【著作権フリーBGM】ぷるっと企画チャンネル,200,1,0,2026-07-07T07:30:01Z,PT33S,EoLJ7fEW1C8
作業用BGM 熱い,ヒロアカ風、熱い戦闘曲！【My Hero Academia style freeBGM】heroic2 battle2 / ヒロイック2バトル2【作業用BGM・素材】,【著作権フリーBGM】ぷるっと企画チャンネル,88,3,0,2026-07-07T07:00:34Z,PT1M26S,pusKLfv954c
作業用BGM 熱い,B'z | 最高の名曲と熱いロックバラードを集めた心震えるベストヒットミックス 完全版 ドライブや作業用BGMにもおすすめ,J-Rock Legends,31,1,1,2026-07-07T04:32:05Z,PT2H2M20S,z-q5BcsF5UA
作業用BGM 熱い,【作業用BGM】Epic Background Music 戦闘BGM/Battle Rock『Crimsonraign』,Soothing sound Mikan,1920,93,11,2026-07-06T10:30:34Z,PT1H3M56S,e6mM1X0N_fg
作業用BGM 熱い,フロア揺らせ【作業用BGM】,ASK Sound Studio,97,0,0,2026-07-06T08:00:03Z,PT4M30S,-KLdiIlDjOM
作業用BGM 熱い,【60秒ダイジェスト】Duologue｜儚く熱いスパロボDアレンジ #shorts#shorts #スパロボ #スーパーロボット大戦D #Duologue #作業用BGM,Catget,372,0,0,2026-07-06T00:21:01Z,PT1M1S,Fj-dRKSihgU
作業用BGM 熱い,また帰りたくなる沖縄レゲエ16曲 | ドライブ・作業用BGM,沖縄レゲエ・島風レコード,522,12,0,2026-07-04T10:00:34Z,PT56M22S,akuIv_X2pxU
作業用BGM 熱い,【作業用BGM/ロックマンX】時が経っても、この熱さは色褪せない。人生を駆ける「名曲BGMランキング」TOP20！【カッコイイ・熱い編 / 字幕解説】,ゼックスのロックマンCH,1380,43,43,2026-07-04T09:00:36Z,PT25M10S,_avgngKVMNQ
作業用BGM 熱い,【作業用・勉強用】超絶テンションが上がる激熱アニソンメドレー,私たちのアニメ,25,0,0,2026-07-04T09:00:29Z,PT1H20M1S,Vkjike0D1rg
作業用BGM 熱い,"100%燃え上がる熱いヒップホップレゲエ🔥｜作業用bgm｜筋トレbgm,hip hop,#レゲエ#ジャパレゲ 作業用bgm",Chill&Lo-fi Lounge,1774,35,6,2026-07-03T22:00:14Z,PT1H9M19S,shlcIbl-AQY
作業用BGM 熱い,【作業用BGM】Epic Background Music 戦闘BGM/Battle Rock『IMPULSE』,Soothing sound Mikan,2294,96,6,2026-07-03T10:58:24Z,PT1H4M44S,VHob5t8DFnI
作業用BGM 熱い,【集中力UP】熱い夏、テニス部の青春｜大会まであと少し,放課後カフェのひとりごと,345,15,5,2026-07-01T14:00:26Z,PT36M24S,Z18StYyOlew
作業用BGM 熱い,【フリーBGM】微熱【chill/かわいい/まったり/作業用BGM/配信用】,Relax Sound Mikan,1084,46,0,2026-07-01T11:24:49Z,PT1H16S,FFEm4xDjIFQ
作業用BGM 熱い,ヒロアカ風、熱い戦闘曲！【My Hero Academia style freeBGM】heroic2 battle1 / ヒロイック2バトル1【作業用BGM・素材】 #shorts,【著作権フリーBGM】ぷるっと企画チャンネル,297,3,0,2026-06-30T07:00:30Z,PT43S,KG2z9mMOpWM
作業用BGM 熱い,ヒロアカ風、熱い戦闘曲！【My Hero Academia style freeBGM】heroic2 battle1 / ヒロイック2バトル1【作業用BGM・素材】,【著作権フリーBGM】ぷるっと企画チャンネル,93,3,0,2026-06-30T07:00:00Z,PT1M45S,KccwAwDeCwA
作業用BGM 熱い,6/30(火)【 #雑談】W杯ブラジル戦の熱い振り返り/サンリオキャラクター大賞/THE ONE PIECE楽しみ【 #Vtuber #作業用bgm】,飴桃ねも / amemomonemo,197,49,5,2026-06-30T06:22:03Z,PT3H43M45S,MLl01G4fQVM
作業用BGM 熱い,"愛・家族・絆を歌う胸熱レゲエ×ヒップホップ🔥｜作業用bgm｜筋トレbgm,hip hop,#レゲエ#ジャパレゲ 作業用bgm",Chill&Lo-fi Lounge,4892,100,10,2026-06-29T21:00:23Z,PT1H30M51S,9TKNcik7YUc
作業用BGM 熱い,【作業用BGM】戦闘音楽 Epic Battle Music/Japanese Hybrid Orchestral Rock Background Music『KANNAGI』,Soothing sound Mikan,1518,72,5,2026-06-29T11:36:08Z,PT1H1M13S,SRnPs8gQTqg
作業用BGM 熱い,【FIFA World Cup 2026】熱い夜にそっと心を落ち着かせてくれる邦楽チルポップplaylist,Japan Chill Pop Mix,755,8,2,2026-06-29T11:30:33Z,PT4H16M20S,j-BrJvjRZDc
作業用BGM 熱い,【2026年FIFA World Cup】熱い夜に心を落ち着かせてくれる邦楽チルポップplaylist,Tokyo Chill Pop Max,38,1,0,2026-06-29T11:00:25Z,PT4H18M11S,XAdAmB04z4U
作業用BGM 熱い,【作業用BGM】昭和レトロな宇宙図鑑　ブラックホールから究極の運命「熱的死」まで,万物朗読室〜歴史と睡眠のための音声アーカイブ,168,0,0,2026-06-28T01:59:10Z,PT41M51S,vAW0L6UfurY
作業用BGM 熱い,【胸熱BGM】アニメの主人公になれる疾走感J-ROCK / 全力で駆け抜ける作業用音楽,森の遊び場,3,0,0,2026-06-28T00:00:04Z,PT2H6M7S,qs2CjV96boQ
作業用BGM 熱い,『Requiem for the Phonies』熱いゴスペルロックソング【freeBGM】聖なる銃弾と贖罪の賛歌、アニソン風Gothic Gospel Rock、ゴスペル×王道アニソン風J-Rock,【著作権フリーBGM】ぷるっと企画チャンネル,114,7,0,2026-06-27T14:00:03Z,PT3M45S,fEhh4pKfbrc
作業用BGM 熱い,『Requiem for the Phonies』熱いゴスペルロックソング【freeBGM】聖なる銃弾と贖罪の賛歌、アニソン風Gothic Gospel Rock、ゴスペル×王道アニソン風J-Rock,【著作権フリーBGM】ぷるっと企画チャンネル,247,5,0,2026-06-27T14:00:14Z,PT56S,vOjzto2BP_4
作業用BGM 熱い,【作業用BGM/ロックマンX】エックス・ゼロと共に駆け抜けた、忘れられない「名曲BGMランキング」TOP20！【ヒーロー・ワクワク編 / 字幕解説】,ゼックスのロックマンCH,1749,42,37,2026-06-27T09:00:32Z,PT22M45S,AXwfeGSLg3I
ファンタジー 戦闘 BGM,【作業用BGM】和太鼓×シンセ - 日本アニメ風バトルBGM（Epic Japanese Anime Battle BGM | Taiko Drums x Synth）,Slow Hours Lofi,3,0,0,2026-07-26T14:56:44Z,PT10M1S,bu5moeSVUD4
ファンタジー 戦闘 BGM,『BLAZING SOUL』ダークファンタジー戦闘曲 -【 Kalafina風】【架空アニソン風】【神秘的な女性コーラス】【AI music】,スパイダック MUSIC,21,3,1,2026-07-26T14:30:29Z,PT4M44S,mY5fEm1B5zE
ファンタジー 戦闘 BGM,【フリーBGM】Fortress Breakthrough / 高揚感・突破・戦闘・疾走感・ファンタジー,Neon×Eclipse Music,9,0,0,2026-07-26T14:19:37Z,PT2M39S,FZsUcoXOexk
ファンタジー 戦闘 BGM,バトル1 / Battle1 – Epic War Orchestral Hybrid Arrange（FINAL FANTASY V）,Game Music Revival,917,43,4,2026-07-26T10:00:39Z,PT3M10S,TdoN0gR2jU0
ファンタジー 戦闘 BGM,【砂漠ファンタジーBGM】通常戦闘〜砂漠の戦い【ゲームサントラ風】,AI音楽,50,0,0,2026-07-26T10:00:04Z,PT1M1S,5RRrran_Ih4
ファンタジー 戦闘 BGM,疾走感あふれるケルトロック戦闘BGM｜The Forest's Vanguard【フリーBGM・かっこいい・EpicBattleMusic】,戦闘音楽工房 - Epic Battle Music,122,12,2,2026-07-26T09:00:11Z,PT2M57S,MlgBjmGgr18
ファンタジー 戦闘 BGM,【戦闘曲風アレンジ】竹取飛翔～Lunatic Princess【AI×ラスボス戦】【東方アレンジ】【東方永夜抄】【蓬莱山輝夜のテーマ】,Seagull World,1441,78,4,2026-07-26T08:09:47Z,PT4M8S,hArqVJTufZw
ファンタジー 戦闘 BGM,【フリーBGM】爽快感がカッコいい民族調戦闘曲「Tailwind」,Pikurusu,34,1,0,2026-07-26T03:53:20Z,PT5M33S,D2Pqk4_b37A
ファンタジー 戦闘 BGM,決戦！｜TRPG・D&D用戦闘BGM｜1時間ループ | 途中広告なし,Otherworldly Fantasy Echoes,33,2,1,2026-07-25T11:00:38Z,PT1H1M8S,L0gtwERjT-0
ファンタジー 戦闘 BGM,【フリーBGM】禁断の一手が、世界を壊す。 / One Forbidden Move Broke the World | Epic Dark Fantasy OST,Silent Mod - 壮大ラスボス戦BGM工房,3,0,0,2026-07-25T10:00:24Z,PT3M8S,mmVYqptOrH0
ファンタジー 戦闘 BGM,【フリーBGM】剣の嵐を解き放つ時のBGM | Infinite Blade Overdrive【かっこいい・戦闘・高揚】,BGM Studio Noi,200,9,2,2026-07-25T09:00:25Z,PT3M35S,WYFXUXVBd1E
ファンタジー 戦闘 BGM,【ダークファンタジー×ケルト音楽】禁じられた森の儀式,Ancient Whispers Celtic　~いにしえの囁きをケルトで~,65,3,0,2026-07-25T06:34:43Z,PT43M10S,fQnuBNQtShA
ファンタジー 戦闘 BGM,【幻想BGM】蒼き剣姫の覚醒,火のある世界,0,0,0,2026-07-25T04:33:19Z,PT59M40S,lX0r-W-j6LA
ファンタジー 戦闘 BGM,【ファイナルファンタジー2】戦闘シーン1 電子ピアノで弾いてみた FinalFantasy2,さとしのピアノちゃんねる,6,0,0,2026-07-25T03:57:24Z,PT1M37S,PyqZ8Oy45UY
ファンタジー 戦闘 BGM,【儀式×戦闘ケルト音楽集】古代神を呼び覚ます音,Ancient Whispers Celtic　~いにしえの囁きをケルトで~,406,11,0,2026-07-25T03:20:24Z,PT38M3S,onM2OL90AJM
ファンタジー 戦闘 BGM,黒薔薇と堕天の終焉｜ダークファンタジー・ボス戦闘曲,彩音BGMラボ,1,0,0,2026-07-25T01:00:15Z,PT3M38S,hmgNiWymw-4
ファンタジー 戦闘 BGM,堕天の終焉｜ダークファンタジー最終ボス戦BGM｜Epic Dark Fantasy Battle Music,彩音BGMラボ,99,0,0,2026-07-24T13:54:57Z,PT3M19S,42d17BIaR8w
ファンタジー 戦闘 BGM,駆け出し冒険者の戦い｜王道JRPG戦闘BGM #Shorts,Fantasy Echoes / 空想と癒しの音楽,365,4,1,2026-07-24T12:00:30Z,PT13S,jvV2PEQdB6E
ファンタジー 戦闘 BGM,【作業用BGM】戦闘音楽 Epic Battle Music/ Rock Background Music『Bulwark』,Soothing sound Mikan,835,64,3,2026-07-24T11:48:05Z,PT1H2M14S,adTkseeyQZ0
ファンタジー 戦闘 BGM,【ケルト行進曲】ケルト×マーチ いつでもボス戦モードアレンジ｜作業用BGM・戦闘/Battle BGM・ファンタジー/Fantasy  Music ｜ celtic｜  ミツバチ version,Yggdrasil Sound Fruits | Dark Fantasy Boss BGM,9,0,0,2026-07-24T11:30:39Z,PT43M5S,EqLaejokcfU
ファンタジー 戦闘 BGM,【FF4】ボスより戦闘BGMが気になって集中できない！ #FF4 #レトロゲーム #Shorts,ともゲーチャンネル,1735,6,2,2026-07-24T11:00:31Z,PT35S,Ko7EpwAmuNE
ファンタジー 戦闘 BGM,不意打ち！｜TRPG・D&D用戦闘BGM｜1時間ループ | 途中広告なし,Otherworldly Fantasy Echoes,20,1,1,2026-07-24T11:00:20Z,PT1H1M5S,Dtzw0EuErOU
ファンタジー 戦闘 BGM,【スーファミ】FF4の通常戦闘BGMを乗っ取るずんだもん達/バトル1【ファミずんだ】,しゅーそんじのいまなんじ,13080,1152,128,2026-07-24T11:00:27Z,PT2M2S,mOocR6AtT20
ファンタジー 戦闘 BGM,【フリーBGM】墓場の舞踏会│ゾンビの戦闘曲【エレクトロスウィング/JAZZ/ワルツ】,【フリーBGM】Two Chan【素材】,78,4,0,2026-07-24T10:27:59Z,PT1M50S,sxGoLmAe1TE
ファンタジー 戦闘 BGM,[Playlist] 気分がアガる作業用戦闘BGM,Hareno,434,15,0,2026-07-12T01:58:02Z,PT1H3M38S,IsnQUqw4rOQ
ファンタジー 戦闘 BGM,【作業用BGM】Epic Background Music 戦闘BGM/Battle Rock『Crimsonraign』,Soothing sound Mikan,1920,93,11,2026-07-06T10:30:34Z,PT1H3M56S,e6mM1X0N_fg
ファンタジー 戦闘 BGM,【フリーBGM】FalleN【ダークファンタジー・戦闘・ラスボス】,EigHt,19681,810,51,2026-06-29T10:25:31Z,PT3M56S,ZLPKHFhhWZk
ファンタジー 戦闘 BGM,【フリーBGM】バトルかいし～！【作業用/ケルト/ファンタジー/RPG/ゲーム/戦闘用】,canon music,54,2,0,2026-07-24T09:00:25Z,PT1H31S,WHrJNyxO1ks
ファンタジー 戦闘 BGM,【XFD】ボスラッシュRPG戦闘曲アルバム『16 consecutive attacks』クロスフェード / JRPG Battle Music - Rain Get Key,Rain Get Key,5,2,0,2026-07-23T16:25:44Z,PT7M4S,KuOKaBRzv8Y
ファンタジー 戦闘 BGM,【Royalty-Free BGM】熱くて切ない戦闘曲、和風ダークJ-Rock、アニソン風熱く切ない和風ダークファンタジー６【エモい/妖艶/幻想的】,【著作権フリーBGM】ぷるっと企画チャンネル,24,2,0,2026-07-23T13:30:13Z,PT3M13S,hRPCSGdpuXg
ファンタジー 戦闘 BGM,FF10　ノーマルバトル　ピアノアレンジ（ドラムあり）,†karyuon†,1876,6,0,2026-07-23T12:31:53Z,PT1M43S,IC4n7KBwmoM
ファンタジー 戦闘 BGM,待ち伏せ！｜TRPG・D&D用戦闘BGM｜1時間ループ | 途中広告なし,Otherworldly Fantasy Echoes,22,1,1,2026-07-23T11:00:16Z,PT1H1M29S,mX6YxsWQlvw
ファンタジー 戦闘 BGM,【フリーBGM】神の遺産を奪うのか、人を信じるのか。 | Epic Dark Fantasy OST,Silent Mod - 壮大ラスボス戦BGM工房,7,0,0,2026-07-23T10:00:39Z,PT2M14S,M3JvEEfixTA
ファンタジー 戦闘 BGM,【作業用・戦闘BGM 1時間】蒼き騎士と砂海の巨神｜黄金神殿を駆ける壮大なファンタジー音楽｜Epic Battle Music,Arcathrive,1,0,0,2026-07-23T10:00:17Z,PT59M33S,mwgK66pZLHw
ファンタジー 戦闘 BGM,【RPG好きに刺さる】冒険を彩るBGM｜旅人たちの軌跡【フリーBGM】,戦闘音楽工房 - Epic Battle Music,298,32,0,2026-07-23T09:00:35Z,PT2M45S,Ymmr8L0DEUc
ファンタジー 戦闘 BGM,【オーケストラ戦闘BGM】師弟の決戦｜熱い作業用バトルBGM｜ラスボス・ボス戦,KOUKA Fantasy Music – 光華隊,4,0,0,2026-07-22T14:25:51Z,PT39M34S,gAyntDjA4tA
ファンタジー 戦闘 BGM,【作業用BGM】Epic Background Music 戦闘BGM/Battle Rock『Railshade』,Soothing sound Mikan,2225,117,8,2026-07-22T11:50:26Z,PT1H1M11S,0gbrq8WN9Pw
ファンタジー 戦闘 BGM,【RPGバトルBGM】葬送バトルシリーズ 血月覇獣ヴォルグラズ戦 重厚オーケストラの戦闘メドレー,Battle Music Girls,55,2,3,2026-07-22T11:47:49Z,PT58M37S,SpGp87EbdVE
ファンタジー 戦闘 BGM,【和×ケルト風戦闘BGM】和と洋の魔女が共闘するときのBGM「雹焔の協奏」/The Hailfire Concerto【AI×ラスボス戦】【ファンタジー】,Seagull World,1804,69,3,2026-07-22T10:22:22Z,PT2M4S,uXB63zlQLIE
ファンタジー 戦闘 BGM,【作業用・戦闘BGM 1時間】蒼き騎士と紅蓮の竜｜蒼と紅が激突する壮大なファンタジー戦記｜Epic Battle Music,Arcathrive,0,0,0,2026-07-22T10:00:32Z,PT59M57S,UzauOWusHX0
ファンタジー 戦闘 BGM,【戦闘BGM】神が見捨てた聖女に悪魔だけが手を差し伸べる｜BLUE ROSE HERESY -黒き祝福に染まる聖女-【フリーBGM・ゴシック・ダーク・かっこいい・作業用・ゲーム実況】,Rhymix Studio,108,8,0,2026-07-22T08:00:08Z,PT4M30S,JfWBUHquDiY
ファンタジー 戦闘 BGM,【Evalice Saga】魔族四公バトルBGM【エヴァリースサガ】,ぎっちょん,33,0,0,2026-07-22T06:27:49Z,PT3M48S,KRo3IAZOWFs
ファンタジー 戦闘 BGM,#6 FFの戦闘BGMを使用できる稀有なゲーム　難易度HARD【ファンタジアン ネオ ディメンジョン】PS5版,Nature夜隅,36,0,0,2026-07-21T14:42:50Z,PT3H15M10S,_wjTs3ff_mI
ファンタジー 戦闘 BGM,"【フリーBGM】封印の底で、神が目を開く。 | Deep Beneath the Seal, the God Opens Its Eyes |Epic Dark Fantasy OST",Silent Mod - 壮大ラスボス戦BGM工房,184,0,0,2026-07-21T10:30:17Z,PT1M13S,X_WQGHWRruU
ファンタジー 戦闘 BGM,【作業用・戦闘BGM 1時間】蒼き騎士の凱旋｜勝利へ駆ける壮大なオーケストラ戦記｜Epic Fantasy Music,Arcathrive,0,0,0,2026-07-21T10:23:03Z,PT1H4S,BWHsS8Pfw0w
ファンタジー 戦闘 BGM,【フリーBGM】深海神殿の覚醒 | Awakening of the Abyssal Temple | Epic Dark Fantasy OST,Silent Mod - 壮大ラスボス戦BGM工房,9,1,1,2026-07-21T10:00:22Z,PT3M14S,HE0TvYMK6zA
ファンタジー 戦闘 BGM,ヒロアカ風、熱い戦闘曲！【My Hero Academia style freeBGM】heroic2 battle4 / ヒロイック2バトル4【作業用BGM・素材】,【著作権フリーBGM】ぷるっと企画チャンネル,107,3,0,2026-07-21T07:00:04Z,PT3M8S,-0MS0V2tvec
ファンタジー 戦闘 BGM,【フリーBGM】ghost dance│ノリノリ幽霊の戦闘BGM【ジャズ/スウィング/ダーク】JAZZ/swing/dance music,【フリーBGM】Two Chan【素材】,113,8,0,2026-07-21T06:00:28Z,PT2M23S,DotsbkWeOyQ
ファンタジー 戦闘 BGM,BROKEN BLADE ⚔️和風戦闘曲 Epic Samurai Music,Miyora Studio,30,2,0,2026-07-21T00:00:08Z,PT45M10S,Q5m2-ZpIQ6s
ファンタジー 戦闘 BGM,【作業用BGM】Epic Background Music 戦闘BGM/Hybrid Orchestral Battle　Rock『Voltaris』,Soothing sound Mikan,1297,73,6,2026-07-20T12:20:27Z,PT1H2M3S,N1FKPVHk6i0
ファンタジー 戦闘 BGM,滝の修練僧 ｜ Samurai Focus Beats (和風戦闘BGM),Bushido Ignite,28,0,0,2026-07-20T11:00:28Z,PT1H6M32S,AD-fD3ttkz0
ファンタジー 戦闘 BGM,FF7リバース 通常戦闘曲メドレー｜エリア戦闘BGMまとめ【作業用BGM】,とっぴーのゲーム日記,100,9,3,2026-07-20T05:00:11Z,PT30M34S,hHb4Y7S8rRk
ファンタジー 戦闘 BGM,【FGO】Oriflamme of Dawn｜ジャンヌ・ダルク〔ルーラー〕作業用BGM・戦闘BGM【インストゥルメンタル】,pinpuku,248,4,1,2026-07-20T03:00:33Z,PT15M29S,7ASCOaqTNcM
ファンタジー 戦闘 BGM,【フリーBGM】『幻妖のゴシック』｜メルヘン｜ミステリアス｜戦闘,ナナシのゴシック! ,1128,85,24,2026-07-19T12:17:14Z,PT2M42S,FMncOlMvxLI
ファンタジー 戦闘 BGM,冒険・戦闘・感動のオリジナルサウンドトラック#shorts #music #ファンタジー #BGM,夢を紡ぐ音色-Dreamwoven Melodies-,211,0,0,2026-07-19T09:29:24Z,PT41S,LEXxwSF4xns
ファンタジー 戦闘 BGM,99%勝てない敵に立ち向かう時のBGM【戦闘曲／作業用BGM／アニソン／ラスボス戦／フリーBGM】,うたの-音楽工房【FreeMusic】,224,11,0,2026-07-19T08:37:35Z,PT4M17S,qY5wc9WcEmc
ファンタジー 戦闘 BGM,【アレンジ曲】FF5 / Battle 2 -通常ボス戦闘曲-【ゲーム音楽】,うみにょのゲームちゃんねる,21,0,0,2026-07-19T00:50:11Z,PT3M15S,24LPWUK8NtI
ファンタジー 戦闘 BGM,【作業用BGM／1時間】戦闘モードに入る疾走系JRPGバトルメドレー｜YutoRhythm Battle Mode Vol.2,ゆとリズム yuto-rhythm,142,4,0,2026-07-18T13:00:34Z,PT1H31S,Ai7fB6AJ1Yc
ファンタジー 戦闘 BGM,【1時間】戦闘曲BGM/SRPG/RPG/ゲーム/オーケストラ/Epic Orchestral Battle Music - Arcadia,Sacred Orchestra,4,0,0,2026-07-18T12:01:32Z,PT1H3M45S,X0sofPmWmzo
ファンタジー 戦闘 BGM,【作業用ファンタジーBGM】駆け出し冒険者の戦い - 王道JRPG戦闘曲集【戦闘BGM】,Fantasy Echoes / 空想と癒しの音楽,86,8,1,2026-07-18T10:00:28Z,PT1H4M58S,_tWo6lZg0XE
ファンタジー 戦闘 BGM,【フリーBGM】深海の神 - 深淵の守護者 - | Deep Sea God - Guardian of the Abyss  | Epic Dark Fantasy OST,Silent Mod - 壮大ラスボス戦BGM工房,11,0,1,2026-07-18T10:00:09Z,PT3M19S,RlMos9jt67M
ファンタジー 戦闘 BGM,【異世界ケルトBGM】対決【作業用BGM・リラックスBGM・睡眠用BGM・勉強用BGM】,FantaSy Celtic BGM,68,2,0,2026-07-18T09:00:10Z,PT1H33M44S,jV_YPmtvZqQ
ファンタジー 戦闘 BGM,小さな絵本RPG戦闘BGM,まぁやチャンネル,177,1,0,2026-07-18T07:33:29Z,PT26S,RMD_ZyeKBpM
ファンタジー 戦闘 BGM,【フリーBGM】Counter Fate【戦闘曲】【TRPG】,沙倉はるかのpop'n'BGM,127,7,3,2026-07-17T13:51:28Z,PT2M59S,_W3q5Y369NY
ファンタジー 戦闘 BGM,【ダークファンタジー風アレンジ】VS赤魔寝鬼 白古魔【妖怪ウォッチBGM】,みずとの音楽研究所,1788,68,3,2026-07-17T12:00:19Z,PT2M33S,x3gykRS2PbM
ファンタジー 戦闘 BGM,【作業用BGM】Epic Background Music 戦闘BGM/Battle Egyptian Orchestral Rock『SOLARIS』,Soothing sound Mikan,1480,83,4,2026-07-17T11:31:59Z,PT1H5M15S,MLMHlO7mZmc
ファンタジー 戦闘 BGM,【ケルト行進曲】ケルト×マーチ いつでもボス戦モードアレンジ｜作業用BGM・戦闘/Battle BGM・ファンタジー/Fantasy  Music ｜ celtic｜  クマノミ version,Yggdrasil Sound Fruits | Dark Fantasy Boss BGM,5,0,0,2026-07-17T11:30:36Z,PT35M45S,6o3j19gh6HY
ファンタジー 戦闘 BGM,Final Fantasy V - Battle 1 Fingerstyle Guitar Cover / FF5 バトル1 ソロギター,Yukaギターチャンネル,4080,152,60,2026-07-17T10:36:35Z,PT1M16S,5QpMO2oVnus
ファンタジー 戦闘 BGM,【フリーBGM】Henok Magik | 中世ファンタジー戦闘曲,Hareno,212,15,0,2026-07-17T10:00:19Z,PT2M25S,HhbhlYC1Olo
ファンタジー 戦闘 BGM,【戦闘BGM】黒薔薇が咲くたび死者が目を覚ます｜GOTHIC OF THE DEAD -死者に咲く黒薔薇-【フリーBGM・ゴシック・ダーク・かっこいい・作業用・ゲーム実況】,Rhymix Studio,173,15,2,2026-07-17T08:00:22Z,PT3M57S,fJiR41fEHck
ファンタジー 戦闘 BGM,【ケルト風戦闘曲】 魔剣 DÁINSLEIF（ダインスレイブ） ― The Last Banquet ―｜神すら恐れた呪われし魔剣,こころに届く歌 – 千音 / Songs That Touch Your Heart – Senne,157,11,1,2026-07-16T12:00:29Z,PT4M15S,P8ws-4SDaxQ
ファンタジー 戦闘 BGM,第1話：庭園を守る魔女 【副題：フリーBGMを作っていたらRPGゲームができてしまった『Garden Shower』】,小松崎拓美の創作工房,20,2,0,2026-07-16T10:10:42Z,PT4M59S,61X-CUEceYw
ファンタジー 戦闘 BGM,【Epic Battle BGM / Japanese Dark Fantasy】微熱｜Emotional Symphonic Rock with Piano・少しずつ心を奮い立たせる戦闘BGM,藤苑テラリウム,115,3,1,2026-07-16T09:00:29Z,PT4M35S,01dRVj-Tylw
ファンタジー 戦闘 BGM,Epic Japanese Samurai Battle Music | Dark Fantasy Boss Fight | 1 Hour BGM【妖怪討伐】,LUGAZURA,22,2,3,2026-07-16T02:42:56Z,PT1H2M20S,AgHzPox8TCg
ファンタジー 戦闘 BGM,【作業用BGM】戦闘音楽 Epic Battle Music/Rock Background Music『Sanctis』,Soothing sound Mikan,1795,85,2,2026-07-15T12:45:51Z,PT1H55S,-wb10fs8bPE
ファンタジー 戦闘 BGM,【フリーBGM】TRPG配信に使える戦闘シーンBGM集「勝利への第一歩」ほか14曲｜商用利用可・作業用【1時間】,けろち,28,0,0,2026-07-15T12:00:26Z,PT53M29S,XmwsOuAq9xc
ファンタジー 戦闘 BGM,【作業用BGM】異形なる簒奪者 ボスラッシュメドレー【ラスボス戦/戦闘BGM/ダークファンタジー/モンスト/悪役/ロック/轟絶】BGMアレンジ　轟絶BGM　モンスト,クェルボ公爵,64,1,1,2026-07-15T08:00:29Z,PT1H8M48S,cWTSlEa0UZU
ファンタジー 戦闘 BGM,アニメ戦闘曲【Epic symphonic rock freeBGM】AnimeBattle BGM / アニメバトル6【作業用BGM・素材】,【著作権フリーBGM】ぷるっと企画チャンネル,50,4,0,2026-07-15T07:00:02Z,PT2M34S,DA8h9JEmkDQ
ファンタジー 戦闘 BGM,【作業用】異世界に没入しながら集中できるRPG戦闘BGM｜ロック・サウンド｜1時間,ししがみかつおの戦闘BGM倉庫,129,3,0,2026-07-14T11:00:37Z,PT1H1M6S,oxEoiQPAL5k
ファンタジー 戦闘 BGM,【ケルト風戦闘BGM】悪役令嬢が世界に立ち向かうときのBGM「彼女の正義」/The Justice She Believes In【AI×ラスボス戦】【ダークファンタジー】,Seagull World,2404,64,6,2026-07-14T09:42:46Z,PT3M19S,ECTIcq-jDng
ファンタジー 戦闘 BGM,【Epic Japanese Rock Battle BGM】宵神楽 -Crimson Dream Prelude- ｜ 夏祭り×祭囃子×和風ダークファンタジー、ギターとピアノが紡ぐ幻想戦闘曲,藤苑テラリウム,148,10,0,2026-07-14T09:00:07Z,PT4M5S,HloEjfs1mLA
ファンタジー 戦闘 BGM,【BGM】虚飾なる道化 - 異形なる簒奪者 #ダーク #ダークファンタジー #ラスボス #戦闘 #ボス戦 #悪役 #轟絶 #ピエロ #道化師 #カーニバル#BGMアレンジ #モンスト #shorts,クェルボ公爵,315,3,1,2026-07-14T08:00:12Z,PT57S,NnwyJFEy2pQ
ファンタジー 戦闘 BGM,【BGM】虚飾なる道化 - 異形なる簒奪者【ダーク/ダークファンタジー/ラスボス/戦闘/ボス戦/モンスト/悪役/サーカス/轟絶/ピエロ/道化師/カーニバル】BGMアレンジ　轟絶BGM　モンスト,クェルボ公爵,111,7,1,2026-07-14T08:00:22Z,PT2M8S,z_cqTqvGF9Q
ファンタジー 戦闘 BGM,ヒロアカ風、熱い戦闘曲！【My Hero Academia style freeBGM】heroic2 battle3 / ヒロイック2バトル3【作業用BGM・素材】,【著作権フリーBGM】ぷるっと企画チャンネル,117,5,0,2026-07-14T07:00:21Z,PT3M2S,XLuStF_p-Ro
ファンタジー 戦闘 BGM,【作業用BGM】Epic Background Music 戦闘BGM/Battle Celtic Symphonic Rock『Pulver』,Soothing sound Mikan,977,57,3,2026-07-13T11:12:42Z,PT1H7M18S,X0BtlAa4XRM
ファンタジー 戦闘 BGM,【フリーBGM】終焉の女王に立ち向かう時のBGM | Queen of the Ruined Kingdom【かっこいい・戦闘・Rock】,BGM Studio Noi,423,14,4,2026-07-13T09:00:03Z,PT4M29S,3sA0jX3awGw
ファンタジー 戦闘 BGM,【フリーBGM】 - 運命共同体 - 【疾走感／和風／戦闘】,コンポツ,17,1,1,2026-07-13T08:30:00Z,PT3M5S,vVD2zbicNEU
ファンタジー 戦闘 BGM,【BGM】強欲なる収奪 - 異形なる簒奪者 #ダーク #ダークファンタジー#ラスボス #戦闘 #ボス戦 #民族音楽 #悪役 #WorldFusion #蛇 #財宝 #轟絶 #モンスト#shorts,クェルボ公爵,373,3,1,2026-07-13T08:00:34Z,PT59S,qZzIBxOGTqg
ファンタジー 戦闘 BGM,【BGM】強欲なる収奪 - 異形なる簒奪者【ダーク/ダークファンタジー/ラスボス/戦闘/ボス戦/民族音楽/モンスト/悪役/WorldFusion/轟絶/蛇/財宝】BGMアレンジ　轟絶BGM　モンスト,クェルボ公爵,92,1,1,2026-07-13T08:00:27Z,PT3M4S,esjaiGGTD3o
ファンタジー 戦闘 BGM,【フリーBGM】最期の審判│天使・悪魔ボスの戦闘曲【エレクトロスウィング/おしゃれ/ゴシック/JAZZ】,【フリーBGM】Two Chan【素材】,107,5,0,2026-07-13T03:00:46Z,PT2M33S,EtWm-f4-j_w
ファンタジー 戦闘 BGM,重厚な戦闘曲【フリーBGM】dark orchestral BGM / Force of Darkness_2【作業用BGM・素材】 #shorts,【著作権フリーBGM】ぷるっと企画チャンネル,25,2,0,2026-07-12T14:00:14Z,PT30S,m-MYiYLHe9E
ファンタジー 戦闘 BGM,重厚な戦闘曲【フリーBGM】dark orchestral BGM / Force of Darkness_2【作業用BGM・素材】,【著作権フリーBGM】ぷるっと企画チャンネル,77,2,0,2026-07-12T13:30:03Z,PT2M58S,BHqGUcMXCdQ
ファンタジー 戦闘 BGM,【フリーBGM】『斧槍のゴシック』｜戦闘｜壮大｜ファンタジー,ナナシのゴシック! ,1342,78,12,2026-07-12T09:00:01Z,PT2M58S,CWQpURzXC3o
ファンタジー 戦闘 BGM,"🪄運命に抗う魔法少女のBGM |「魔法少女ジャンヌ」ジャズ,ピアノ,クラシック,戦闘 -作業用BGM (Royalty Free Music)",魔法少女BGMプロジェクト,116,7,0,2026-07-12T09:00:13Z,PT2M42S,sLZ2roFkPf0
ファンタジー 戦闘 BGM,【フリーBGM】雷・電気を操るボスの戦闘曲ver.2【EDM/ロック/Battle】,【フリーBGM】Two Chan【素材】,69,2,0,2026-07-12T07:00:15Z,PT2M19S,GdFgXWehpc8
ファンタジー 戦闘 BGM,Dark Fantasy BGM Vol.1｜ダークファンタジー 作業用・戦闘・探索 BGM,Oto Archive,17,0,0,2026-07-12T05:02:42Z,PT47M14S,noAAobnROAY
ファンタジー 戦闘 BGM,#shorts 『REVIVE BLAZE』ダークファンタジー戦闘曲 -【 Kalafina風】【架空アニソン風】【神秘的な女性コーラス】#aimusic #オリジナル曲 #AnimeSong,スパイダック MUSIC,222,1,0,2026-07-11T16:57:06Z,PT41S,pNpID6Mz6C0
ファンタジー 戦闘 BGM,120.和風ロック戦闘曲,ジュラのワークショップ,60,2,1,2026-07-11T16:40:43Z,PT27M13S,BRnv615plzI
ファンタジー 戦闘 BGM,『REVIVE BLAZE』ダークファンタジー戦闘曲 -【 Kalafina風】【架空アニソン風】【神秘的な女性コーラス】【AI music】,スパイダック MUSIC,565,16,1,2026-07-11T16:06:35Z,PT4M48S,csvquj24qH4
ファンタジー 戦闘 BGM,【フリーBGM】神の領域に挑むダークファンタジーボス戦BGM集,dark_tone,620,35,1,2026-07-11T12:00:36Z,PT37M22S,u9J-DGZ5OAY
戦闘BGM 疾走感,【フリーBGM】Fortress Breakthrough / 高揚感・突破・戦闘・疾走感・ファンタジー,Neon×Eclipse Music,9,0,0,2026-07-26T14:19:37Z,PT2M39S,FZsUcoXOexk
戦闘BGM 疾走感,疾走感あふれるケルトロック戦闘BGM｜The Forest's Vanguard【フリーBGM・かっこいい・EpicBattleMusic】,戦闘音楽工房 - Epic Battle Music,122,12,2,2026-07-26T09:00:11Z,PT2M57S,MlgBjmGgr18
戦闘BGM 疾走感,【フリーBGM・歌あり】疾走感あふれる和風ロック「蒼の月」｜戦闘・ゲーム・映像向け｜商用利用可,NEXUS_MATERIAL 【フリーBGM･音源素材】,25,2,1,2026-07-25T22:59:29Z,PT3M7S,nT34Jb0SiC4
戦闘BGM 疾走感,Win the War Within ⚔️ WAR WITHIN | Epic Samurai Battle BGM | Boss Fights,Rushblade Tokyo - Japanese Battle Music,10,2,1,2026-07-25T22:00:02Z,PT49M33S,7_gX30GjJqc
戦闘BGM 疾走感,【Royalty-Free BGM】歌あり戦闘曲 persona 5 style gaming bgm 3 『Flames of Rebellion』/ Acid jazz /ペルソナ5風BGM,【著作権フリーBGM】ぷるっと企画チャンネル,102,9,0,2026-07-25T14:00:35Z,PT4M38S,R_btSIF6oC4
戦闘BGM 疾走感,Unleash the Dragon Within ⚔️ DRAGON'S WRATH | Epic Samurai Battle BGM | Boss Fights & Soulslike,Rushblade Tokyo - Japanese Battle Music,6,1,1,2026-07-24T22:00:00Z,PT43M38S,PFAoLqHT-R8
戦闘BGM 疾走感,【作業用BGM】戦闘音楽 Epic Battle Music/ Rock Background Music『Bulwark』,Soothing sound Mikan,835,64,3,2026-07-24T11:48:05Z,PT1H2M14S,adTkseeyQZ0
戦闘BGM 疾走感,Walk the Warpath ⚔️ WARPATH | Epic Samurai Battle BGM | Boss Fights & Soulslike,Rushblade Tokyo - Japanese Battle Music,18,3,1,2026-07-23T22:00:27Z,PT46M59S,6WBijcRcTn8
戦闘BGM 疾走感,【Royalty-Free BGM】熱くて切ない戦闘曲、和風ダークJ-Rock、アニソン風熱く切ない和風ダークファンタジー６【エモい/妖艶/幻想的】,【著作権フリーBGM】ぷるっと企画チャンネル,24,2,0,2026-07-23T13:30:13Z,PT3M13S,hRPCSGdpuXg
戦闘BGM 疾走感,【作業用BGM】テンション爆上がり！ゲームBGMノンストップメドレー【36曲】,LUDIX -ゲーム名曲MAD製作所-,20,9,3,2026-07-23T09:00:10Z,PT14M8S,qEuJaNwXrTc
戦闘BGM 疾走感,【有料BGM素材】Quantum Reflection｜疾走感あるエレクトロ戦闘BGM｜透明感/綺麗【ロイヤリティフリーBGM】,Prismatic Tone,631,40,2,2026-07-23T08:00:00Z,PT3M18S,M19TrL5iCno
戦闘BGM 疾走感,【フリーBGM・歌あり】和の旋律×激しいギターの和風ロック「桜隠し」｜戦闘・ゲーム向け｜商用利用可,NEXUS_MATERIAL 【フリーBGM･音源素材】,88,4,1,2026-07-23T01:03:33Z,PT3M26S,ZhfciaK4J8k
戦闘BGM 疾走感,"Never Stop, Never Break ⚔️ RELENTLESS | Epic Samurai Battle BGM | Boss Fights & Soulslike",Rushblade Tokyo - Japanese Battle Music,24,1,1,2026-07-22T22:00:00Z,PT41M46S,ny_dWR7588M
戦闘BGM 疾走感,【作業用BGM】Epic Background Music 戦闘BGM/Battle Rock『Railshade』,Soothing sound Mikan,2225,117,8,2026-07-22T11:50:26Z,PT1H1M11S,0gbrq8WN9Pw
戦闘BGM 疾走感,【フリーBGM / Free BGM】Mythical beast【戦闘・かっこいい・疾走感 / Battle・Epic ・Fast-paced】#shorts #FreeBGM #GameMusic,柴田隼斗,10,0,0,2026-07-22T11:00:37Z,PT18S,Iumy1OG5Je0
戦闘BGM 疾走感,【作業用・戦闘BGM 1時間】蒼き騎士と紅蓮の竜｜蒼と紅が激突する壮大なファンタジー戦記｜Epic Battle Music,Arcathrive,0,0,0,2026-07-22T10:00:32Z,PT59M57S,UzauOWusHX0
戦闘BGM 疾走感,Strike From the Shadows ⚔️ SHADOW STRIKE | Epic Samurai Battle BGM | Boss Fights & Soulslike,Rushblade Tokyo - Japanese Battle Music,7,1,1,2026-07-21T22:00:15Z,PT45M4S,xCzzV1GjEkg
戦闘BGM 疾走感,【フリーBGM】Anima Gear: 反乱分子 | 戦闘・アートコア・疾走感,Hareno,260,22,1,2026-07-21T10:00:15Z,PT2M38S,PWCb1NGhhLo
戦闘BGM 疾走感,ヒロアカ風、熱い戦闘曲！【My Hero Academia style freeBGM】heroic2 battle4 / ヒロイック2バトル4【作業用BGM・素材】,【著作権フリーBGM】ぷるっと企画チャンネル,107,3,0,2026-07-21T07:00:04Z,PT3M8S,-0MS0V2tvec
戦闘BGM 疾走感,Break Me a Thousand Times ⚔️ UNBROKEN | Epic Samurai Battle BGM | Boss Fights & Soulslike,Rushblade Tokyo - Japanese Battle Music,28,3,1,2026-07-20T22:00:30Z,PT46M45S,Gll7U-pFFGw
戦闘BGM 疾走感,【作業用BGM】Epic Background Music 戦闘BGM/Hybrid Orchestral Battle　Rock『Voltaris』,Soothing sound Mikan,1297,73,6,2026-07-20T12:20:27Z,PT1H2M3S,N1FKPVHk6i0
戦闘BGM 疾走感,【疾走感抜群】激闘シーンで盛り上がる戦闘曲｜Azure Gale【フリーBGM・かっこいい・EpicBattleMusic】,戦闘音楽工房 - Epic Battle Music,1397,75,6,2026-07-20T09:00:11Z,PT3M31S,Xhl1--EFU2s
戦闘BGM 疾走感,Face the Goddess of Death ⚔️ IZANAMI | Epic Samurai Battle BGM | Boss Fights & Soulslike,Rushblade Tokyo - Japanese Battle Music,104,2,1,2026-07-19T22:00:14Z,PT47M47S,kejMuRNOqG8
戦闘BGM 疾走感,【Playlist】闇を撃ち抜け。アニソン風 Dark Pop × 疾走感｜作業用BGM,Dark Sugar Melody,857,25,2,2026-07-19T11:00:22Z,PT1H7M36S,V57MidibLUs
戦闘BGM 疾走感,【フリーBGM】ガトリングレッド【Gatling Red】疾走感 かっこいい Jazzy 戦闘曲,P.P.K.のにゃんこラボ,138,8,6,2026-06-28T17:58:58Z,PT2M54S,dkMuued67Hg
戦闘BGM 疾走感,【フリーBGM】ゲームミュージック#211　VGM,AI音楽,61,0,0,2026-07-19T09:31:04Z,PT3M12S,ID0ubXr2GME
戦闘BGM 疾走感,【フリーBGM】ゲームミュージック#209　VGM,AI音楽,20,1,0,2026-07-19T09:29:03Z,PT1M53S,8AqEPbXdTv8
戦闘BGM 疾走感,【フリーBGM】ゲームミュージック#210　VGM,AI音楽,10,0,0,2026-07-19T09:30:10Z,PT2M,hKEZvSyrIuw
戦闘BGM 疾走感,【フリーBGM】ゲームミュージック#207　VGM,AI音楽,20,0,0,2026-07-19T09:27:01Z,PT2M5S,6VnV5SCK0vg
戦闘BGM 疾走感,【フリーBGM】ゲームミュージック#208　VGM,AI音楽,10,0,0,2026-07-19T09:28:16Z,PT3M4S,GZS41Xw_0Co
戦闘BGM 疾走感,【フリーBGM】ゲームミュージック#206　VGM,AI音楽,10,0,0,2026-07-19T09:25:53Z,PT2M35S,Xpkm_0BiheE
戦闘BGM 疾走感,【フリーBGM】ゲームミュージック#205　VGM,AI音楽,26,1,0,2026-07-19T09:24:56Z,PT2M46S,JnAQYJOhOYE
戦闘BGM 疾走感,【フリーBGM】ゲームミュージック#203　VGM,AI音楽,15,0,0,2026-07-19T09:22:46Z,PT2M55S,xM-REMr4UCw
戦闘BGM 疾走感,【フリーBGM】ゲームミュージック#204　VGM,AI音楽,8,0,0,2026-07-19T09:23:41Z,PT2M52S,kWZ11XdA2Pc
戦闘BGM 疾走感,【フリーBGM】ゲームミュージック#202　VGM,AI音楽,4,0,0,2026-07-19T09:21:16Z,PT3M5S,4c8Vtv9H4Rs
戦闘BGM 疾走感,【フリーBGM】ゲームミュージック#201　VGM,AI音楽,22,0,0,2026-07-19T09:19:31Z,PT2M27S,7ATt4T5FXRI
戦闘BGM 疾走感,Rage Without a Sound ⚔️ SILENT FURY | Epic Samurai Battle BGM | Boss Fights & Soulslike,Rushblade Tokyo - Japanese Battle Music,45,1,1,2026-07-18T22:00:27Z,PT50M53S,bAs5cdWUWds
戦闘BGM 疾走感,【作業用BGM／1時間】戦闘モードに入る疾走系JRPGバトルメドレー｜YutoRhythm Battle Mode Vol.2,ゆとリズム yuto-rhythm,142,4,0,2026-07-18T13:00:34Z,PT1H31S,Ai7fB6AJ1Yc
戦闘BGM 疾走感,【作業用BGM】理（コトワリ）を燃やせ。―― 魂を揺さぶる叙事詩的ゴシック・サウンド全10曲,スフィア,23,1,0,2026-07-18T01:02:57Z,PT1H13M35S,vYoKzLihsaQ
戦闘BGM 疾走感,Stare Death in the Eye ⚔️ FEAR NOTHING | Epic Samurai Battle BGM | Boss Fights & Soulslike,Rushblade Tokyo - Japanese Battle Music,145,4,0,2026-07-17T22:00:09Z,PT45M11S,x1E8KZE0fM8
戦闘BGM 疾走感,砂漠風の戦闘BGM,naniittenno,12,3,4,2026-07-17T15:04:48Z,PT1M32S,1c5Nrs7WVr4
戦闘BGM 疾走感,【作業用BGM】Epic Background Music 戦闘BGM/Battle Egyptian Orchestral Rock『SOLARIS』,Soothing sound Mikan,1480,83,4,2026-07-17T11:31:59Z,PT1H5M15S,MLMHlO7mZmc
戦闘BGM 疾走感,【フリーBGM / Free BGM】Rivalry【RPG・戦闘・かっこいい・疾走感 / Battle・Epic 】#フリーBGM #FreeBGM #RoyaltyFreeMusic,柴田隼斗,103,5,0,2026-07-17T11:00:31Z,PT2M5S,gTvm-mJI5UU
戦闘BGM 疾走感,Overcurrent-Battle Theme-,izuna,19,0,0,2026-07-17T09:30:31Z,PT5M4S,UzqZcW7AzpY
戦闘BGM 疾走感,Leave Nothing Standing ⚔️ NO MERCY | Epic Samurai Battle BGM | Boss Fights & Soulslike,Rushblade Tokyo - Japanese Battle Music,91,3,1,2026-07-16T22:00:24Z,PT43M17S,le9UidTERtI
戦闘BGM 疾走感,【フリーBGM】秩序が崩壊した世界の中で「No Man's Land」【戦闘BGM／かっこいい／疾走感】,ルメリアの旋律,109,4,0,2026-07-16T09:00:05Z,PT2M9S,WgwjoDwT8Hc
戦闘BGM 疾走感,熱い戦闘曲！ Heroic Battle FreeBGM / ヒロイックバトル6【作業用BGM・素材】,【著作権フリーBGM】ぷるっと企画チャンネル,51,4,0,2026-07-16T07:00:35Z,PT3M28S,0ofKf1yftAc
戦闘BGM 疾走感,Epic Japanese Battle Music | Japanese Rock Instrumental | NINJA Style | 疾走感あふれる和風ロックバトルBGM｜和楽器インスト,Epic Japanese Music,39,2,1,2026-07-16T05:26:56Z,PT1H10S,3pUCXVvP84w
戦闘BGM 疾走感,Command the Storm ⚔️ TENJIN | Epic Samurai Battle BGM | Boss Fights & Soulslike,Rushblade Tokyo - Japanese Battle Music,71,1,0,2026-07-15T22:00:02Z,PT45M3S,Nqf8aFwwDgA
戦闘BGM 疾走感,【作業用BGM】戦闘音楽 Epic Battle Music/Rock Background Music『Sanctis』,Soothing sound Mikan,1795,85,2,2026-07-15T12:45:51Z,PT1H55S,-wb10fs8bPE
戦闘BGM 疾走感,【スーファミ風 フリーBGM】疾走感マシマシのロックな戦闘曲 | SNES Royalty Free Music,ノザワ音楽工房 | レトロゲーム風 フリーBGM,105,2,0,2026-07-15T12:00:35Z,PT3M2S,4aqQn10j1z4
戦闘BGM 疾走感,【勝利のためだけに】DARK KNIGHT サイバーVer.／疾走サイバートランスアレンジ（アクセル・アルマー）【無限のフロンティアEXCEED】,スパロボ楽曲アレンジch【孤狼スタジオ】,2285,48,8,2026-07-15T06:00:30Z,PT4M2S,wt5KsqSql4g
戦闘BGM 疾走感,Defy Death Itself ⚔️ IZANAGI | Epic Samurai Battle BGM | Boss Fights & Soulslike,Rushblade Tokyo - Japanese Battle Music,51,1,0,2026-07-14T22:00:17Z,PT43M43S,YPc9_kg3rGw
戦闘BGM 疾走感,【作業用BGM】【Over world Breaker】High-Tempo RPG Battle Rock Mix #battlemusic,Orangeright,84,3,0,2026-07-14T12:37:06Z,PT1H35M34S,xW_FBvhRoKo
戦闘BGM 疾走感,ヒロアカ風、熱い戦闘曲！【My Hero Academia style freeBGM】heroic2 battle3 / ヒロイック2バトル3【作業用BGM・素材】,【著作権フリーBGM】ぷるっと企画チャンネル,117,5,0,2026-07-14T07:00:21Z,PT3M2S,XLuStF_p-Ro
戦闘BGM 疾走感,Unleash the God of Fire ⚔️ KAGUTSUCHI | Epic Samurai Battle BGM | Boss Fights & Soulslike,Rushblade Tokyo - Japanese Battle Music,97,3,0,2026-07-13T22:00:22Z,PT41M3S,QREpANePg0w
戦闘BGM 疾走感,炎の向こうへ、立ち上がれ。#戦闘BGM #アニメロック #エピック音楽 #燃える曲 #ゲームBGM#バトルミュージック #熱い曲 #燃える曲 #かっこいい曲 #テンションが上がる曲 #疾走感,Luna Quiet BGM,71,1,0,2026-07-13T12:15:19Z,PT31S,CmE1Mv2v-gw
戦闘BGM 疾走感,【和風Rock】スタイリッシュな戦闘曲！「再戦 - RETRY -」｜戦闘・疾走感・かっこいい・和ロック・歌あり・フリーBGM【JapaneseRock】,【和Rock】Enjoy the sound,140,5,1,2026-07-13T12:00:04Z,PT3M50S,sQjtiDsDbGQ
戦闘BGM 疾走感,【作業用BGM】Epic Background Music 戦闘BGM/Battle Celtic Symphonic Rock『Pulver』,Soothing sound Mikan,977,57,3,2026-07-13T11:12:42Z,PT1H7M18S,X0BtlAa4XRM
戦闘BGM 疾走感,【戦闘・フリーBGM】Ignition Symphony【作業・勉強】,DopaDopa Beat,66,4,0,2026-07-13T09:00:01Z,PT3M10S,nV2f5XZUYTs
戦闘BGM 疾走感,【フリーBGM】 - 運命共同体 - 【疾走感／和風／戦闘】,コンポツ,17,1,1,2026-07-13T08:30:00Z,PT3M5S,vVD2zbicNEU
戦闘BGM 疾走感,Reclaim What You Lost ⚔️ REDEMPTION | Epic Samurai Battle BGM | Boss Fights & Soulslike,Rushblade Tokyo - Japanese Battle Music,37,3,1,2026-07-12T22:00:32Z,PT52M,TXBb946BoYQ
戦闘BGM 疾走感,【著作権フリー】配信向け 戦闘BGM｜Dark Cinematic Gaming Music「gunfight 3」,ひろっち / ゲームと音楽,68,6,0,2026-07-12T02:39:12Z,PT33M34S,DQBcvwY_lfs
戦闘BGM 疾走感,Fight for Your Honor ⚔️ FOR HONOR | Epic Samurai Battle BGM | Boss Fights & Soulslike,Rushblade Tokyo - Japanese Battle Music,92,4,0,2026-07-11T22:00:16Z,PT54M15S,hIUc_EnMt_o
戦闘BGM 疾走感,120.和風ロック戦闘曲,ジュラのワークショップ,60,2,1,2026-07-11T16:40:43Z,PT27M13S,BRnv615plzI
戦闘BGM 疾走感,『REVIVE BLAZE』ダークファンタジー戦闘曲 -【 Kalafina風】【架空アニソン風】【神秘的な女性コーラス】【AI music】,スパイダック MUSIC,565,16,1,2026-07-11T16:06:35Z,PT4M48S,csvquj24qH4
戦闘BGM 疾走感,【フリーBGM】戦闘　銀髪の戦乙女【戦闘・疾走感】,チカの音の缶詰　Chika's Sound Can,13,0,0,2026-07-11T15:00:08Z,PT4M52S,DhCQ6SZnKe4
戦闘BGM 疾走感,東方風…？では恐らく無い戦闘BGM,naniittenno,212,8,4,2026-07-11T14:46:10Z,PT1M59S,kXo_MwP-QzQ
戦闘BGM 疾走感,『Punch the World Awake』歌あり戦闘曲【persona 5 style freeBGM】Acid jazz・Funk rock 5 / ペルソナ5風 アシッドジャズ・ファンクロック,【著作権フリーBGM】ぷるっと企画チャンネル,42,2,0,2026-07-11T14:00:34Z,PT32S,Xq_xmypBo6k
戦闘BGM 疾走感,『Punch the World Awake』歌あり戦闘曲【persona 5 style freeBGM】Acid jazz・Funk rock 5 / ペルソナ5風 アシッドジャズ・ファンクロック,【著作権フリーBGM】ぷるっと企画チャンネル,214,7,0,2026-07-11T13:30:18Z,PT3M34S,kLLJc3hMxKY
戦闘BGM 疾走感,【フリーBGM】交わらぬ信念。引き裂かれた絆の先で、僕らは互いの正義を交える「RIFT」【戦闘・ロック・かっこいい・疾走感】,nons works,1290,71,1,2026-07-11T10:15:21Z,PT3M52S,UwnVMXjiaqA
戦闘BGM 疾走感,Call Down the Thunder God ⚔️ TAKEMIKAZUCHI | Epic Samurai Battle BGM | Boss Fights & Soulslike,Rushblade Tokyo - Japanese Battle Music,154,3,0,2026-07-10T22:00:23Z,PT41M23S,PX_l1VCJ3S8
戦闘BGM 疾走感,【作業用BGM】Epic Background Music 戦闘BGM/Battle Rock『HIGAN』,Soothing sound Mikan,2318,114,6,2026-07-10T11:33:05Z,PT1H1M5S,uQef803SM9c
戦闘BGM 疾走感,【フリーBGM】Counter Offensive【バトル/かっこいい/オーケストラロック/疾走感/サントラ風/戦闘シーン】,EpicOrderSounds,128,6,0,2026-07-10T11:00:25Z,PT1M44S,zo6p0Q1-ios
戦闘BGM 疾走感,【フリーBGM】Deus ex machina【戦闘・アートコア・ラスボス・4K】,Hareno,1328,71,0,2026-07-10T10:00:28Z,PT3M26S,k6rHn96_KsY
戦闘BGM 疾走感,【フリーBGM】白龍討滅戦のBGM | Moonlit Dragon Siege【かっこいい・戦闘・討滅戦】,BGM Studio Noi,354,14,3,2026-07-10T09:00:05Z,PT4M50S,QcEQxeloZsk
戦闘BGM 疾走感,【FreeBGM】熱くて切ない戦闘曲、和風ダークJ-Rock、アニソン風熱く切ない和風ダークファンタジー５【エモい/妖艶/幻想的】#shorts,【著作権フリーBGM】ぷるっと企画チャンネル,183,1,0,2026-07-10T07:30:37Z,PT38S,B-wwAJD2ZW0
戦闘BGM 疾走感,【FreeBGM】熱くて切ない戦闘曲、和風ダークJ-Rock、アニソン風熱く切ない和風ダークファンタジー５【エモい/妖艶/幻想的】,【著作権フリーBGM】ぷるっと企画チャンネル,108,7,0,2026-07-10T07:00:20Z,PT2M58S,4ieY_caC6mc
戦闘BGM 疾走感,Deliver the Final Judgment ⚔️ JUDGMENT | Epic Samurai Battle BGM | Boss Fights & Soulslike,Rushblade Tokyo - Japanese Battle Music,74,3,0,2026-07-09T22:00:05Z,PT47M28S,b4HZJj1hZl4
戦闘BGM 疾走感,【戦闘BGM】みらくるぱんち｜3拍子ギターバトル【オリジナル】Miracle Punch｜Original Battle BGM【3/4 Guitar Battle】【Original Music】,冷凍とうきび,27,1,0,2026-07-09T07:45:17Z,PT1M58S,qFDLfNnsgVg
戦闘BGM 疾走感,【著作権フリー】配信向け 戦闘BGM｜Dark Cinematic Gaming Music「gunfight 2」,ひろっち / ゲームと音楽,59,1,0,2026-07-09T03:06:22Z,PT24M44S,XOHwrAl4ync
戦闘BGM 疾走感,Awaken the Beast Within ⚔️ CRIMSON DRAGON | Epic Samurai Battle BGM | Boss Fights & Soulslike,Rushblade Tokyo - Japanese Battle Music,72,3,0,2026-07-08T22:00:21Z,PT40M45S,FE9JM3TXITU
戦闘BGM 疾走感,【著作権フリー】配信向け 戦闘BGM｜Dark Cinematic Gaming Music「gunfight」,ひろっち / ゲームと音楽,47,2,0,2026-07-08T12:30:04Z,PT40M4S,xYKbzyLNUvA
戦闘BGM 疾走感,【作業用BGM】戦闘音楽 Epic Battle Music/Rock Background Music『Thornveil』,Soothing sound Mikan,1824,85,4,2026-07-08T10:47:03Z,PT1H4M44S,JZHk68Qx4Ug
戦闘BGM 疾走感,【作業用BGM】【戦闘・儚い・綺麗】失われた記憶をハックするBGM集　　隔絶された記憶の先へ。記憶と絆を巡る10の戦律,スフィア,52,0,0,2026-07-08T05:00:38Z,PT1H15M2S,LyUgDP0XG6k
戦闘BGM 疾走感,【60秒ダイジェスト】戦闘!! / イーラ｜熱く美しいゼノブレイド2戦闘曲 #shorts#ゼノブレイド2 #黄金の国イーラ #戦闘イーラ #作業用BGM,Catget,54,1,0,2026-07-08T04:50:01Z,PT1M1S,UICsAeBtMbs
戦闘BGM 疾走感,【認めるものか、この敗北を】VIOLENT BATTLE -ヴィガジVer.-／疾走ヘヴィシンフォニックロック【スパロボOG】,スパロボ楽曲アレンジch【孤狼スタジオ】,1626,39,3,2026-07-08T01:00:11Z,PT4M14S,-YxX-qNno24
戦闘BGM 疾走感,Become Unstoppable ⚔️ UNSTOPPABLE | Epic Samurai Battle BGM | Boss Fights & Soulslike,Rushblade Tokyo - Japanese Battle Music,50,2,0,2026-07-07T22:00:09Z,PT42M33S,PIJW5vq82Tg
戦闘BGM 疾走感,メタルガチ勢に聴いてほしい！メタルマックス 戦闘曲（ファミコン）,ゲーム音楽アレンジの館,2940,83,4,2026-07-07T11:39:47Z,PT7M18S,XHiEMeXcN-k
戦闘BGM 疾走感,【フリーBGM】Warlord | ケルト風ロック戦闘曲【中世ファンタジー】,Hareno,760,27,0,2026-07-07T10:00:12Z,PT3M16S,uQ-3PEP0EP8
戦闘BGM 疾走感,ヒロアカ風、熱い戦闘曲！【My Hero Academia style freeBGM】heroic2 battle2 / ヒロイック2バトル2【作業用BGM・素材】#shorts,【著作権フリーBGM】ぷるっと企画チャンネル,200,1,0,2026-07-07T07:30:01Z,PT33S,EoLJ7fEW1C8
戦闘BGM 疾走感,ヒロアカ風、熱い戦闘曲！【My Hero Academia style freeBGM】heroic2 battle2 / ヒロイック2バトル2【作業用BGM・素材】,【著作権フリーBGM】ぷるっと企画チャンネル,88,3,0,2026-07-07T07:00:34Z,PT1M26S,pusKLfv954c
戦闘BGM 疾走感,Answer the War God's Call ⚔️ WAR GOD | Epic Samurai Battle BGM | Boss Fights & Soulslike,Rushblade Tokyo - Japanese Battle Music,14,0,0,2026-07-06T22:00:21Z,PT41M5S,o0SqcT0q90I
戦闘BGM 疾走感,【作業用BGM】Epic Background Music 戦闘BGM/Battle Rock『Crimsonraign』,Soothing sound Mikan,1922,93,11,2026-07-06T10:30:34Z,PT1H3M56S,e6mM1X0N_fg
戦闘BGM 疾走感,#freebgm,Ekke,397,0,0,2026-07-06T07:09:01Z,PT55S,LU7YFu_1U4g
戦闘BGM 疾走感,サイバーパンク侍BGM ⚔️ 疾走感MAXの和風ロック #shorts #作業用bgm #lofi,Samurai Battle BGM【和楽器×ロック】,307,2,0,2026-07-06T05:09:42Z,PT41S,3t1dnSEMu3o
戦闘BGM 疾走感,【フリーBGM】加速する闘志。終わりなき狂想曲（ラプソディ）「狂想曲 デュエル」【戦闘・ピアノ・かっこいい・疾走感】,nons works,1298,70,11,2026-07-06T05:00:39Z,PT2M48S,-IKAcfygthE
戦闘BGM 疾走感,Never Back Down ⚔️ NO RETREAT | Epic Samurai Battle BGM | Boss Fights & Soulslike,Rushblade Tokyo - Japanese Battle Music,140,5,0,2026-07-05T22:00:26Z,PT42M46S,nym-ThdgCjI
戦闘BGM 疾走感,【フリーBGM / Free BGM】Bring it on!!【戦闘・かっこいい・疾走感 / Battle・Epic ・Fast-paced】#shorts #FreeBGM #GameMusic,柴田隼斗,208,0,0,2026-07-05T11:00:04Z,PT17S,y-fb8EDQTzY
戦闘BGM 疾走感,【作業用BGM】疾走感MAXの戦闘アニソンメドレー｜j-rock anime【playlist】,夜詠み,522,11,1,2026-07-05T10:00:10Z,PT25M2S,NNt-BH83xlg
オリジナル 戦闘曲,【オリジナルBGM】イベント戦闘曲(2026),rakuonn,14,3,0,2026-07-26T12:27:41Z,PT3M2S,jZXR4_n4e7U
オリジナル 戦闘曲,【FPS　オリジナルBGM】 ノリ-　アルバム　♪｜【架空MMO戦闘曲】(Cyber FPSl)　没入　グルーブ　歌　ファンク,【MMO戦闘曲】Code: Ω,22,1,0,2026-07-23T05:14:17Z,PT13M32S,JmZHqBbRMkE
オリジナル 戦闘曲,【オーケストラ戦闘BGM】師弟の決戦｜熱い作業用バトルBGM｜ラスボス・ボス戦,KOUKA Fantasy Music – 光華隊,4,0,0,2026-07-22T14:25:51Z,PT39M34S,gAyntDjA4tA
オリジナル 戦闘曲,制作中自作ゲーム 王道×パロ×百合2 BGM〜ラスボス用戦闘BGM(仮),藤林 蒼太,11,1,0,2026-07-22T13:58:12Z,PT5M23S,5APMJK-uG48
オリジナル 戦闘曲,【戦闘曲風アニメ主題歌】 RULER FROM ABOVE / 天より統べる者【パワフルボーカル x Military Metal Ver.】｜ラスボス戦【戦記風オリジナル曲】,Panzer Echoes,4507,231,23,2026-07-21T12:00:37Z,PT5M17S,BE5bCl-0ovU
オリジナル 戦闘曲,黒雲下 #オリジナル曲#インスト #戦闘bgm #バトル,へたつhetatu,130,0,0,2026-07-19T05:53:39Z,PT1M15S,9WWfPEVCLkY
オリジナル 戦闘曲,♪交差された斧  [  closed ax  ]  ・オリジナル曲 #bgm #musicline #戦闘bgm #music #オリジナル曲#originalbgm,innocence,618,3,0,2026-07-16T12:15:47Z,PT2M36S,WqchU6LGDRc
オリジナル 戦闘曲,【オリジナル曲】夏暁の空（フルバージョン）【アトリエ風】,D.T.M.S official,25,0,0,2026-07-16T09:37:46Z,PT2M51S,9lwSv8X6FXY
オリジナル 戦闘曲,【毎週作曲7】戦闘BGM的な何かN #オリジナル曲 #ギター #ロック #イエローオキサイド,イエローオキサイド,204,1,0,2026-07-15T13:08:26Z,PT55S,83o9mRA_Rew
オリジナル 戦闘曲,【オリジナル曲】アイシクル・バトル,いい男のダゲキ,29,0,0,2026-07-14T03:52:43Z,PT1M38S,G3r899jNAsE
オリジナル 戦闘曲,【オリジナル曲】風林火山,いい男のダゲキ,28,0,0,2026-07-14T03:51:20Z,PT1M49S,IiC3TTpBjuo
オリジナル 戦闘曲,【戦闘曲風アニメ主題歌】WE WILL FIGHT UNTIL THE END / 最後まで戦う【壮大合唱 x Military Metal】｜最終決戦【戦記風オリジナル曲】,Panzer Echoes,3345,139,9,2026-07-13T12:00:43Z,PT4M53S,4B-Ow1BSMRM
オリジナル 戦闘曲,【著作権フリー】配信向け 戦闘BGM｜Dark Cinematic Gaming Music「gunfight 3」,ひろっち / ゲームと音楽,68,6,0,2026-07-12T02:39:12Z,PT33M34S,DQBcvwY_lfs
オリジナル 戦闘曲,#shorts 『REVIVE BLAZE』ダークファンタジー戦闘曲 -【 Kalafina風】【架空アニソン風】【神秘的な女性コーラス】#aimusic #オリジナル曲 #AnimeSong,スパイダック MUSIC,222,1,0,2026-07-11T16:57:06Z,PT41S,pNpID6Mz6C0
オリジナル 戦闘曲,120.和風ロック戦闘曲,ジュラのワークショップ,60,2,1,2026-07-11T16:40:43Z,PT27M13S,BRnv615plzI
オリジナル 戦闘曲,【オリジナルBGM】英傑の謡_お蔵入り曲(2026),rakuonn,36,3,0,2026-07-11T09:12:07Z,PT1M58S,m9ANgS6DBmI
オリジナル 戦闘曲,【オリジナル戦闘曲】『Midnight Trigger』ペルソナ3風モダンファンク【persona 3 style freeBGM】Acid jazz・Modern Funk BGM  #shorts,【著作権フリーBGM】ぷるっと企画チャンネル,11,2,0,2026-07-10T14:00:21Z,PT37S,4142Id5y2dY
オリジナル 戦闘曲,フリーBGM【オリジナル戦闘曲】『Midnight Trigger』ペルソナ3風モダンファンク【persona 3 style freeBGM】Acid jazz・Modern Funk BGM,【著作権フリーBGM】ぷるっと企画チャンネル,103,6,0,2026-07-10T13:30:05Z,PT2M38S,YPXuRN1NIek
オリジナル 戦闘曲,【OCTOPATH TRAVELER Style3】オクトパストラベラー風オリジナル戦闘BGM3（作業用）,なな条ねぎ / Nana×Negi Music,1682,43,5,2026-07-10T10:39:46Z,PT2M53S,6Nv6PCM5E9E
オリジナル 戦闘曲,ロマサガ風 戦闘曲 Battle 2 オリジナルBGM,ロマサガ風 戦闘曲BGM【HamHam】,31,2,0,2026-07-09T11:22:56Z,PT2M46S,c1yVbfyjgi0
オリジナル 戦闘曲,shorts 【みらくるぱんち】 #Miracle Punch #guitar #戦闘曲 #BGM  #オリジナルミュージック #オリジナル #作曲してみた #みらくるぱんち #3拍子 #音楽,冷凍とうきび,3,0,0,2026-07-09T08:15:13Z,PT48S,6gJfHGblQJU
オリジナル 戦闘曲,【戦闘BGM】みらくるぱんち｜3拍子ギターバトル【オリジナル】Miracle Punch｜Original Battle BGM【3/4 Guitar Battle】【Original Music】,冷凍とうきび,27,1,0,2026-07-09T07:45:17Z,PT1M58S,qFDLfNnsgVg
オリジナル 戦闘曲,【著作権フリー】配信向け 戦闘BGM｜Dark Cinematic Gaming Music「gunfight 2」,ひろっち / ゲームと音楽,59,1,0,2026-07-09T03:06:22Z,PT24M44S,XOHwrAl4ync
オリジナル 戦闘曲,Battle BGM #01 - Shadow Assault  #オリジナル曲 #bgm #オリジナル #sunoai #戦闘bgm,スタ奏ミュージック,119,1,0,2026-07-08T15:59:17Z,PT15S,XIrRsi7hY34
オリジナル 戦闘曲,【著作権フリー】配信向け 戦闘BGM｜Dark Cinematic Gaming Music「gunfight」,ひろっち / ゲームと音楽,47,2,0,2026-07-08T12:30:04Z,PT40M4S,xYKbzyLNUvA
オリジナル 戦闘曲,【戦闘曲風アニメ主題歌】 MARCH OF NORTHERN EMPIRE / 北方帝国行進曲【パワフルボーカル x Military Metal Ver.】｜ラスボス戦【戦記風オリジナル曲】,Panzer Echoes,16648,755,22,2026-07-07T12:00:30Z,PT5M21S,B320vPuqpY4
オリジナル 戦闘曲,サイバーパンク・電脳トランス風オリジナル戦闘曲２【フリーBGM】近未来/SF/サイボーグ【freeBGM・作業用BGM】#shorts,【著作権フリーBGM】ぷるっと企画チャンネル,235,1,0,2026-07-06T14:00:21Z,PT39S,DYSw0IjE-rw
オリジナル 戦闘曲,サイバーパンク・電脳トランス風オリジナル戦闘曲２【フリーBGM】近未来/SF/サイボーグ【freeBGM・作業用BGM】,【著作権フリーBGM】ぷるっと企画チャンネル,166,9,0,2026-07-06T13:30:13Z,PT2M55S,Y_f-Kn2jzf8
オリジナル 戦闘曲,#shorts 『Black Requiem』ダークファンタジー戦闘曲 -【 Kalafina風】【架空アニソン風】【神秘的な女性コーラス】#aimusic #オリジナル曲 #AnimeSong,スパイダック MUSIC,164,2,0,2026-07-05T09:39:14Z,PT43S,N_bW1owtn6U
オリジナル 戦闘曲,wowsb歌謡曲　オークランド完成記念。　　【オリジナル曲】　ポリネシア諸語（モアナ風）で戦闘曲を作ってみた。　　Polynesian cultural war dances,Torpedo&SUKIMAKAZE,42,4,0,2026-07-05T01:03:20Z,PT6M2S,iH8XQBPU74Q
オリジナル 戦闘曲,【オリジナル曲】Nox Irae【戦闘曲/インスト】,うずしを,83,7,0,2026-07-04T08:00:13Z,PT3M15S,NQdoJawMwSI
オリジナル 戦闘曲,【AIで作ってみた】FF5 戦闘曲MV,ポポさん,10550,189,13,2026-07-01T13:35:40Z,PT3M6S,orlty7TiR7Q
オリジナル 戦闘曲,【オリジナル曲】戦闘BGMを作りたいと思い。,Mito(みと),9,0,0,2026-06-30T17:42:41Z,PT2M20S,rXG_mUTzMMY
オリジナル 戦闘曲,第壱拾弐聖杯戦闘曲［イザル☆ワユオリジナル曲］,IXAL☆VEY,19,1,0,2026-06-30T03:59:17Z,PT2M37S,9cqaZ-Lw9d4
オリジナル 戦闘曲,【Curtain up！】シアトリカル・ファンク/Theatrical Jazz Funk/ゲーム戦闘BGM風インスト / オリジナル曲×AI/【ぽんまる】 #shorts,ぽんまる AI Music Lab,307,2,0,2026-06-29T15:05:24Z,PT41S,MJX68EJEr8w
オリジナル 戦闘曲,【Curtain up！】シアトリカル・ファンク/Theatrical Jazz Funk/ゲーム戦闘BGM風インスト / オリジナル曲×AI/【ぽんまる】,ぽんまる AI Music Lab,21,1,0,2026-06-29T12:25:12Z,PT1M54S,SbagGOQnFa4
オリジナル 戦闘曲,【※再投稿】【字幕なし】『BREAK THE DESTINY』ダークファンタジー戦闘曲 -【 Kalafina風】【架空アニソン風】【神秘的な女性コーラス】【AI music】,スパイダック MUSIC,401,16,1,2026-06-28T11:08:53Z,PT4M10S,6RhKHyX5EJg
オリジナル 戦闘曲,【※再投稿】【字幕なし】『崩れ落ちる静寂』Kalafina風 ゴシックコーラス戦闘曲 -【架空アニソン】【女性コーラス】【AI music】,スパイダック MUSIC,674,15,1,2026-06-28T10:37:20Z,PT4M43S,Q6WZKtu0EmM
オリジナル 戦闘曲,【オリジナルBGM】古びた人形劇_お蔵入り戦闘曲(2026),rakuonn,44,4,0,2026-06-28T08:50:20Z,PT1M54S,vkoBU-dF26I
オリジナル 戦闘曲,#shorts 『沈みゆく空の色』ダークファンタジー戦闘曲 -【 Kalafina風】【架空アニソン風】【神秘的な女性コーラス】#aimusic #オリジナル曲 #AnimeSong,スパイダック MUSIC,102,2,0,2026-06-28T03:13:34Z,PT59S,csa5FkVCDKI
オリジナル 戦闘曲,「鬼滅の刃」冨岡義勇 戦闘BGM｜打ち潮・凪 メドレー【ピアノ弾いてみた】,YOSHIDA YUKINO,273,14,1,2026-06-27T04:00:16Z,PT2M29S,sm-jeIiaH4I
作業用BGM あがる,☕【9時間】ポップジャズBGM｜気分が上がるカフェミュージック｜作業・勉強・読書・リラックス・Cafe Jazz,Miyazakiマン,0,0,0,2026-07-26T16:37:21Z,PT9H12S,lKSNCWiCsvU
作業用BGM あがる,GOOD MORNING!! ☀️日曜の朝活スタート！気分が上がるHouse EDM🔥 | 作業用BGM・ドライブ,DJ BENGAKU 2nd,58,2,0,2026-07-26T14:24:23Z,PT11H54M59S,hE3uo-RyfdA
作業用BGM あがる,彼岸花　｜　和ロック　｜　テンション上がるBGM,KM_musicworld,83,3,0,2026-07-26T12:30:58Z,PT4M25S,fLnrZD818A0
作業用BGM あがる,【洋楽Playlist】朝からスイッチON！やる気を一気に上げる気分上がるメドレー| 作業用BGM | Motivation BoosSongs,KIKI POP MUSIC,5,1,1,2026-07-26T11:30:34Z,PT1H2M49S,HVTolg6f4SU
作業用BGM あがる,【朝の神曲】一気に気分が上がる爽やか洋楽｜1曲目でスイッチが入る通勤Playlist（Wake Up Songs）,Tokyo Happy Music,4,0,0,2026-07-26T11:00:32Z,PT1H14M59S,48rNg1EJNto
作業用BGM あがる,【作業用BGM】気持ちが軽くなる夏にテンションが上がる和風BGM｜60min｜勉強用・朝活用,幻想和音,6,0,0,2026-07-26T11:00:26Z,PT1H1M44S,O-zVQeju4xU
作業用BGM あがる,【気分が上がるBGM】Japanese J-POP R&B 休み明け、仕事や学校の前に聴く｜ドライブや通勤・通学、作業用にもぴったり | テンション上がる |  青羽-Aoha,青羽-Aoha,124,9,2,2026-07-26T10:12:51Z,PT1H39S,hOxydI1G89s
作業用BGM あがる,【作業用BGM】戦闘音楽『Reversal』Epic Battle Music /Rock Work Music Free BGM [NO ADS],Crimson Katana,10,0,0,2026-07-26T10:00:40Z,PT1H6M46S,CaUIHxawhNs
作業用BGM あがる,ドライブBGM⚡一瞬で気分が上がる爽快ロック,IRcom (イリコム)　BGMチャンネル,88,0,0,2026-07-26T10:00:24Z,PT2M39S,Zbk63JXLW_o
作業用BGM あがる,著作権フリーBGM【かっこいい、エモい、夏、花火、夜、テンション上がる、感動、爽やか、ピアノ、青春】｜夏Vlog・旅行・エンディング向け｜BGM273_Halation,たう | フリーBGM,50,6,2,2026-07-26T10:00:10Z,PT4M58S,eKLXYjK_fYM
作業用BGM あがる,"【BGM Playlist】心がときめく超上がる""未来感""幻想EDM｜Nostalgic Future Jazz & Jazztronica EDM Mix｜作業・集中用",HoshiCircuit,18,2,0,2026-07-26T09:30:05Z,PT1H20M27S,xGkoVvE70ps
作業用BGM あがる,【ドライブBGM】聴いた瞬間テンション爆上がり！超没入できるノリノリ洋楽サマーポップス & ヒップホップ 🌴 ｜Summer R&B & Hip-Hop,TOKYO music ch,32,1,0,2026-07-26T09:00:34Z,PT1H1M48S,a8KPcLmtNbw
作業用BGM あがる,【洋楽】テンション上がるかわいいEDM,MusicTown_EDM,4,0,0,2026-07-26T09:00:14Z,PT2M5S,TT09rbbkf1g
作業用BGM あがる,【朝の通勤BGM】気分が上がる街歩きミュージック ２時間 | ビル街・颯爽と・仕事前のスイッチに Morning Walk,Calm Room BGM,0,0,0,2026-07-26T05:08:19Z,PT2H1S,sctZ7EeQzMo
作業用BGM あがる,【朝の通勤BGM】気分が上がる街歩きミュージック 1時間 | ビル街・颯爽と・仕事前のスイッチに Morning Walk,Calm Room BGM,0,0,0,2026-07-26T04:53:22Z,PT1H1S,48Cs4x4MoZ0
作業用BGM あがる,【作業用BGM】筋トレ・ストレッチが捗る集中サウンド | ともっきー,筋トレ・ストレッチBGM ともっきー,1,0,0,2026-07-26T04:42:03Z,PT1H9M31S,q5ZYgQyWS6s
作業用BGM あがる,【テンション上がる洋楽】ギアを上げたい朝に、一気に集中モードに入る｜1曲目でスイッチが入るかっこいい曲｜朝活 作業用 BGM,Tokyo Chill Tracks,442,7,0,2026-07-25T23:00:38Z,PT1H24M39S,yuvaQVXalXI
作業用BGM あがる,Just the Right Groove - 気分が上がるちょうどいい音楽 Jazz Hop · Chill | 作業用BGM · カフェ音楽 | Zutto,Bosafrique Flow,23,0,0,2026-07-25T22:37:06Z,PT1H20S,WcE18v2TOPg
作業用BGM あがる,【作業用BGM】Eurobeat × EDM｜女性ボーカルが暗峠の石畳を駆け上がるネオン疾走MIX｜勾配三十七度の蒼炎,峠最速Eurobeat,58,2,1,2026-07-25T19:00:09Z,PT1H57M15S,dyH9xpgPmUM
作業用BGM あがる,Just the Right Groove - 気分が上がるちょうどいい音楽 Jazz Hop · Chill | 作業用BGM · カフェ音楽 | Zutto,Bosafrique Flow,13,0,0,2026-07-25T18:18:51Z,PT1H20S,IVy73ECcTGg
作業用BGM あがる,【ドライブBGM】気分が上がる！最高のドライブBGM Track02 #Shorts #nightdrive #housemusic #chillvibes #emotional,Yama-Toma,238,1,1,2026-07-25T13:00:18Z,PT41S,19pvo0-IxGU
作業用BGM あがる,【作業用BGM】気分が上がるエモ🖤Summer Music｜夏こそ飛びたいエモラップMIX,テクノスピ子@波動調整ミュージック,4,0,0,2026-07-25T11:21:48Z,PT3M59S,EBgXtSpTDf4
作業用BGM あがる,動画のクオリティが3倍上がる神BGM 🎬 Instant Viral Vibe #Shorts,Chill Shorts BGM,12,1,1,2026-07-25T11:17:19Z,PT2M26S,PBzif-mKqLs
作業用BGM あがる,【作業用BGM】深夜カフェで集中力が上がる1時間 ☕ lo-fi chill,夜のChill Music Cafe,3,1,1,2026-07-25T10:00:35Z,PT1H10M14S,3bgw9HkEH8o
作業用BGM あがる,【洋楽Playlist】聴くだけで明るく元気になれるポジティブ洋楽メドレー | 作業用BGM | Good Vibes Mix,Otoakari Cozy Vibes,2605,30,5,2026-07-20T22:00:17Z,PT2H2M52S,tdfgXzvPARQ
作業用BGM あがる,【広告なし】音楽テンションの上がる洋楽集 【作業用BGM】👱 やる気を全開にさせる最強洋楽メドレ ー 🎶 最も再生された人気の洋楽プレイリスト 2026   洋楽メドレー💎,My Music,965,5,0,2026-07-14T20:00:06Z,PT2H16M7S,oPc3vUCtY-0
作業用BGM あがる,[24時間LIVE📍] テンションが上がる洋楽プレイリスト｜作業用BGM,Pop Music Studio,21205,90,0,2026-07-10T10:40:21Z,P0D,veKEAoBlqZY
作業用BGM あがる,波音ピアノで生産性上がる作業用BGM,Recommended Work and Study BGM for Productivity - Topic,0,0,0,2026-07-25T10:01:22Z,PT3M2S,4wD5EjEmb9A
作業用BGM あがる,【作業用BGM】戦闘音楽『unyielding』 Epic Music /Battle Music/Rock Work Music Free BGM [NO ADS],Crimson Katana,27,0,0,2026-07-25T10:00:09Z,PT1H7M17S,3xYWm5Z0SZ4
作業用BGM あがる,【和風Future Funk】限界を越えて - Beyond the Limits - ろーとP【作業用BGM / テンションが上がる曲】 #music  #音楽,ろーとP | AI Music,7,0,0,2026-07-25T09:30:03Z,PT2M54S,hQ73UiBRrkM
作業用BGM あがる,戦国侍BGM ⚔️ テンション上がる和風ロック #shorts #作業用bgm #battlebgm,Samurai Battle BGM【和楽器×ロック】,6,0,0,2026-07-25T09:00:02Z,PT41S,iB5UAsxIzRw
作業用BGM あがる,【洋楽】テンション上がるかわいいEDM,MusicTown_EDM,1,0,0,2026-07-25T09:00:39Z,PT2M4S,9hMbSGzuNoU
作業用BGM あがる,途中広告なし【作業用BGM】朝から集中力アップ☀️🌿 作業効率がぐんと上がる極上スムースジャズ｜3時間｜仕事・勉強・カフェBGM,Komorebi BGM Room,20,0,0,2026-07-25T03:02:55Z,PT11H54M57S,29IbBBPvqoI
作業用BGM あがる,作業用BGM｜気分が上がる JazzHop Groove,BlueHourJazz,4,0,0,2026-07-24T23:00:30Z,PT44M45S,wssKk9_os_c
作業用BGM あがる,🎧 気分が上がる洋楽風Lo-fi BGM 15分｜勉強・作業・気分転換に【アップビート】,Claude Studio,28,0,0,2026-07-24T22:33:40Z,PT15M1S,bg2nmLsDirA
作業用BGM あがる,【Playlist】POP PUNK  - Pure Energy 🎸｜Workout｜Motivation｜Drive｜カッコいい洋楽｜作業用BGM｜テンション上がる｜筋トレ｜ドライブ｜ロック｜,N.C★Music,1322,50,12,2026-07-24T22:00:10Z,PT1H3M20S,yAvko2HXPtQ
作業用BGM あがる,【Playlist】夏空の下、無理せず気分が上がる洋楽を | 作業用BGM | Chill | cozy,どこか。somewhere.,163,1,1,2026-07-24T21:00:29Z,PT1H1M4S,f04vXAu-NZM
作業用BGM あがる,"【BGM Playlist】超絶上がる""未来感""幻想EDM｜作業・集中用BGM｜ Best Selection｜Future EDM Mix｜4K｜Female Vocal｜MV  03",千雪鶴羽,5,2,0,2026-07-24T13:00:15Z,PT56M13S,fWfX4ZWQP28
作業用BGM あがる,【洋楽playlist】旅行中の朝に聴きたいテンション上がるBGM☀️✈️｜かわいい洋楽｜travel morning playlist,産声メモリーズ,47,2,0,2026-07-24T12:00:09Z,PT48M52S,3QjZ5TNXqFM
作業用BGM あがる,【作業用BGM】絶対！ハッピー宣言！ ／ どるあ・りぃある｜勉強用・仕事用・テンションが上がるアイドルソングメドレー,GGGe Records,37,2,0,2026-07-24T10:45:24Z,PT1H12S,DoUE3cSellY
作業用BGM あがる,気分が上がる海辺のボサノバ カフェ｜やさしい女性ボーカルと心地よい波音で楽しむ作業用BGM・読書用BGM・カフェ BGM,Relax Lofi Life,1450,31,0,2026-07-24T10:20:22Z,PT11H55M1S,jn2l2a3yoVo
作業用BGM あがる,🏝️【トロピカル×EDM】テンション爆上がり全10曲,Midnight Neon Music,24,4,0,2026-07-24T10:00:04Z,PT2H32M39S,kwRmOVg2ugE
作業用BGM あがる,【作業用BGM】戦闘音楽『Raigeki』 Epic Music /Battle Music/Hybrid Orchestral Rock Free BGM [NO ADS],Crimson Katana,105,4,0,2026-07-24T10:00:06Z,PT1H3M39S,m4S3RKBJbqM
作業用BGM あがる,テンション上がる！やるきが湧く！前向きでポジティブな洋楽プレイリスト｜作業用BGM｜Feel-Good BGM｜Slow Morning BGM｜,Slow Morning Studio,190,4,0,2026-07-24T09:22:06Z,PT10H34M36S,c1DVMSJROUI
作業用BGM あがる,【110min耐久】テンションぶち上がる洋楽 | 洋楽プレイリスト | フリーBGM｜作業用BGM |,free music studio,1119,46,0,2026-07-24T09:00:11Z,PT1H27M33S,TS5cS3o_S20
作業用BGM あがる,【洋楽】テンション上がるかわいいEDM,MusicTown_EDM,1,0,0,2026-07-24T09:00:24Z,PT1M53S,JjrJRPAnrPY
作業用BGM あがる,気分があがるダンスホールレゲエ×HIPHOP　CLUB PARTY　MIX PLAYLIST♪　Dancehall Reggae  Party Mix,Ribucoco sound,1275,24,2,2026-07-24T07:30:31Z,PT2H10M46S,quEsZ2H6vCg
作業用BGM あがる,【洋楽Playlist】流すだけで夏気分になれる🍋気分上がるお洒落なプレイリスト｜リラックス｜Lofi Chill Pop︱作業用BGM︱ドライブ︱エモい【途中広告なし】,Chill Pop Channel,212,4,0,2026-07-24T07:00:08Z,PT1H27M10S,MUA_tr2w7AM
作業用BGM あがる,【作業用BGM】疾走感のあるシンセサイザーとピアノのメドレー 25分超 | 集中・勉強・テンションが上がる【集中しろ4】,タイムアタックBGM - 25分ポモドーロ集中タイマー -,16,0,2,2026-07-24T06:00:31Z,PT25M18S,6pGA7ggDlaA
作業用BGM あがる,裂ける稲妻 - テンションが上がるロック【作業用BGM】,とうろくチャン,23,0,0,2026-07-24T05:13:01Z,PT3M58S,3OZ37j4OohU
作業用BGM あがる,【洋楽playlist】最高に気分が上がる洋楽ポップ｜MOOD BOOSTER POP🌻｜作業用BGM,LIKA Studio MUSIC,66,5,2,2026-07-24T00:00:12Z,PT1H13M6S,Cipk9AaMGl8
作業用BGM あがる,音楽テンションの上がる洋楽集 【作業用BGM】 やる気を全開にさせる最強洋楽メドレー ト,最新洋楽,353,2,1,2026-07-23T23:00:26Z,PT29S,u1VGbzqPHVM
作業用BGM あがる,【洋楽】朝から気分が上がるミックス ☀️ Happy Morning Mix｜元気なChill Pop｜作業用BGM・朝,Soft & Bright Music,61,0,0,2026-07-23T22:30:34Z,PT1H2M10S,aFrRronz_Ks
作業用BGM あがる,【Playlist】🔥 朝から気分爆上がりのスケートパンク｜通勤・作業・ランニングBGM,Punk Dash Works,5,1,0,2026-07-23T22:00:08Z,PT57M2S,Ng4zKo-YIUY
作業用BGM あがる,【洋楽Playlist】お洒落すぎる洋楽。✨ 気分が上がるアップテンポBGM/ドライブ/通勤/作業用/勉強用/work/,City Chill FM,564,14,2,2026-07-23T22:00:13Z,PT2H8M2S,lkqbRIQSagg
作業用BGM あがる,今日をいい日に☀️ 気分が上がる洋楽BGM #Shorts,作業用BGM Yurappa,240,0,0,2026-07-23T20:00:38Z,PT31S,6VcOYeDx40s
作業用BGM あがる,Just the Right Groove - 気分が上がるちょうどいい音楽 Jazz Hop · Chill | 作業用BGM · カフェ音楽,Chillhop,9,0,0,2026-07-23T18:00:05Z,PT1H36M2S,KozXMgWgoAo
作業用BGM あがる,夏の海へドライブBGM 🌊 気分が上がるトロピカルハウス 4時間｜作業・カフェ・休日に聴きたい爽やかBGM,トトミュージック,19,0,1,2026-07-23T17:42:39Z,PT4H2M50S,kRYtzJR3m1w
作業用BGM あがる,【作業用BGM】心拍数が上がるAIアニメOP風メドレー｜中毒性×重低音×疾走感 × Emotional J-Rock,夜詠み,125,1,1,2026-07-23T12:20:09Z,PT35M7S,Odsk6L5LF-E
作業用BGM あがる,LArc~en〜Ciel 妖艶な雰囲気ながらテンションが上がる曲メドレー「フル作業用BGMは関連動画に👇」#larcenciel #ラルク #hyde #musicshorts #ライブ映像,トミマキ,20125,276,4,2026-07-23T11:25:06Z,PT46S,jUbbYb66Tug
作業用BGM あがる,【EDM POP】かけておくだけで気分が上がる、心を解き放つ洋楽Playlist｜作業・ドライブ用BGM,Lucky Clover Radio | MUSIC CHANNEL,3226,58,4,2026-07-23T11:00:23Z,PT1H24M43S,0auICiaOGB0
作業用BGM あがる,【作業用BGM】L'Arc〜en〜Ciel 妖艶な雰囲気だがテンションが上がる曲10選（90年代のアルバム収録曲のみ）　#larcenciel #hyde #プレイリスト #music ,トミマキ,81,4,1,2026-07-23T11:00:00Z,PT46M12S,sevr_epe6s0
作業用BGM あがる,【作業用BGM】テンションのあがる Girls J-ROCK ｜Japanese Rock Playlist,J-Rock Girls Studio,480,20,3,2026-07-23T10:31:10Z,PT30M18S,e0G4VQ_7ntQ
作業用BGM あがる,【作業用BGM】戦闘音楽 Epic Battle Music/Rock Background Music『Bulletstorm』Free BGM [NO ADS],Crimson Katana,121,0,2,2026-07-23T10:00:30Z,PT1H4M40S,a8_8Zm9RdDA
作業用BGM あがる,夏祭りBGM｜縁日気分でテンションが上がる洋楽｜Summer Festival Mix,Switch On BGM,1,0,0,2026-07-23T09:00:07Z,PT1H10M32S,rRMGJq3TrZc
作業用BGM あがる,【作業用BGM】テンション爆上がり！ゲームBGMノンストップメドレー【36曲】,LUDIX -ゲーム名曲MAD製作所-,20,9,3,2026-07-23T09:00:10Z,PT14M8S,qEuJaNwXrTc
作業用BGM あがる,【洋楽】テンション上がるかわいいEDM,MusicTown_EDM,10,0,0,2026-07-23T09:00:11Z,PT1M57S,ObFaln-L6TA
作業用BGM あがる,"【作業用/超集中BGM】仕事効率が爆発的に上がる深層アンビエント 🌇 Deep Focus Ambient for Intense Work, Studying & Creative Coding",Night & Morning Sound - Cafe & Relax BGM,9,2,1,2026-07-23T09:00:10Z,PT1H2M30S,OEiCgoos3XQ
作業用BGM あがる,{リラックス、軽作業}Fresh Track｜気分が上がるシティーポップBGM,one_BGM,3,0,0,2026-07-23T05:24:13Z,PT58M9S,W41yPEroavM
作業用BGM あがる,【4K 作業用BGM】🌿気分が上がる朝のベンダーガーデンジャズ｜ ☕ Lavender Garden Jazz | Relaxing & Positive Morning Music,Chill Cafe Jazz BGM,216,7,1,2026-07-22T23:00:14Z,PT4H17M55S,1YDzeY9MKkA
作業用BGM あがる,聴くだけで明るく元気になれるポジティブ洋楽メドレー | 作業用BGM | Good Vibes Mix #元気が出る曲   #洋楽メドレー #気分が上がる洋楽,Otoakari Cozy Vibes,901,8,0,2026-07-22T22:00:24Z,PT32S,yYaGhoDoim0
作業用BGM あがる,【作業用・夜ドライブBGM🌃】テンション上がるHyper DancePop Playlist | HYPER DANCEPOP,coco_anaria,50,3,1,2026-07-22T12:30:40Z,PT40M41S,wJfyQz4u1Ww
作業用BGM あがる,【洋楽playlist】聴いたら気分が爆上がりする洋楽Mix🎧relaxing/chillout/work/study/作業用BGM,Chill & Mellow Lounge,380,7,0,2026-07-22T11:00:27Z,PT1H4M44S,1Mo9npwx4hc
作業用BGM あがる,【朝BGM】「今日もいくよ！」通勤・通学にテンションUP洋楽｜1曲目でテンションが上がるPlaylist,Tokyo Happy Music,138,7,0,2026-07-22T11:00:03Z,PT1H13M51S,8zrLqkJcy7M
作業用BGM あがる,【洋楽𝐏𝐥𝐚𝐲𝐥𝐢𝐬𝐭】心地よく気分が上がる メロウなLofiチル【作業用BGM】Lo-Fi Hiphop／Chillhop／Chillout／癒し／心地よい／ストレス解消／リラックス／勉強／集中,chill-time【Lo-fi Chill Hiphop】,34,10,4,2026-07-22T10:00:28Z,PT1H1M8S,KCygjRdiTtA
作業用BGM あがる,【Playlist】🔥 気分が爆上がりするスケートパンク｜ドライブ・作業・筋トレBGM,Punk Dash Works,3,2,0,2026-07-22T09:00:05Z,PT59M52S,vI6t1KMNG74
作業用BGM あがる,【筋トレHIPHOP BGM】自然と重量が上がる重低音ビート｜Mind over matter. [Gym Workout Mix / Lofi Beats],Vibe Lab Music 　毎日をアゲる作業用BGM・筋トレ・ドライブ,35,4,0,2026-07-22T09:00:10Z,PT23M21S,ZgUg5QQVqm4
作業用BGM あがる,[聞き流し・作業用BGM]  伝説の演歌ギタリストに捧ぐ 演歌名曲演奏  1 時間 (歌なし),昭和のメロディ,209,1,0,2026-07-22T08:41:21Z,PT1H51S,aYONSfFpua0
作業用BGM あがる,Just the Right Groove - 気分が上がるちょうどいい音楽 Jazz Hop · Chill | 作業用BGM · カフェ音楽 |  Groovekissa,Groovekissa,71,0,0,2026-07-22T07:00:33Z,PT1H20M59S,hjvVFk_bGJA
作業用BGM あがる,【洋楽Playlist】重低音でテンション爆上がり🔥 最強洋楽プレイリスト｜ドライブ・筋トレ・作業用BGM,YOHAKU – Focus & Relax Music,12,1,1,2026-07-22T00:05:42Z,PT1H3M17S,8rBlVih3bho
作業用BGM あがる,ネオンの夜をドライブ｜気分が上がるシティポップ作業用BGM #Shorts,REHL,169,0,0,2026-07-21T11:57:13Z,PT56S,tgnhRDENpGY
作業用BGM あがる,【Playlist】心が軽くなるまで、アクセルを踏もう｜作業用BGM,SOUNDS OF LUMERIA,184,3,2,2026-07-21T11:00:13Z,PT1H13M30S,2IYWwqyKNIs
作業用BGM あがる,【洋楽】テンション上がるかわいいEDM,MusicTown_EDM,37,0,0,2026-07-21T09:00:08Z,PT2M6S,D7eBrJ63PYM
作業用BGM あがる,"【BGM Playlist】銀世界を駆ける気分の上がる幻想EDM 30曲｜作業用・勉強用BGM｜Winter, Nostalgic & Motivating EDM Mix｜Focus & Study",HoshiCircuit,34,1,2,2026-07-21T08:00:03Z,PT1H20M27S,VTkjQg_lZh0
作業用BGM あがる,【テンション上がる洋楽】モチベを上げたい朝に、一気に気分が上がる｜1曲目でスイッチが入るかっこいい曲｜朝活 通勤用 BGM,Tokyo Chill Tracks,447,2,0,2026-07-20T23:00:17Z,PT1H8M16S,u0nEx1BahH8
作業用BGM あがる,Just the Right Groove - 気分が上がるちょうどいい音楽 Jazz Hop · Chill | 作業用BGM · カフェ音楽 | Zutto,Bosafrique Flow,85,0,0,2026-07-20T23:00:35Z,PT1H8M24S,Ynag1NUQBDU
作業用BGM あがる,【洋楽】朝のコーヒーで気分が上がる ☕ Coffee to Go｜はずむ大人のカフェジャズ｜作業用BGM・朝,Soft & Bright Music,34,1,0,2026-07-20T22:30:26Z,PT1H2M12S,xyDRlOB0hJg
作業用BGM あがる,【洋楽Playlist】一瞬で、気分爆上げ。🔥 気分が上がるアップテンポ洋楽BGM/ドライブ/通勤/作業用/勉強用/work/,City Chill FM,4324,83,2,2026-07-20T22:00:38Z,PT2H9M19S,thr_YHEFvn8
作業用BGM あがる,朝の作業用BGM｜朝が変わるテンション上げモーニング洋楽｜Morning Hype Mix Vol.2,Switch On BGM,1,0,0,2026-07-20T22:00:28Z,PT1H12M46S,O_zPGZRGqLI
作業用BGM あがる,"100%ブチ上がる🔥激しめのレゲエ×ヒップホップ｜作業用bgm｜筋トレbgm,hip hop,#レゲエ#ジャパレゲ 作業用bgm, 夏フェス",Chill&Lo-fi Lounge,3870,81,7,2026-07-20T21:00:44Z,PT1H11M37S,h922pB6gzbA
作業用BGM あがる,【洋楽 ヒット チャート 最新2026】⚡️🍒 2026年 ヒット曲 洋楽 ★ 2026年人気の洋楽ランキング ⚡️🍒 音楽テンションの上がる洋楽集 2026 ★ 洋楽 2026,My Music,402,2,0,2026-07-20T20:00:06Z,PT3H10M27S,n4kAbNHvAaI
作業用BGM あがる,【作業用BGM】花火の上がる夏の夜のカフェ × Jazz Bossa Nova｜癒しの勉強・作業用 #作業用bgm #ジャズボサノバ #花火 #夏の夜 #カフェミュージック,DOs BGM Lab,12,3,1,2026-07-20T11:08:24Z,PT2H10M33S,eqLBKg28o6Y
作業用BGM あがる,【洋楽メドレー】最高にテンションが上がる夏の超高速EDM＆爆音ラップBGM 🚗 Summer Speed Hype Mix 2026｜作業用BGM｜Drive Music,TOKYO music ch,17,1,0,2026-07-20T10:51:22Z,PT1H2M44S,1F5A65rXerk
作業用BGM あがる,【PlayList】テンションが上がる GIRLS ROCK｜女性ボーカル・ランニングBGM,Sound Pantry,83,2,1,2026-07-20T10:42:00Z,PT1H8M50S,4iAFWKzxO5Q
作業用BGM あがる, 【広告なし】集中力が上がる癒しBGM｜作業用カフェ音楽,ゆめこわチャンネル,18,2,0,2026-07-20T10:00:26Z,PT10M40S,1SnXpxBbjuA
作業用BGM あがる,【15分洋楽】朝の私を起動する｜気分が上がる爽やかポップPlaylist #音風,音風 - otokaze,190,2,0,2026-07-20T09:15:12Z,PT31S,dpMKHNyybww
作業用BGM あがる,【洋楽】テンション上がるかわいいEDM,MusicTown_EDM,6,0,0,2026-07-20T09:00:20Z,PT1M6S,H3_BdSzZqbk
作業用BGM あがる,【1時間耐久】【作業用BGM】気分が上がるJersey Club｜通勤・通学,aiaiai channel,41,0,0,2026-07-20T08:16:44Z,PT1H1S,wczw_gNARE4
作業用BGM あがる,【作業用BGM】一発で気分が上がるJersey Club｜通勤・通学・テンションUP,aiaiai channel,0,0,0,2026-07-20T07:44:26Z,PT1M1S,48PDbH0pIxo
作業用BGM あがる,Just the Right Groove - 気分が上がるちょうどいい音楽 Jazz Hop · Chill | 作業用BGM · カフェ音楽,Hipo Groove ,141,1,0,2026-07-20T07:05:02Z,PT1H29M5S,CpAZYaBr8iw
anime battle bgm,【作業用BGM】和太鼓×シンセ - 日本アニメ風バトルBGM（Epic Japanese Anime Battle BGM | Taiko Drums x Synth）,Slow Hours Lofi,3,0,0,2026-07-26T14:56:44Z,PT10M1S,bu5moeSVUD4
anime battle bgm,疾走感あふれるケルトロック戦闘BGM｜The Forest's Vanguard【フリーBGM・かっこいい・EpicBattleMusic】,戦闘音楽工房 - Epic Battle Music,122,12,2,2026-07-26T09:00:11Z,PT2M57S,MlgBjmGgr18
anime battle bgm,【Final Boss Battle BGM 】Infinite Singularity,蒼域BGM Lab,476,47,16,2026-07-25T08:52:35Z,PT15M1S,NAXALiOCzNI
anime battle bgm,RPG Battle ⚔️ 1 Hour Epic Japanese JRPG Battle Music BGM | Samurai Boss & Final Stage Themes,Samurai Battle BGM【和楽器×ロック】,3,0,0,2026-07-24T23:00:00Z,PT1H1S,bKsZRUR3CdE
anime battle bgm,【作業用BGM】Epic Background Music 戦闘BGM/Battle Rock『Railshade』,Soothing sound Mikan,2225,117,8,2026-07-22T11:50:26Z,PT1H1M11S,0gbrq8WN9Pw
anime battle bgm,【RPGバトルBGM】葬送バトルシリーズ 血月覇獣ヴォルグラズ戦 重厚オーケストラの戦闘メドレー,Battle Music Girls,55,2,3,2026-07-22T11:47:49Z,PT58M37S,SpGp87EbdVE
anime battle bgm,ABA Raiden Reverse Stock Goes SO HARD!! #roblox #aba #animebattlearena,ItsSayrn,51256,1524,26,2026-07-22T00:12:37Z,PT59S,j1UPgD1GoRs
anime battle bgm,【ボス戦BGM】灼熱の高速シンフォニックロック｜燃え尽きても止まるな｜【作業用BGM】,Legendary HERO Music,50,3,1,2026-07-21T10:00:33Z,PT1H32S,stE4iRd90wU
anime battle bgm,"[Epic Battle Music 1H] Kagura × Ayame - Samurai Japanese Orchestral BGM for Gaming, Work & D&D",Epic Attacker,167,2,2,2026-07-21T01:00:23Z,PT59M28S,Iy4BRqAgKv8
anime battle bgm,The Last StandㅣEpic Battle BGM,Groove Alley,154,7,0,2026-07-20T18:45:08Z,PT33M57S,ETRy-ZFPkI8
anime battle bgm,くれあさん覚醒シーンにドッカンバトルBGMを付けてしまいましたver2  #ドラゴンボール #ドッカンバトル #名探偵プリキュア #キュアエクレール #帆羽くれあ #長谷川育美,むぞん,1906,29,0,2026-07-20T12:30:54Z,PT41S,AxlmSe8pjig
anime battle bgm,【作業用BGM】Epic Background Music 戦闘BGM/Hybrid Orchestral Battle　Rock『Voltaris』,Soothing sound Mikan,1297,73,6,2026-07-20T12:20:27Z,PT1H2M3S,N1FKPVHk6i0
anime battle bgm,くれあさん覚醒シーンにドッカンバトルBGMを付けてしまいました #ドラゴンボール #ドッカンバトル #名探偵プリキュア #キュアエクレール #帆羽くれあ,むぞん,16486,329,4,2026-07-20T10:40:32Z,PT33S,qSRY04ycWN4
anime battle bgm,【覚醒BGM】黄金雷光の大魔法｜アニメ・ゲーム風シンフォニックバトル,Legendary HERO Music,78,6,3,2026-07-20T10:00:35Z,PT53M26S,gwMSzesbhi0
anime battle bgm,【Japanese Samurai Battle BGM】chapter:9 Last Samurai Duel BGM | Final Japanese Sword Battle Music,mine,11,0,0,2026-07-20T10:00:37Z,PT13M32S,C0cFoTxMkgY
anime battle bgm,【Final Boss Battle BGM 】 Azure Oblivion,蒼域BGM Lab,1553,88,10,2026-07-20T08:40:59Z,PT15M,Jfv6ux2y3D0
anime battle bgm,Dragon's Resolve - Rise Against Fate | Epic Anime-Style Battle BGM,Ryujin Realm,4,1,2,2026-07-20T07:45:14Z,PT10M10S,KmfYQ-C1x1c
anime battle bgm,超魔神カイザリオン - Kaiserion Nova -｜鋼の魔神、覚醒せよ｜Super Robot Anime OP × Mecha Battle Rock × 熱血メカバトル音楽,Asura Anime Music,248,4,0,2026-07-20T06:00:19Z,PT24S,i7Ld1_zYMYc
anime battle bgm,[グラブル] Granblue Fantasy OST - New Battle (新しバトルBGM),Decim,1802,23,3,2026-07-20T00:20:58Z,PT2M48S,Sdo6YCHXpNA
anime battle bgm,SAMURAI BATTLE MUSIC ⚔️ 和風戦闘BGM | Epic Japanese Battle Music,Miyora Studio,58,2,0,2026-07-20T00:00:19Z,PT36M31S,NeCBLawbnqA
anime battle bgm,Face the Goddess of Death ⚔️ IZANAMI | Epic Samurai Battle BGM | Boss Fights & Soulslike,Rushblade Tokyo - Japanese Battle Music,104,2,1,2026-07-19T22:00:14Z,PT47M47S,kejMuRNOqG8
anime battle bgm,【戦闘BGM】#50-01 BLIZZARD EXECUTION｜SF×氷のアンドロイド《フロリア》AI生成音楽 Battle Music,Project Floria-F,44,2,1,2026-07-19T22:00:16Z,PT28M3S,beqanOkXbuY
anime battle bgm,ANIME BATTLES IN BGMI | NO PROMOTION,CarryisLive,735246,37804,373,2026-07-19T19:16:52Z,PT2H17M24S,XR68vbPCIRo
anime battle bgm,BGMI But It's Naruto vs Sasuke Anime Battle! 🤯🔥 #shorts #bgmi,G4meinfo,13299,0,6,2026-07-19T09:30:25Z,PT20S,i_Is4sU33Q8
anime battle bgm,Level Up ⚔️ Epic Samurai RPG Battle BGM #shorts #gamingmusic #epicmusic,Samurai Battle BGM【和楽器×ロック】,156,0,0,2026-07-19T01:00:25Z,PT41S,ASRTM9RrOzE
anime battle bgm,Cursed Mask | Japanese Shamisen Trap | Dark Battle BGM 1 Hour,KATANA Beats,14,2,0,2026-07-18T23:00:21Z,PT1H5M43S,a_gx6KaRt28
anime battle bgm,Boss Battle ⚔️ 1 Hour Epic Japanese Game BGM | Samurai Orchestral Battle & Boss Fight Music,Samurai Battle BGM【和楽器×ロック】,8,0,0,2026-07-18T23:00:12Z,PT1H1S,jaJAW-6TNLE
anime battle bgm,Ashes Into Glory - Epic Orchestral Cinematic Battle Anthem,NovaAura,60,9,1,2026-07-18T23:00:29Z,PT1M10S,6uCI3wcesS0
anime battle bgm,Rage Without a Sound ⚔️ SILENT FURY | Epic Samurai Battle BGM | Boss Fights & Soulslike,Rushblade Tokyo - Japanese Battle Music,45,1,1,2026-07-18T22:00:27Z,PT50M53S,bAs5cdWUWds
anime battle bgm,When the Silence Breaks｜Epic Japanese Battle Music (和風戦闘BGM),KITSU BEATS,19,2,0,2026-07-18T12:22:20Z,PT2H15M7S,NSD4FeRaVSY
anime battle bgm,【作業用ファンタジーBGM】駆け出し冒険者の戦い - 王道JRPG戦闘曲集【戦闘BGM】,Fantasy Echoes / 空想と癒しの音楽,86,8,1,2026-07-18T10:00:28Z,PT1H4M58S,_tWo6lZg0XE
anime battle bgm,小さな絵本RPG戦闘BGM,まぁやチャンネル,177,1,0,2026-07-18T07:33:29Z,PT26S,RMD_ZyeKBpM
anime battle bgm,Sakura Strings ⚔️ Violin Meets Katana — Epic Japanese Battle BGM #shorts #samurai,Samurai Battle BGM【和楽器×ロック】,216,1,0,2026-07-18T06:00:04Z,PT41S,dNcYzvzA2N8
anime battle bgm,Shamisen Battle Music ⚔️ Japanese Samurai BGM 和風ロック,Miyora Studio,54,0,0,2026-07-18T00:00:08Z,PT1H13M38S,G136GitMPg0
anime battle bgm,【Boss Battle BGM】Gothic Boss Prelude | 12 Tracks Loop Ready | Royalty Free Game Music Free Download,Vacuous BGM,17,1,0,2026-07-17T23:00:04Z,PT1H28M30S,Q8S52cHcAE4
anime battle bgm,Stare Death in the Eye ⚔️ FEAR NOTHING | Epic Samurai Battle BGM | Boss Fights & Soulslike,Rushblade Tokyo - Japanese Battle Music,145,4,0,2026-07-17T22:00:09Z,PT45M11S,x1E8KZE0fM8
anime battle bgm,Poison Mist | Japanese Shamisen Trap | Dark Battle BGM 1 Hour,KATANA Beats,17,0,0,2026-07-17T14:00:13Z,PT1H3M10S,nhtPIDNGg_M
anime battle bgm,Make Your Move｜Epic Japanese Battle Music (和風戦闘BGM),Gameflow Tunes Tokyo,2413,98,8,2026-07-17T12:00:11Z,PT41M5S,Cv3FueqSJE8
anime battle bgm,【高音質】eフィーバーブルーロック エゴイストバトルBGM｜パチンコ実機より収録【作業用】#ブルーロック #パチンコ #BGM,ヨーパチラッキー,1384,32,12,2026-07-17T11:30:31Z,PT1M25S,qeOdyPoOWs4
anime battle bgm,Samurai Girl ⚔️ 集中力MAXの和風バトルBGM #shorts #集中bgm #作業用bgm,Samurai Battle BGM【和楽器×ロック】,97,1,0,2026-07-17T09:00:00Z,PT41S,kfEkSsh0lIo
anime battle bgm,【戦闘BGM】クールでビターなロックサウンド｜Endless Rain【フリーBGM】,戦闘音楽工房 - Epic Battle Music,575,21,0,2026-07-17T09:00:24Z,PT2M59S,S5Eso9f97E0
anime battle bgm,Focus BGM ⚔️ Sakura Ronin — Epic Japanese Battle Music #shorts #focusmusic #samurai,Samurai Battle BGM【和楽器×ロック】,65,0,0,2026-07-17T01:00:08Z,PT41S,9sxLynj2jz8
anime battle bgm,Leave Nothing Standing ⚔️ NO MERCY | Epic Samurai Battle BGM | Boss Fights & Soulslike,Rushblade Tokyo - Japanese Battle Music,97,3,1,2026-07-16T22:00:24Z,PT43M17S,le9UidTERtI
anime battle bgm,【Celtic Battle BGM】Knight of the Blue Spirit Wolf｜Fast-Paced Fantasy Battle Music,Celtic Battle Realm,82,1,0,2026-07-16T15:00:40Z,PT57S,eTM5egKg6nE
anime battle bgm,Frost Kunoichi | Japanese Shamisen Trap | Dark Battle BGM 1 Hour,KATANA Beats,7,0,0,2026-07-16T13:15:16Z,PT1H3M10S,0XVomOnQxZg
anime battle bgm,BYAKKO【白虎】☯ Epic Japanese Fantasy Music ☯ White Tiger Battle BGM (work/gaming),Neo Edo Kitsune,53,1,0,2026-07-16T09:00:04Z,PT2H11M24S,rUCnMO49bA8
anime battle bgm,【ゲームBGM風】最終決戦BGM〜天空の神殿〜30分｜霧ノ宮市 朝 9:02,MUGEN Music,1,0,0,2026-07-16T07:31:28Z,PT30M1S,ELK7JkKj-Vc
anime battle bgm,Epic Battle Music! 6【Heroic Battle Free BGM / Music for Work / Royalty-Free】 #shorts,【著作権フリーBGM】ぷるっと企画チャンネル,20,3,0,2026-07-16T07:30:21Z,PT43S,TFBxkjRpwf8
anime battle bgm,熱い戦闘曲！ Heroic Battle FreeBGM / ヒロイックバトル6【作業用BGM・素材】,【著作権フリーBGM】ぷるっと企画チャンネル,51,4,0,2026-07-16T07:00:35Z,PT3M28S,0ofKf1yftAc
anime battle bgm,Japanese Ninja Battle Music Vol.2 | Epic Anime OST 25 Min | 紅蓮の忍 バトル BGM,Japanese Lofi House,19,0,0,2026-07-16T01:20:04Z,PT25M45S,zCHf27WVOCQ
anime battle bgm,Japanese Ninja Battle Music | Epic Anime Soundtrack 30 Min | 忍者バトル BGM 和風アニメ,Japanese Lofi House,57,1,0,2026-07-16T01:09:05Z,PT31M43S,tzRFmoO1Ovk
anime battle bgm,Command the Storm ⚔️ TENJIN | Epic Samurai Battle BGM | Boss Fights & Soulslike,Rushblade Tokyo - Japanese Battle Music,71,1,0,2026-07-15T22:00:02Z,PT45M3S,Nqf8aFwwDgA
anime battle bgm,サイバーパンク侍BGM ⚔️ バトルアニメみたいな神BGM #shorts #anime #gamingmusic,Samurai Battle BGM【和楽器×ロック】,113,0,0,2026-07-15T22:00:01Z,PT41S,FhlS98YiiZo
anime battle bgm,鬼神降臨 - Dark Japanese Lofi Samurai Boss Battle BGM,LOFI-JP,63,2,0,2026-07-15T20:04:14Z,PT1H1M35S,0U6YM9sLlws
anime battle bgm,【Battle BGM】Crossroads of Fate - The General of the Underworld and the Valiant Magic Swordsman【Free】,NHT music,71,5,2,2026-07-15T15:30:00Z,PT2M40S,kA5hImIS8Ac
anime battle bgm,【Celtic Battle BGM】Knight of the Blue Spirit Wolf｜Fast-Paced Fantasy Battle Music,Celtic Battle Realm,358,1,0,2026-07-15T15:00:03Z,PT57S,_c5H8u33ZCM
anime battle bgm,バトルロワイアルにしんちゃんのBGMつけてみた #アニメ#映画,コロッケ号の船長,1350,9,1,2026-07-15T12:03:17Z,PT19S,jGi9k8p3f18
anime battle bgm,【SUNO × 神域プロジェクト】 『悪魔バトル』 BGMのみです！,遊雪 音楽 チャンネル,97,3,0,2026-07-15T09:30:38Z,PT46S,QfOJRwDZCoI
anime battle bgm,Samurai Girl ⚔️ 作業・勉強がはかどる和風バトルBGM #shorts #作業用bgm #勉強用bgm,Samurai Battle BGM【和楽器×ロック】,70,0,0,2026-07-15T09:00:18Z,PT41S,7p1tcWdTauI
anime battle bgm,【戦闘BGM】翼を背負い運命へ挑む｜Aegis Feather【フリーBGM】,戦闘音楽工房 - Epic Battle Music,836,52,0,2026-07-15T09:00:29Z,PT3M15S,ef49lLbWBwg
anime battle bgm,Anime battle theme! 6【EpicSymphonicRock FreeBGM / Work BGM / Royalty-Free Music】#shorts,【著作権フリーBGM】ぷるっと企画チャンネル,27,2,0,2026-07-15T07:30:27Z,PT45S,7v6gBmdklTA
anime battle bgm,アニメ戦闘曲【Epic symphonic rock freeBGM】AnimeBattle BGM / アニメバトル6【作業用BGM・素材】,【著作権フリーBGM】ぷるっと企画チャンネル,50,4,0,2026-07-15T07:00:02Z,PT2M34S,DA8h9JEmkDQ
anime battle bgm,【Celtic Battle BGM】Knight of the Blue Spirit Wolf｜Fast-Paced Fantasy Battle Music,Celtic Battle Realm,65,0,0,2026-07-14T19:56:45Z,PT57S,KstL2N_o-Y8
anime battle bgm,Emotion Creators OST: Battle 4 (BGM 03 03),Поликарп Щелчков,3,0,0,2026-07-14T18:42:12Z,PT1M42S,fTKDfO6MFjw
anime battle bgm,Emotion Creators OST: Battle 5 (BGM 03 04),Поликарп Щелчков,4,0,0,2026-07-14T18:42:46Z,PT1M14S,6fy-_-SSWcA
anime battle bgm,Emotion Creators OST: Battle 3 (BGM 03 02),Поликарп Щелчков,3,0,0,2026-07-14T18:41:35Z,PT1M48S,Az5KsBwddcU
anime battle bgm,Emotion Creators OST: Battle 1 (BGM 03 00),Поликарп Щелчков,177,1,0,2026-07-14T18:39:48Z,PT46S,K1ywCmoc7cg
anime battle bgm,Emotion Creators OST: Battle 2 (BGM 03 01),Поликарп Щелчков,138,2,0,2026-07-14T18:40:53Z,PT1M53S,m640LjuW-mM
anime battle bgm,Void Oniwaban | Japanese Shamisen Trap | Dark Battle BGM 1 Hour,KATANA Beats,27,1,0,2026-07-14T13:45:04Z,PT1H5M32S,PBVVdk8ARCM
anime battle bgm,Switch to Battle Mode｜Epic Japanese Battle Music (和風戦闘BGM),Gameflow Tunes Tokyo,3435,108,6,2026-07-14T12:00:35Z,PT41M,BoScVsz3hnw
anime battle bgm,【Epic Japanese Rock Battle BGM】宵神楽 -Crimson Dream Prelude- ｜ 夏祭り×祭囃子×和風ダークファンタジー、ギターとピアノが紡ぐ幻想戦闘曲,藤苑テラリウム,148,10,0,2026-07-14T09:00:07Z,PT4M5S,HloEjfs1mLA
anime battle bgm,Unleash the God of Fire ⚔️ KAGUTSUCHI | Epic Samurai Battle BGM | Boss Fights & Soulslike,Rushblade Tokyo - Japanese Battle Music,97,3,0,2026-07-13T22:00:22Z,PT41M3S,QREpANePg0w
anime battle bgm,【作業用BGM】Epic Background Music 戦闘BGM/Battle Celtic Symphonic Rock『Pulver』,Soothing sound Mikan,977,57,3,2026-07-13T11:12:42Z,PT1H7M18S,X0BtlAa4XRM
anime battle bgm,【Final Boss Battle BGM 】World Requiem,蒼域BGM Lab,4036,216,17,2026-07-13T05:40:11Z,PT13M54S,sFE-W5Y0BLw
anime battle bgm,Reclaim What You Lost ⚔️ REDEMPTION | Epic Samurai Battle BGM | Boss Fights & Soulslike,Rushblade Tokyo - Japanese Battle Music,37,3,1,2026-07-12T22:00:32Z,PT52M,TXBb946BoYQ
anime battle bgm,【ポケモン風BGM】激熱バトル音楽｜作業用・勉強用・ゲーム作業用,ポケモン風BGM,174,2,0,2026-07-12T21:00:39Z,PT57M,5FLkWA9QkwQ
anime battle bgm,【Celtic Battle BGM】Knight of the Blue Spirit Wolf｜Fast-Paced Fantasy Battle Music,Celtic Battle Realm,159,4,0,2026-07-12T11:00:09Z,PT2H11M21S,XB3qQ8oARr8
anime battle bgm,バトルBGM Vol.1,Shuki - Topic,2,0,0,2026-07-12T06:40:12Z,PT3M53S,ZJBPoB1in1M
anime battle bgm,【Celtic Battle BGM】The Blue Moon Piper Races Across the Battlefield｜Epic Fantasy Battle Music,Celtic Battle Realm,22,0,0,2026-07-12T01:45:01Z,PT57S,cMS0okBJ_i8
anime battle bgm,[Epic Battle Music 1H] Kunoichi- Fantasy Battle BGM | Work & Reading Music Japanese-style rock,Epic Attacker,117,1,0,2026-07-12T01:00:13Z,PT1H2M38S,mMbHQvbWkPY
anime battle bgm,Goner【battle BGM】,Yuzk,54,5,0,2026-07-11T23:29:36Z,PT1M26S,53nDtMqyiUM
anime battle bgm,Ash Kunoichi | Japanese Shamisen Trap | Dark Battle BGM 1 Hour,KATANA Beats,110,2,1,2026-07-11T23:00:20Z,PT1H4M13S,WrmkRmy_Cqk
anime battle bgm,Fight for Your Honor ⚔️ FOR HONOR | Epic Samurai Battle BGM | Boss Fights & Soulslike,Rushblade Tokyo - Japanese Battle Music,92,4,0,2026-07-11T22:00:16Z,PT54M15S,hIUc_EnMt_o
anime battle bgm,【ポケモン風BGM】激熱バトル音楽｜作業用・勉強用・ゲーム作業用,ポケモン風BGM,191,4,0,2026-07-11T21:00:38Z,PT58M13S,eW1SLpSj1cg
anime battle bgm,Wrath Tenchu | Japanese Shamisen Trap | Dark Battle BGM 1 Hour,KATANA Beats,116,4,0,2026-07-11T11:00:09Z,PT1H2M43S,IZvae8Z-L68
anime battle bgm,정신없이 신나는 스윙 전투 스테이지 | Electro Swing Battle BGM 플레이리스트,어항 앞에 마우스,499,16,5,2026-07-11T09:00:12Z,PT1H9M39S,sQtEvqFPPkQ
anime battle bgm,Call Down the Thunder God ⚔️ TAKEMIKAZUCHI | Epic Samurai Battle BGM | Boss Fights & Soulslike,Rushblade Tokyo - Japanese Battle Music,154,3,0,2026-07-10T22:00:23Z,PT41M23S,PX_l1VCJ3S8
anime battle bgm,Seize Your Destiny｜Epic Japanese Battle Music (和風戦闘BGM),Gameflow Tunes Tokyo,4580,116,12,2026-07-10T12:00:25Z,PT43M27S,nWIhplxxIq4
anime battle bgm,【作業用BGM】Epic Background Music 戦闘BGM/Battle Rock『HIGAN』,Soothing sound Mikan,2318,114,6,2026-07-10T11:33:05Z,PT1H1M5S,uQef803SM9c
anime battle bgm,🌸 Sakura Blade | Epic Japanese Battle BGM ⚔️ KIDO Series | Cinematic Samurai Music,NEON RIST ,255,7,0,2026-07-10T11:00:11Z,PT46S,NwxCYzl8rG8
anime battle bgm,【戦闘BGM】#46-02 ARCTIC IMPACT｜SF×氷のアンドロイド《フロリア》AI生成音楽 Battle Music,Project Floria-F,38,3,1,2026-07-10T10:00:30Z,PT27M32S,UIbBNfB0t-c
anime battle bgm,【フリーBGM】Rise to Victory【戦闘・覚醒・かっこいい・Epic Battle Music】,戦闘音楽工房 - Epic Battle Music,917,49,2,2026-07-10T09:30:03Z,PT3M10S,erh4pdGhdbg
anime battle bgm,SUZAKU【朱雀】☯ Epic Japanese Fantasy Music ☯ Phoenix Battle BGM (work/gaming),Neo Edo Kitsune,139,8,0,2026-07-10T09:00:12Z,PT2H10M54S,CBY2IlIppDw
anime battle bgm,作業用神BGM 1時間　Sakura Blade | Epic Japanese Battle BGM ⚔️ KIDO Series | Cinematic Samurai Music,NEON RIST ,118,5,0,2026-07-10T03:54:01Z,PT1H1M48S,iFo3q7NC8ik
anime battle bgm,バトルBGM 〜ヴァイオリンの戦場〜,ビージ🌷マネフォミー楽しみ隊員です🌷,10,0,0,2026-07-10T02:20:15Z,PT3M53S,ACWXeziTyGA
anime battle bgm,Blood Demon Art – Epic Anime Cinematic Battle Music 🔥 | Hybrid Orchestral BGM (No Vocals),SAVION Vision,98,7,0,2026-07-10T00:30:21Z,PT3M28S,oEiLCztH7Ck
anime battle bgm,凍土の覇者 - Sovereign of the Frozen Wastes【戦闘BGM / Epic Battle Music】,CRIMSON VALKYRIE ,264,13,0,2026-07-10T00:00:25Z,PT37M56S,eclgdeU0FgQ
anime battle bgm,Deliver the Final Judgment ⚔️ JUDGMENT | Epic Samurai Battle BGM | Boss Fights & Soulslike,Rushblade Tokyo - Japanese Battle Music,74,3,0,2026-07-09T22:00:05Z,PT47M28S,b4HZJj1hZl4
anime battle bgm,【ポケモン風BGM】高速バトルBGM｜作業用・勉強用・集中用,ポケモン風BGM,356,4,0,2026-07-09T21:00:04Z,PT50M54S,OQYuzEhRWmU
anime battle bgm,【Japanese Samurai Battle BGM】chapter:8 Samurai Counterattack BGM | Japanese Heroic Battle Music,mine,150,6,0,2026-07-09T11:00:33Z,PT15M5S,Frx2wJQlWRw
作業用BGM かっこいい,1 Hour Loop｜Push Beyond｜Epic Japanese Battle Music (和風戦闘BGM 1時間耐久),Gameflow Tunes Tokyo,139,12,2,2026-07-26T12:00:31Z,PT1H2M39S,tVTt28zyMes
作業用BGM かっこいい,【Japanese Bass&Trap】操-SO-【作業用bgm】,Shogun Beats,14,0,0,2026-07-26T11:59:29Z,PT1H15M32S,Iapj17qtHYI
作業用BGM かっこいい,正解はあなたが決める。洋楽風アニソンEDM🔥 作業用BGM 8曲,AXLERAT Music,15,2,0,2026-07-26T10:30:06Z,PT30M47S,S3IinKiaC0o
作業用BGM かっこいい,著作権フリーBGM【かっこいい、エモい、夏、花火、夜、テンション上がる、感動、爽やか、ピアノ、青春】｜夏Vlog・旅行・エンディング向け｜BGM273_Halation,たう | フリーBGM,50,6,2,2026-07-26T10:00:10Z,PT4M58S,eKLXYjK_fYM
作業用BGM かっこいい,🎵戦闘BGM🎵ウェディングドレスのANGEL 千代【フリーBGM・かっこいい・テンション上がる】,Mizu・ミズ【戦闘系BGM専門ch】,10,2,3,2026-07-26T09:00:01Z,PT2M48S,pNSzd-O_8No
作業用BGM かっこいい,へんてこだけどかっこいい曲【フリーBGM】,おやつメロディ【フリーBGM・作業用BGM】,18,4,0,2026-07-26T06:00:11Z,PT1M9S,JkYZH3FP9Do
作業用BGM かっこいい,【テンション上がる洋楽】ギアを上げたい朝に、一気に集中モードに入る｜1曲目でスイッチが入るかっこいい曲｜朝活 作業用 BGM,Tokyo Chill Tracks,442,7,0,2026-07-25T23:00:38Z,PT1H24M39S,yuvaQVXalXI
作業用BGM かっこいい,【フリーBGM】夏切符-natsukippu【夏/元気/明るい/かっこいい】#freebgm #フリーbgm #作業用bgm,Alice Music,87,1,1,2026-07-25T12:00:30Z,PT3M1S,i8AXAu6jbSg
作業用BGM かっこいい,【Playlist】夜だけの掟で踊る 10曲｜作業用BGM｜Future Core / Bass House｜Vocal｜NOCTURNAL ORDER,電脳少女RECORDS,56,1,1,2026-07-25T11:00:06Z,PT1H9M46S,FFeKGnPOrek
作業用BGM かっこいい,Hikage  PJ - 【Midnight Rivals】#aimusic  #オリジナル曲 #ドライブミュージック #ドライブミュージック #作業用bgm#イントロがかっこいい曲#テンポが速い曲,Hikage  Project,366,4,0,2026-07-25T00:01:32Z,PT1M,cmJmXJZzzYE
作業用BGM かっこいい,【和風×HipHop Mix】怪談Playlist 和風ラップ 夜の作業用BGM『チャイムの鳴らない学校』,和魂 -WAKON- BEATS,26,3,0,2026-07-24T23:00:26Z,PT1H23M27S,f0kCkgol29E
作業用BGM かっこいい,【元気が出る洋楽】流すだけで作業がはかどる洋楽｜1曲目で集中モードに入るかっこいい曲｜朝活 作業用 BGM,Tokyo Chill Tracks,172,4,0,2026-07-24T23:00:27Z,PT1H29M59S,HqOmD2f6GV0
作業用BGM かっこいい,尺八が、主役だ。Japanese Shakuhachi Groove BGM | 息遣いまで聞こえる和風グルーヴ🎋【作業 / 和風 / かっこいい / Japanese BGM】,Nemu Music,10,1,0,2026-07-24T15:00:00Z,PT1H2M45S,Pc_EwnyXMj4
作業用BGM かっこいい,No One Stands in Your Way｜Epic Japanese Battle Music (和風戦闘BGM),Gameflow Tunes Tokyo,675,24,12,2026-07-24T12:00:09Z,PT59M21S,vcCFgReiFnk
作業用BGM かっこいい,【異世界ゴシック音楽】星詠みの魔女による天体観測-The Witch of the Star Poem-【ゴシック/ファンタジー/かっこいい/作業用BGM/勉強用BGM/フリーBGM】,異世界巡礼記-Pilgrimage to Another World-,183,17,0,2026-07-24T11:00:26Z,PT1H4M45S,tiXYNUnRKws
作業用BGM かっこいい,【フリーBGM】風【かっこいい・HIPHOP・配信用・作業用・free・エレクトロ・和風】,coricori,25,5,0,2026-07-24T06:09:09Z,PT3M6S,9tt2R_tUlzw
作業用BGM かっこいい,【洋楽Playlist🎧】流すだけで集中が続く洋楽｜1曲目で作業モードに入るかっこいい曲｜朝活 作業用 BGM,Tokyo Chill Tracks,661,4,0,2026-07-23T23:00:20Z,PT1H23M28S,wpXYdnCTLTg
作業用BGM かっこいい,【作業用BGM】聴くほど、心を奪われる🔥クールでかっこいい重低音洋楽EDM MIX | Cool Aesthetic EDM,Mirai Music,228,10,0,2026-07-23T22:00:05Z,PT2H2M1S,h6Mvl3Cs1gs
作業用BGM かっこいい,【作業用BGM】心拍数が上がるAIアニメOP風メドレー｜中毒性×重低音×疾走感 × Emotional J-Rock,夜詠み,125,1,1,2026-07-23T12:20:09Z,PT35M7S,Odsk6L5LF-E
作業用BGM かっこいい,【フリーBGM】未来【かっこいい・HARDCORE・j-core・配信用・作業用・free・エレクトロ・和風】,coricori,85,3,0,2026-07-23T07:21:14Z,PT2M50S,GvPF-jaTmAI
作業用BGM かっこいい,【中毒注意⚠️】暑い夏に効く洋楽｜1曲目で作業モードに入るかっこいい曲｜朝活 作業用 BGM,Tokyo Chill Tracks,290,5,0,2026-07-22T23:00:30Z,PT1H30M45S,j4kJ_9eI-WU
作業用BGM かっこいい,【洋楽Playlist】流すだけで、外を歩く私が主役になるかっこいい洋楽🎧 通勤・外出・作業BGM,Better Life Radio,4043,61,1,2026-07-22T22:00:12Z,PT1H46M56S,MjQACtXHjlg
作業用BGM かっこいい,【AI×music】焔,AI×Music_channel,53,6,1,2026-07-22T14:00:19Z,PT4M18S,MV07Z-euIC8
作業用BGM かっこいい,【AI×music】UNLIMITED SOUL RIOT,AI×Music_channel,185,3,0,2026-07-22T14:00:01Z,PT1M10S,KEQ7Z1pgf14
作業用BGM かっこいい,"【洋楽Playlist】脳が覚醒する重低音グルーヴ｜作業用BGM , R&B , おしゃれ洋楽",Chillight Pop,89447,2280,34,2026-06-29T09:00:07Z,PT1H56M42S,Ga8YU1fjspo
作業用BGM かっこいい,走り出せ【AI応援ソング / 作業用BGM】ぴよエール,ぴよエール,1,0,0,2026-07-22T13:14:23Z,PT3M20S,LU0OufgbnAw
作業用BGM かっこいい,【洋楽】カッコイイ～♥こんな曲聴きたかった🫶｜K-POP&Pops playlist/ドライブ/Workout/作業用BGM/女性ボーカル,Musewave,24,4,0,2026-07-22T12:00:04Z,PT1H13M45S,L7JbK1gry34
作業用BGM かっこいい,月あかりがさしこんで - Remix #ルパン三世 #かっこいいBGM,velvet 404,191,1,0,2026-07-22T12:00:22Z,PT20S,OrfVUToXWYw
作業用BGM かっこいい,【作業用BGM / 戦闘曲】Bittersweet Boss Battle｜Epic Orchestral Rock Boss Battle Music【60 Min】,WhiteWhaleBGM / しろくじらBGM,34,2,0,2026-07-22T11:00:14Z,PT1H3M17S,eahz-LrpAw8
作業用BGM かっこいい,【重低音⚡️】ずっとかっこいい洋楽｜1曲目から心地よく熱くなる。/洋楽/KPOP/HIPHOP/洋楽メドレー/洋楽MIX/EDM/重低音/筋トレ/POP/作業用BGM/ドライブ,Tokyo BGM Studio,2852,39,2,2026-07-22T10:30:34Z,PT1H44M7S,0QlrRuWCmYY
作業用BGM かっこいい,【作業用BGM】ラスボス戦みたいなAIアニメOP風メドレー｜中毒性×重低音×疾走感 × Emotional J-Rock,夜詠み,168,2,1,2026-07-22T10:00:07Z,PT35M29S,j58YbFFmGDg
作業用BGM かっこいい,【戦闘BGM】神が見捨てた聖女に悪魔だけが手を差し伸べる｜BLUE ROSE HERESY -黒き祝福に染まる聖女-【フリーBGM・ゴシック・ダーク・かっこいい・作業用・ゲーム実況】,Rhymix Studio,108,8,0,2026-07-22T08:00:08Z,PT4M30S,JfWBUHquDiY
作業用BGM かっこいい,【作業用BGM】夜の衝動を鳴らす女性ボーカルJ-Rock 10曲｜ドライブ・勉強・筋トレ,Freedom Beats Lab,248,8,5,2026-07-22T08:00:11Z,PT36M55S,dZ0xyLbGagA
作業用BGM かっこいい,【フリーBGM】緋色の舞踏会【雑談/配信/作業/かっこいい/切ない】,小笠原 ちあき,15,0,0,2026-07-22T02:28:08Z,PT39M58S,abI0s9jwr9k
作業用BGM かっこいい,『Raskado』何年も話せなかった姉妹が、父の最後の舞台で見つけた言葉 #洋楽 #感動する曲 #心に響く曲,Lost Melody,145,1,0,2026-07-22T00:11:20Z,PT3M1S,KrZP24Df370
作業用BGM かっこいい,Into the Fray｜Epic Japanese Battle Music (和風戦闘BGM),Gameflow Tunes Tokyo,2307,79,6,2026-07-21T12:00:07Z,PT47M28S,zXGLfeASFTc
作業用BGM かっこいい,"【Playlist】心はシャッフル "" 高BPM × 乱高下 "" 全10曲｜作業用BGM｜ Futurecore × Hyperpop｜Vocal｜SHUFFLE",電脳少女RECORDS,169,5,6,2026-07-21T11:00:17Z,PT1H2M32S,TogaLy8EeTI
作業用BGM かっこいい,【Playlist｜Vocal入り】Full Throttle Summer│Melodic Hardcore│疾走感/かっこいい/バンド/邦ロック/作業用BGM/フリーBGM,StellaMareMusic,48,1,0,2026-07-21T09:00:34Z,PT1H8M32S,QnCEL6ebCi8
作業用BGM かっこいい,【和風×HipHop Mix】怪談Playlist⚠️ 和風ラップ 夜の作業用BGM『かえりみち』,和魂 -WAKON- BEATS,109,9,2,2026-07-20T22:00:39Z,PT1H31M17S,K7f6InyUgMs
作業用BGM かっこいい,【作業用BGM】個人的に好きなオリジナルボカロ曲10選【総集編】,黒海苔,86,3,11,2026-07-20T15:27:56Z,PT40M59S,pQKA0ApfJiA
作業用BGM かっこいい,【AI×music】混ぜるな危険,AI×Music_channel,193,3,0,2026-07-20T14:00:11Z,PT46S,dtt7d7tXN0s
作業用BGM かっこいい,【フリーBGM】小悪魔ちゃんがあらわれた 【chiptune/可愛い/ゲーム/8bit/ピコピコ音/レトロ音】,Hanako,102,8,1,2026-07-20T13:50:46Z,PT2M41S,3_qWy41BBsY
作業用BGM かっこいい,【歴代ポケモン】シリーズに新たな風を吹かせた名曲まとめ【BGM】【作業用BGM】,出でくるものチャンネル,146095,2672,203,2026-07-20T09:00:21Z,PT1H30M19S,PHUDXW02xQA
作業用BGM かっこいい,【Japanese Bass&Trap】業-GYOU-【作業用bgm】,Shogun Beats,49,2,0,2026-07-20T06:25:33Z,PT1H11M18S,gqwb504Qi0s
作業用BGM かっこいい,【作業用BGM】DANCE MIX | 真夜中のプレイリスト | 艶やかに揺れる、エモかっこいいダンスチューン MIX,VOXLUV Clips,7,0,0,2026-07-20T00:30:25Z,PT57M22S,6doLCQmk1Ak
作業用BGM かっこいい,【Playlist】聴くだけで主人公になれる少年アニメOP風プレイリスト｜アニソン | テンションが上がる｜かっこいい｜J-POP & J-ROCK Mix【作業用BGM】,ろくろくさん,483,17,1,2026-07-19T12:22:09Z,PT1H9M45S,8txh69vNe_s
作業用BGM かっこいい,【２時間 作業用BGM】心を優しくほどくギタージャズ,うさレコ_JAZZ,30,4,0,2026-07-19T12:00:06Z,PT2H5M1S,FRbWTc44mBk
作業用BGM かっこいい,【和風Playlist】作業用BGM 和風ヘヴィロック×重低音｜三味線・尺八・和太鼓で集中する【インスト】, A.S Works,997,36,5,2026-07-19T12:00:09Z,PT2H4M5S,YYR1A46DurA
作業用BGM かっこいい,【異世界ゴシック音楽】主人に仕える妖魔館のメイド-The Maid of the Demon Manor-【ゴシック/ファンタジー/かっこいい/作業用BGM/勉強用BGM/フリーBGM】,異世界巡礼記-Pilgrimage to Another World-,950,54,4,2026-07-19T11:00:31Z,PT1H8M32S,rG8CARZYEjc
作業用BGM かっこいい,【Playlist】青い夜に沈む。Dark Pop×重低音【作業用BGM】,Dark Bitter Melody,342,14,2,2026-07-19T11:00:36Z,PT1H5M47S,7W5szG1PrqU
作業用BGM かっこいい,【作業用BGM】疲れてからが本番🔥　夜ラン180BPMユーロビート,RunBeat AI,43,2,0,2026-07-19T10:48:35Z,PT4M39S,6XwrBoc1cYQ
作業用BGM かっこいい,かっこいい和風BGM26【フリーBGM 作業用 著作権フリー】,タビビトセカイ,1,0,0,2026-07-18T15:20:26Z,PT3M14S,0OKVgc5ldRU
作業用BGM かっこいい,かっこいい和風BGM25【フリーBGM 作業用 著作権フリー】,タビビトセカイ,1,0,0,2026-07-18T15:17:12Z,PT2M33S,R6xHybQPQ0I
作業用BGM かっこいい,かっこいい和風BGM24【フリーBGM 作業用 著作権フリー】,タビビトセカイ,3,0,0,2026-07-18T15:08:29Z,PT3M13S,bMIoOBLxZUs
作業用BGM かっこいい,かっこいい和風BGM23【フリーBGM 作業用 著作権フリー】,タビビトセカイ,2,0,0,2026-07-18T15:02:08Z,PT3M,tflAix6ieg8
作業用BGM かっこいい,【作業用BGM】アニメOPみたいなかっこいいオリジナルロック曲10選【総集編】,黒海苔,121,2,13,2026-07-18T15:00:20Z,PT40M40S,jDmPFDCdkO8
作業用BGM かっこいい,かっこいい和風BGM22【フリーBGM 作業用 著作権フリー】,タビビトセカイ,2,0,0,2026-07-18T14:57:00Z,PT3M13S,SF5wEyXmuwQ
作業用BGM かっこいい,かっこいい和風BGM21【フリーBGM 作業用 著作権フリー】,タビビトセカイ,1,0,0,2026-07-18T14:53:18Z,PT3M2S,4lJthIp1vws
作業用BGM かっこいい,かっこいい和風BGM20【フリーBGM 作業用 著作権フリー】,タビビトセカイ,7,0,0,2026-07-18T14:50:28Z,PT1M37S,6tFWVmdMeEQ
作業用BGM かっこいい,かっこいい和風BGM19【フリーBGM 作業用 著作権フリー】,タビビトセカイ,1,0,0,2026-07-18T14:48:28Z,PT2M59S,QuFZJGC4YaQ
作業用BGM かっこいい,かっこいい和風BGM18【フリーBGM 作業用 著作権フリー】,タビビトセカイ,1,0,0,2026-07-18T14:34:15Z,PT2M48S,ASeSiGwyzM8
作業用BGM かっこいい,かっこいい和風BGM17【フリーBGM 作業用 著作権フリー】,タビビトセカイ,1,0,0,2026-07-18T14:29:16Z,PT2M15S,PovjsakXLAs
作業用BGM かっこいい,かっこいい和風BGM16【フリーBGM 作業用 著作権フリー】,タビビトセカイ,1,0,0,2026-07-18T14:24:28Z,PT58S,cnhbKw6nqjQ
作業用BGM かっこいい,かっこいい和風BGM15【フリーBGM 作業用 著作権フリー】,タビビトセカイ,2,0,0,2026-07-18T14:21:43Z,PT3M20S,_D3_OhBgqEA
作業用BGM かっこいい,かっこいい和風BGM14【フリーBGM 作業用 著作権フリー】,タビビトセカイ,1,0,0,2026-07-18T14:17:24Z,PT3M5S,a72P0pX1qgE
作業用BGM かっこいい,かっこいい和風BGM13【フリーBGM 作業用 著作権フリー】,タビビトセカイ,1,0,0,2026-07-18T14:13:16Z,PT3M20S,vW1TWUw0mqk
作業用BGM かっこいい,かっこいい和風BGM12【フリーBGM 作業用 著作権フリー】,タビビトセカイ,11,0,0,2026-07-18T14:09:55Z,PT2M46S,BI83DsivKX8
作業用BGM かっこいい,かっこいい和風BGM11【フリーBGM 作業用 著作権フリー】,タビビトセカイ,9,0,0,2026-07-18T14:04:32Z,PT2M40S,BwxI_5-gn-8
作業用BGM かっこいい,かっこいい和風BGM10【フリーBGM 作業用 著作権フリー】,タビビトセカイ,0,0,0,2026-07-18T14:00:19Z,PT3M5S,h_bv7fErkuo
作業用BGM かっこいい,かっこいい和風BGM9【フリーBGM 作業用 著作権フリー】,タビビトセカイ,4,0,0,2026-07-18T13:58:04Z,PT2M37S,MM3Aslwpvgs
作業用BGM かっこいい,かっこいい和風BGM8【フリーBGM 作業用 著作権フリー】,タビビトセカイ,16,0,0,2026-07-18T13:54:37Z,PT1M28S,cHQBQ2_E0jk
作業用BGM かっこいい,かっこいい和風BGM7【フリーBGM 作業用 著作権フリー】,タビビトセカイ,9,0,0,2026-07-18T13:52:22Z,PT2M38S,To65Tk-fS-Q
作業用BGM かっこいい,かっこいい和風BGM6【フリーBGM 作業用 著作権フリー】,タビビトセカイ,0,0,0,2026-07-18T13:48:09Z,PT3M3S,T2Zf1_JhNio
作業用BGM かっこいい,かっこいい和風BGM5【フリーBGM 作業用 著作権フリー】,タビビトセカイ,45,0,0,2026-07-18T13:42:37Z,PT59S,ivFQh-KmhZ0
作業用BGM かっこいい,かっこいい和風BGM4【フリーBGM 作業用 著作権フリー】,タビビトセカイ,52,0,0,2026-07-18T13:39:05Z,PT1M58S,lDU786tzvEI
作業用BGM かっこいい,かっこいい和風BGM3【フリーBGM 作業用 著作権フリー】,タビビトセカイ,13,0,0,2026-07-18T13:33:59Z,PT2M45S,0XsptWJrGXI
作業用BGM かっこいい,かっこいい和風BGM2【フリーBGM 作業用 著作権フリー】,タビビトセカイ,9,0,0,2026-07-18T13:31:21Z,PT2M10S,suEcipo6CuU
作業用BGM かっこいい,かっこいい和風BGM1【フリーBGM 作業用 著作権フリー】,タビビトセカイ,4,0,0,2026-07-18T13:27:05Z,PT2M18S,BZcUv3YKaxA
作業用BGM かっこいい,【作業用BGM】夜が明けるまで止まらない疾走系AIアニメOP風メドレー｜j-rock anime【playlist】,夜詠み,110,2,1,2026-07-18T10:00:30Z,PT35M25S,nTFXi472JRg
作業用BGM かっこいい,Hikage PJ - 【 蒼天のコード 】 #aimusic #オリジナル曲 #ドライブミュージック#作業用bgm #イントロがかっこいい曲#テンポが速い曲#Hikage PJ,Hikage  Project,199,2,0,2026-07-18T01:57:48Z,PT58S,jaQ4NQ0JG-E
作業用BGM かっこいい,【作業用BGM】火車絵巻-日本妖怪playlist【和風 メタル Dubstep かっこいい】,妖怪楽譚 | YOKAI GAKUTAN,25,3,0,2026-07-17T12:13:57Z,PT20M58S,3tJ-FFxwQ0A
作業用BGM かっこいい,Make Your Move｜Epic Japanese Battle Music (和風戦闘BGM),Gameflow Tunes Tokyo,2413,98,8,2026-07-17T12:00:11Z,PT41M5S,Cv3FueqSJE8
作業用BGM かっこいい,【作業用BGM和風ロックPlaylist】尺八と箏が駆け抜ける和楽器ロック｜疾走・女性ボーカル｜77分,和奏ロック堂 | Japanese Rock BGM,340,11,0,2026-07-17T09:00:24Z,PT1H17M33S,71lQ8hMH0IQ
作業用BGM かっこいい,【200曲】超厳選アニソンサビメドレーVol.2《作業用BGM》《疾走感強め》,とあるアニオタの趣味部屋,22528,111,3,2026-07-17T08:17:24Z,PT1H51M38S,QqDxa7cDYxY
作業用BGM かっこいい,【戦闘BGM】黒薔薇が咲くたび死者が目を覚ます｜GOTHIC OF THE DEAD -死者に咲く黒薔薇-【フリーBGM・ゴシック・ダーク・かっこいい・作業用・ゲーム実況】,Rhymix Studio,173,15,2,2026-07-17T08:00:22Z,PT3M57S,fJiR41fEHck
作業用BGM かっこいい,【作業用BGM】Fantasy Pirate Folk Music –ラム酒と月夜の甲板【全曲違う1時間】【酒場・異世界ファンタジー・ケルト音楽・勉強用BGM・1hour・かっこいい】,グルニエの音盤棚 - Attic Fantasy Sound Archive -,136,5,3,2026-07-17T07:00:09Z,PT1H1M5S,_lNhOfHhC94
作業用BGM かっこいい,【フリーBGM】”ショート動画が伸びる”かっこいい曲「dopagaki phonk 他」 #商用利用可 #作業用【1時間】,けろち,54,0,0,2026-07-17T03:00:12Z,PT1H9M34S,eHesPL3umKI
作業用BGM かっこいい,【作業用BGM】ラスボス戦みたいなAIアニメOP風メドレー｜j-rock anime【playlist】,夜詠み,890,21,2,2026-07-16T10:00:00Z,PT41M3S,I8ImCnFfY9c
作業用BGM かっこいい,かっこいい戦闘BGM【フリーBGM/アツい！】,おやつメロディ【フリーBGM・作業用BGM】,34,4,0,2026-07-16T06:00:12Z,PT1M3S,-s9ilv5nFTY
作業用BGM かっこいい,『Skemble』聴くほど世界が少しずつズレていく、予測不能の中毒性サウンド #洋楽 #作業用BGM #ドライブBGM #かっこいい曲 #中毒性 #おすすめ曲,Lost Melody,629,2,0,2026-07-16T00:21:49Z,PT3M1S,eYohasTwsxc
作業用BGM かっこいい,【フリーBGM】星導の序曲【雑談/配信/作業/かっこいい】,小笠原 ちあき,16,0,0,2026-07-15T18:13:52Z,PT42M29S,BrsZyFMhBLc
作業用BGM かっこいい,絶望の淵で、まだ戦う。Epic Dark Battle BGM | オーケストラ×ロック融合の決戦曲🗡️【RPG / Boss Battle BGM】,Nemu Music,43,2,0,2026-07-15T15:00:01Z,PT59M59S,BvLwfvAhxzo
作業用BGM かっこいい,ガールクラッシュ風 🔥 かっこいいBGM | Girl Crush Beats #Shorts,Chill Shorts BGM,212,2,1,2026-07-15T12:46:59Z,PT28S,VuQR9vxC8DA
作業用BGM かっこいい,預言なき夜に踊れ - Remix #ルパン三世 #かっこいいBGM,velvet 404,224,2,0,2026-07-15T12:00:25Z,PT22S,bo5sDjC3_jk
作業用BGM かっこいい,ガールクラッシュ風 🔥 かっこいいBGM | Girl Crush Beats #Shorts,Chill Shorts BGM,5,1,0,2026-07-14T19:24:58Z,PT1M23S,tops2Hx9838
作業用BGM かっこいい,ピアノが、主役だ。Fast Japanese Piano BGM | 疾走する鍵盤×和風グルーヴ🎹【作業 / かっこいい / 集中 / Japanese BGM】,Nemu Music,14,1,0,2026-07-14T15:00:36Z,PT1H1M44S,VmJ_yUf8j-Y
作業用BGM かっこいい,【Japanese Bass&Trap】無-MU-【作業用bgm】,Shogun Beats,47,2,0,2026-07-14T12:33:27Z,PT1H10M2S,A0SyA_219OA
作業用BGM かっこいい,Switch to Battle Mode｜Epic Japanese Battle Music (和風戦闘BGM),Gameflow Tunes Tokyo,3435,108,6,2026-07-14T12:00:35Z,PT41M,BoScVsz3hnw
作業用BGM かっこいい,『Craxen』無機質な音なのに、なぜか身体が止まらなくなる。 #洋楽 #作業用BGM #ドライブBGM #中毒性 #かっこいい曲 #ダンスミュージック,Lost Melody,155,1,0,2026-07-14T10:12:09Z,PT3M1S,YeGIxn_jlj8
作業用BGM かっこいい,【Playlist】かわいい声でクールに駆け抜ける 10曲｜作業用BGM｜Future core × Bass House｜Vocal｜BLOOM & BLADE,電脳少女RECORDS,837,23,5,2026-07-14T10:00:10Z,PT1H4M19S,nHEv-ppw6ls
作業用BGM テンション上がる,彼岸花　｜　和ロック　｜　テンション上がるBGM,KM_musicworld,83,3,0,2026-07-26T12:30:58Z,PT4M25S,fLnrZD818A0
作業用BGM テンション上がる,【朝の神曲】一気に気分が上がる爽やか洋楽｜1曲目でスイッチが入る通勤Playlist（Wake Up Songs）,Tokyo Happy Music,4,0,0,2026-07-26T11:00:32Z,PT1H14M59S,48rNg1EJNto
作業用BGM テンション上がる,【作業用BGM】気持ちが軽くなる夏にテンションが上がる和風BGM｜60min｜勉強用・朝活用,幻想和音,6,0,0,2026-07-26T11:00:26Z,PT1H1M44S,O-zVQeju4xU
作業用BGM テンション上がる,【気分が上がるBGM】Japanese J-POP R&B 休み明け、仕事や学校の前に聴く｜ドライブや通勤・通学、作業用にもぴったり | テンション上がる |  青羽-Aoha,青羽-Aoha,124,9,2,2026-07-26T10:12:51Z,PT1H39S,hOxydI1G89s
作業用BGM テンション上がる,激ロー [Palworld 1.0]#16【twitch配信アーカイブ】【作業用BGMなどにどうぞ】,ｳﾒﾉﾘﾏｷ,2,0,0,2026-07-26T10:03:59Z,PT2H25M28S,7gN9ExTNs-s
作業用BGM テンション上がる,【作業用BGM】戦闘音楽『Reversal』Epic Battle Music /Rock Work Music Free BGM [NO ADS],Crimson Katana,10,0,0,2026-07-26T10:00:40Z,PT1H6M46S,CaUIHxawhNs
作業用BGM テンション上がる,著作権フリーBGM【かっこいい、エモい、夏、花火、夜、テンション上がる、感動、爽やか、ピアノ、青春】｜夏Vlog・旅行・エンディング向け｜BGM273_Halation,たう | フリーBGM,50,6,2,2026-07-26T10:00:10Z,PT4M58S,eKLXYjK_fYM
作業用BGM テンション上がる,【Playlist】🌇 夏が終わる前に聴きたい！テンション上がる Punk Rock｜作業用・ドライブBGM,Punk Dash Works,1,1,0,2026-07-26T09:00:23Z,PT1H35S,FhYDJXEBMIs
作業用BGM テンション上がる,【洋楽Playlist】聴くだけで明るく元気になれるポジティブ洋楽メドレー | 作業用BGM | Summer Song,Daily life music,48,0,0,2026-07-26T09:00:15Z,PT1H22M37S,s_mFILXv_d8
作業用BGM テンション上がる,【洋楽】テンション上がるかわいいEDM,MusicTown_EDM,4,0,0,2026-07-26T09:00:14Z,PT2M5S,TT09rbbkf1g
作業用BGM テンション上がる,【作業用】今でも歌える！平成ガンダム・ロボットアニメ主題歌メドレー,私たちのアニメ,2,0,0,2026-07-26T09:00:31Z,PT1H22M1S,hu3NSQOfkwY
作業用BGM テンション上がる,【本能で集中】脳を揺らす重低音トライバルハウス / リズムに乗って爆速で片付ける作業用BGM,森の遊び場,15,1,0,2026-07-26T01:00:11Z,PT2H2M29S,z8n73IwaoJY
作業用BGM テンション上がる,【テンション上がる洋楽】ギアを上げたい朝に、一気に集中モードに入る｜1曲目でスイッチが入るかっこいい曲｜朝活 作業用 BGM,Tokyo Chill Tracks,442,7,0,2026-07-25T23:00:38Z,PT1H24M39S,yuvaQVXalXI
作業用BGM テンション上がる,"Bruno Mars, Justin Bieber,Maroon,Zayn,Adele,Dua Lipa,Ed Sheeran【ビルボード 2026 最新】【洋楽 ヒット チャート 最新2026",My Music,514,3,0,2026-07-25T20:00:06Z,PT3H16M29S,CvjD_PhNlNA
作業用BGM テンション上がる,【洋楽 ヒット チャート 最新2026】⚡️🍒2026年 ヒット曲 洋楽 ★ 2026年人気の洋楽ランキング⚡️🍒 音楽テンションの上がる洋楽集 2026 ★ 洋楽 2026,My Music,219,0,0,2026-07-25T16:33:04Z,PT1H3M34S,52HqvZITBfs
作業用BGM テンション上がる,【作業用BGM】戦闘音楽『unyielding』 Epic Music /Battle Music/Rock Work Music Free BGM [NO ADS],Crimson Katana,27,0,0,2026-07-25T10:00:09Z,PT1H7M17S,3xYWm5Z0SZ4
作業用BGM テンション上がる,404MELTY:ERROR,ERROR:HEART,161,0,0,2026-07-25T10:00:11Z,PT1M11S,60r0i38HMRQ
作業用BGM テンション上がる,【和風Future Funk】限界を越えて - Beyond the Limits - ろーとP【作業用BGM / テンションが上がる曲】 #music  #音楽,ろーとP | AI Music,7,0,0,2026-07-25T09:30:03Z,PT2M54S,hQ73UiBRrkM
作業用BGM テンション上がる,戦国侍BGM ⚔️ テンション上がる和風ロック #shorts #作業用bgm #battlebgm,Samurai Battle BGM【和楽器×ロック】,6,0,0,2026-07-25T09:00:02Z,PT41S,iB5UAsxIzRw
作業用BGM テンション上がる,【洋楽】テンション上がるかわいいEDM,MusicTown_EDM,1,0,0,2026-07-25T09:00:39Z,PT2M4S,9hMbSGzuNoU
作業用BGM テンション上がる,【重低音xボカロ】爆速＆爆カワ ユーロビート ノンストップMix | ドライブ・ゲーミング・作業用BGM テンション爆上げメドレー Vol.2,Nitro Flow Records,29,1,0,2026-07-25T08:50:56Z,PT47M1S,HRgJ-AkiEC8
作業用BGM テンション上がる,【Playlist】心が自然と明るくなる洋楽BGM 🌈 | ポジティブ BGM | 作業用BGM,AI.BGM.Stream,382,21,2,2026-07-24T23:00:15Z,PT1H1M16S,JrqDBm26DOA
作業用BGM テンション上がる,一瞬で気分が前向きになる洋楽ポップBGM | 作業用BGM・勉強用・ドライブ・朝の気分上げ | Happy Upbeat Vibes,テンションあがる洋楽BGM | Happy Upbeat Vibes,406,15,1,2026-07-24T22:00:01Z,PT1H14M47S,-zRD92oXUnk
作業用BGM テンション上がる,【Playlist】POP PUNK  - Pure Energy 🎸｜Workout｜Motivation｜Drive｜カッコいい洋楽｜作業用BGM｜テンション上がる｜筋トレ｜ドライブ｜ロック｜,N.C★Music,1322,50,12,2026-07-24T22:00:10Z,PT1H3M20S,yAvko2HXPtQ
作業用BGM テンション上がる,【洋楽Playlist】聴くだけで明るく元気になれるポジティブ洋楽メドレー | 作業用BGM | Good Vibes Mix,Otoakari Cozy Vibes,2605,30,5,2026-07-20T22:00:17Z,PT2H2M52S,tdfgXzvPARQ
作業用BGM テンション上がる,【歌枠 / KARAOKE】 テンション上がる夏歌メドレー！ 作業用BGM【甘狐ユウナ/新人VTuber】,甘狐ユウナ / Amagitsune Yuna,127,14,3,2026-07-16T02:30:11Z,PT1H4M1S,wwxqshoV5f4
作業用BGM テンション上がる,【広告なし】音楽テンションの上がる洋楽集 【作業用BGM】👱 やる気を全開にさせる最強洋楽メドレ ー 🎶 最も再生された人気の洋楽プレイリスト 2026   洋楽メドレー💎,My Music,965,5,0,2026-07-14T20:00:06Z,PT2H16M7S,oPc3vUCtY-0
作業用BGM テンション上がる,"【洋楽 ヒット チャート 最新2026】★【洋楽メドレー2026】🎧Bruno Mars, Dua Lipa,Ed Sheeran,Justin Bieber ,Maroon,Zayn,Adele",My Music,912,2,0,2026-07-24T20:00:06Z,PT3H19M21S,ylDDfsec2w8
作業用BGM テンション上がる,【作業用BGM⚔️】Epic Battle / Power Rock『FLAMES OF ETERNITY』,SHOGUN'S VALKYRIE,10,2,0,2026-07-24T15:00:16Z,PT35M2S,JYy0X2C1NqU
作業用BGM テンション上がる,"【BGM Playlist】超絶上がる""未来感""幻想EDM｜作業・集中用BGM｜ Best Selection｜Future EDM Mix｜4K｜Female Vocal｜MV  03",千雪鶴羽,5,2,0,2026-07-24T13:00:15Z,PT56M13S,fWfX4ZWQP28
作業用BGM テンション上がる,【洋楽playlist】旅行中の朝に聴きたいテンション上がるBGM☀️✈️｜かわいい洋楽｜travel morning playlist,産声メモリーズ,47,2,0,2026-07-24T12:00:09Z,PT48M52S,3QjZ5TNXqFM
作業用BGM テンション上がる,【作業用BGM】絶対！ハッピー宣言！ ／ どるあ・りぃある｜勉強用・仕事用・テンションが上がるアイドルソングメドレー,GGGe Records,37,2,0,2026-07-24T10:45:24Z,PT1H12S,DoUE3cSellY
作業用BGM テンション上がる,【作業用BGM】戦闘音楽『Raigeki』 Epic Music /Battle Music/Hybrid Orchestral Rock Free BGM [NO ADS],Crimson Katana,105,4,0,2026-07-24T10:00:06Z,PT1H3M39S,m4S3RKBJbqM
作業用BGM テンション上がる,テンション上がる！やるきが湧く！前向きでポジティブな洋楽プレイリスト｜作業用BGM｜Feel-Good BGM｜Slow Morning BGM｜,Slow Morning Studio,190,4,0,2026-07-24T09:22:06Z,PT10H34M36S,c1DVMSJROUI
作業用BGM テンション上がる,【高音質】歌詞が良すぎる感動のバラードアニソン集【作業用BGM】,私たちのアニメ,3,0,0,2026-07-24T09:00:04Z,PT1H23M1S,FmuMvLHUnKw
作業用BGM テンション上がる,【110min耐久】テンションぶち上がる洋楽 | 洋楽プレイリスト | フリーBGM｜作業用BGM |,free music studio,1119,46,0,2026-07-24T09:00:11Z,PT1H27M33S,TS5cS3o_S20
作業用BGM テンション上がる,【洋楽】テンション上がるかわいいEDM,MusicTown_EDM,1,0,0,2026-07-24T09:00:24Z,PT1M53S,JjrJRPAnrPY
作業用BGM テンション上がる,【作業用BGM】疾走感のあるシンセサイザーとピアノのメドレー 25分超 | 集中・勉強・テンションが上がる【集中しろ4】,タイムアタックBGM - 25分ポモドーロ集中タイマー -,16,0,2,2026-07-24T06:00:31Z,PT25M18S,6pGA7ggDlaA
作業用BGM テンション上がる,裂ける稲妻 - テンションが上がるロック【作業用BGM】,とうろくチャン,23,0,0,2026-07-24T05:13:01Z,PT3M58S,3OZ37j4OohU
作業用BGM テンション上がる,"Playlist | ​2026 테토녀의 성수동 데이트 코스 플리 오빠 오늘 집안보내~ 🍷 둠칫둠칫 극강그루브 | Ultimate Groove Drive, 드라이브",JAZZINDIP,7,3,2,2026-07-24T00:00:01Z,PT1H46M39S,feK7xcZE_aM
作業用BGM テンション上がる,音楽テンションの上がる洋楽集 【作業用BGM】 やる気を全開にさせる最強洋楽メドレー ト,最新洋楽,353,2,1,2026-07-23T23:00:26Z,PT29S,u1VGbzqPHVM
作業用BGM テンション上がる,【洋楽 ヒット チャート 最新2026】⚡️🍒2026年 ヒット曲 洋楽 ★ 2026年人気の洋楽ランキング⚡️🍒 音楽テンションの上がる洋楽集 2026 ★ 洋楽 2026,My Music,363,1,0,2026-07-23T20:00:06Z,PT3H26M38S,f3314lqaciM
作業用BGM テンション上がる,【作業用BGM】狂気で愉快なEDM エレクトロスウィング｜マッドサイエンティストの悪戯BGM,Jellyfish-Digital-Cafe,672,48,6,2026-07-23T11:45:37Z,PT41S,2ttexvS5xls
作業用BGM テンション上がる,LArc~en〜Ciel 妖艶な雰囲気ながらテンションが上がる曲メドレー「フル作業用BGMは関連動画に👇」#larcenciel #ラルク #hyde #musicshorts #ライブ映像,トミマキ,20125,276,4,2026-07-23T11:25:06Z,PT46S,jUbbYb66Tug
作業用BGM テンション上がる,【作業用BGM】L'Arc〜en〜Ciel 妖艶な雰囲気だがテンションが上がる曲10選（90年代のアルバム収録曲のみ）　#larcenciel #hyde #プレイリスト #music ,トミマキ,81,4,1,2026-07-23T11:00:00Z,PT46M12S,sevr_epe6s0
作業用BGM テンション上がる,【作業用BGM】戦闘音楽 Epic Battle Music/Rock Background Music『Bulletstorm』Free BGM [NO ADS],Crimson Katana,121,0,2,2026-07-23T10:00:30Z,PT1H4M40S,a8_8Zm9RdDA
作業用BGM テンション上がる,【2026最新】ガールズバー・キャバクラでアドレナリン全開🔥 超ハイテンションEDM BGM Vol.1｜Hyper Techno・Eurobeat・Hardstyle Mix【63分】,SAMURAI WAVES,40,4,2,2026-07-23T09:54:02Z,PT1H2M49S,mLXHdQYO9Dw
作業用BGM テンション上がる,夏祭りBGM｜縁日気分でテンションが上がる洋楽｜Summer Festival Mix,Switch On BGM,1,0,0,2026-07-23T09:00:07Z,PT1H10M32S,rRMGJq3TrZc
作業用BGM テンション上がる,【作業用BGM】テンション爆上がり！ゲームBGMノンストップメドレー【36曲】,LUDIX -ゲーム名曲MAD製作所-,20,9,3,2026-07-23T09:00:10Z,PT14M8S,qEuJaNwXrTc
作業用BGM テンション上がる,【洋楽】テンション上がるかわいいEDM,MusicTown_EDM,10,0,0,2026-07-23T09:00:11Z,PT1M57S,ObFaln-L6TA
作業用BGM テンション上がる,聴くだけで明るく元気になれるポジティブ洋楽メドレー | 作業用BGM | Good Vibes Mix #元気が出る曲   #洋楽メドレー #気分が上がる洋楽,Otoakari Cozy Vibes,901,8,0,2026-07-22T22:00:24Z,PT32S,yYaGhoDoim0
作業用BGM テンション上がる,【洋楽 ヒット チャート 最新2026】⚡️🍒2026年 ヒット曲 洋楽 ★ 2026年人気の洋楽ランキング⚡️🍒 音楽テンションの上がる洋楽集 2026 ★ 洋楽 2026,My Music,203,0,0,2026-07-22T20:00:06Z,PT3H10M4S,u69_3X5AK_g
作業用BGM テンション上がる,【洋楽BGM】ヘビロテ確定。思わずテンションアガる洋楽Mix｜リラックス・作業用・勉強・気分UP・仕事・集中,結music_洋楽BGM,575,9,1,2026-07-22T15:00:13Z,PT1H34M11S,HVA4oMmos3A
作業用BGM テンション上がる,【作業用・夜ドライブBGM🌃】テンション上がるHyper DancePop Playlist | HYPER DANCEPOP,coco_anaria,50,3,1,2026-07-22T12:30:40Z,PT40M41S,wJfyQz4u1Ww
作業用BGM テンション上がる,【洋楽playlist】聴いたら気分が爆上がりする洋楽Mix🎧relaxing/chillout/work/study/作業用BGM,Chill & Mellow Lounge,380,7,0,2026-07-22T11:00:27Z,PT1H4M44S,1Mo9npwx4hc
作業用BGM テンション上がる,【朝BGM】「今日もいくよ！」通勤・通学にテンションUP洋楽｜1曲目でテンションが上がるPlaylist,Tokyo Happy Music,138,7,0,2026-07-22T11:00:03Z,PT1H13M51S,8zrLqkJcy7M
作業用BGM テンション上がる,【作業用BGM】戦闘音楽 Epic Battle Music/Rock Background Music『Nemesis』Free BGM[NO ADS],Crimson Katana,105,4,0,2026-07-22T10:00:35Z,PT1H6M43S,I690qpvTIt8
作業用BGM テンション上がる,【洋楽】テンション上がるかわいいEDM,MusicTown_EDM,6,1,0,2026-07-22T09:00:02Z,PT2M38S,V4qc35ZNAiI
作業用BGM テンション上がる,【洋楽】テンション上がるかわいいEDM,MusicTown_EDM,3,0,0,2026-07-22T09:00:35Z,PT2M3S,csNVBsknITk
作業用BGM テンション上がる,【作業用BGM】夜の衝動を鳴らす女性ボーカルJ-Rock 10曲｜ドライブ・勉強・筋トレ,Freedom Beats Lab,248,8,5,2026-07-22T08:00:11Z,PT36M55S,dZ0xyLbGagA
作業用BGM テンション上がる,【洋楽 ヒット チャート 最新2026】⚡️🍒2026年 ヒット曲 洋楽 ★ 2026年人気の洋楽ランキング⚡️🍒 音楽テンションの上がる洋楽集 2026 ★ 洋楽 2026,My Music,105,0,0,2026-07-22T03:26:38Z,P0D,3cjrsznHLq4
作業用BGM テンション上がる,【Playlist】夏に合うオシャレな洋楽BGM 🌈 | ポジティブ BGM | 作業用BGM,AI.BGM.Stream,497,18,4,2026-07-21T22:30:04Z,PT1H15M14S,-iMt56-n8-s
作業用BGM テンション上がる,夏の歌 2026🌊🌊🌊 夏に聴きたい曲 2026🍉 夏に聴きたい曲 ドライブ 夏歌 サマーソング メドレー邦楽!【作業用BGM】J POP夏の歌,J-Pop Vibes,247,0,0,2026-07-21T21:00:06Z,PT2H35M15S,KHxtu3cGPfA
作業用BGM テンション上がる,"【BPM早め】アップテンポでハイテンションなレゲエ🔥｜作業用bgm｜筋トレbgm,hip hop,#レゲエ#ジャパレゲ 作業用bgm, 夏フェス",Chill&Lo-fi Lounge,2734,63,3,2026-07-21T21:00:12Z,PT1H1M23S,caXO5e0hEIc
作業用BGM テンション上がる,【Playlist】心が軽くなるまで、アクセルを踏もう｜作業用BGM,SOUNDS OF LUMERIA,184,3,2,2026-07-21T11:00:13Z,PT1H13M30S,2IYWwqyKNIs
作業用BGM テンション上がる,【作業用BGM】戦闘音楽『Reversal』Epic Battle Music /Rock Work Music 【Free BGM[NO ADS],Crimson Katana,51,1,0,2026-07-21T10:00:15Z,PT1H3M57S,nAfwjuJ3ae8
作業用BGM テンション上がる,【洋楽】テンション上がるかわいいEDM,MusicTown_EDM,37,0,0,2026-07-21T09:00:08Z,PT2M6S,D7eBrJ63PYM
作業用BGM テンション上がる,夜のドライブをもっとアガる時間に🌃 テンションMAX EDM Mix,Astral Frequency Records ,119,2,0,2026-07-21T09:00:11Z,PT34M42S,_cacNSiQIkM
作業用BGM テンション上がる,【洋楽 ヒット チャート 最新2026】⚡️🍒2026年 ヒット曲 洋楽 ★ 2026年人気の洋楽ランキング⚡️🍒 音楽テンションの上がる洋楽集 2026 ★ 洋楽 2026,My Music,369,2,0,2026-07-21T03:41:18Z,P0D,Ejbc2Wz4uEw
作業用BGM テンション上がる,『Tivzip』転んでも笑って走り出す。聴くだけで気分が跳ね上がる爽快ソング #洋楽 #元気が出る曲 #ドライブBGM,Lost Melody,33,0,0,2026-07-20T23:43:30Z,PT3M1S,zynqYZFp2bk
作業用BGM テンション上がる,【テンション上がる洋楽】モチベを上げたい朝に、一気に気分が上がる｜1曲目でスイッチが入るかっこいい曲｜朝活 通勤用 BGM,Tokyo Chill Tracks,447,2,0,2026-07-20T23:00:17Z,PT1H8M16S,u0nEx1BahH8
作業用BGM テンション上がる,【洋楽Playlist】１曲目から好きになる💓明るく前向きになれる洋楽メドレー｜テンション上がる作業用BGM,Daily life music,281,1,0,2026-07-20T23:00:35Z,PT1H10M31S,WT7rT5a7p2k
作業用BGM テンション上がる,朝の作業用BGM｜朝が変わるテンション上げモーニング洋楽｜Morning Hype Mix Vol.2,Switch On BGM,1,0,0,2026-07-20T22:00:28Z,PT1H12M46S,O_zPGZRGqLI
作業用BGM テンション上がる,【洋楽 ヒット チャート 最新2026】⚡️🍒 2026年 ヒット曲 洋楽 ★ 2026年人気の洋楽ランキング ⚡️🍒 音楽テンションの上がる洋楽集 2026 ★ 洋楽 2026,My Music,402,2,0,2026-07-20T20:00:06Z,PT3H10M27S,n4kAbNHvAaI
作業用BGM テンション上がる,【青春プレイバック】平成1ケタ世代の血が騒ぐ！絶対にテンションが上がる平成メドレー50選【平成1ケタジジイが選ぶ】【作業用BGM】,【DJポケモントレーナー】藤沼の一味🌙,7066,56,0,2026-07-20T12:00:26Z,PT1H21M30S,O-Taqrg01C8
作業用BGM テンション上がる,【洋楽メドレー】最高にテンションが上がる夏の超高速EDM＆爆音ラップBGM 🚗 Summer Speed Hype Mix 2026｜作業用BGM｜Drive Music,TOKYO music ch,17,1,0,2026-07-20T10:51:22Z,PT1H2M44S,1F5A65rXerk
作業用BGM テンション上がる,【PlayList】テンションが上がる GIRLS ROCK｜女性ボーカル・ランニングBGM,Sound Pantry,85,2,1,2026-07-20T10:42:00Z,PT1H8M50S,4iAFWKzxO5Q
作業用BGM テンション上がる,「これ一体誰が作ったの？」イントロたった1秒で全身に鳥肌が立つ圧倒的なメロディ ⚡ #shorts,NARIMUSIC(ナリ),601,10,2,2026-07-20T10:00:24Z,PT50S,-_Kx4VnXQ7E
作業用BGM テンション上がる,【洋楽】テンション上がるかわいいEDM,MusicTown_EDM,6,0,0,2026-07-20T09:00:20Z,PT1M6S,H3_BdSzZqbk
作業用BGM テンション上がる,【作業用BGM】一発で気分が上がるJersey Club｜通勤・通学・テンションUP,aiaiai channel,0,0,0,2026-07-20T07:44:26Z,PT1M1S,48PDbH0pIxo
作業用BGM テンション上がる,【集中モード🔥】集中が途切れない神曲Playlist【作業用BGM/勉強用BGM/モチベーションUP】,TokyoPulseMusic,7,1,0,2026-07-20T07:00:31Z,PT55M44S,nL7-49hyADs
作業用BGM テンション上がる,【洋楽Playlist】夏に聴きたいテンション上がる洋楽EDM Vol.03｜ドライブBGM・作業用BGM,JiM  SOUND STUDIO  ,409,0,0,2026-07-19T23:21:32Z,PT24S,Q8jAiqxQOAI
作業用BGM テンション上がる,夏の人気曲 2026 🌊✨ 夏ソングメドレー100選 🚘🎵 テンションあがる夏うた 🍧 JPOP summer song ドライブBGM,J-Pop Japan Music,128,0,0,2026-07-19T21:00:06Z,PT2H32M6S,IOiiGoHlMuo
作業用BGM テンション上がる,夏の歌 2026🌊🌊🌊テンションあがる夏ソング🛀JPOP summer song 夏うた🍉🍉夏の歌 ゆず、 青と夏、 花に亡霊、Blue Bird,J-Pop Vibes,87,0,0,2026-07-19T21:00:06Z,PT2H18M26S,Lwj_SPnDEWM
作業用BGM テンション上がる,【洋楽 ヒット チャート 最新2026】⚡️🍒2026年 ヒット曲 洋楽 ★ 2026年人気の洋楽ランキング⚡️🍒 音楽テンションの上がる洋楽集 2026 ★ 洋楽 2026,My Music,570,5,0,2026-07-19T20:00:13Z,PT2H12M34S,603EJZoiX4U
作業用BGM テンション上がる,075FKdisco｜ファンキーなテンション上がるBGM,charlly_official,19,0,0,2026-07-19T15:00:23Z,PT29M48S,c0or7Y40nNA
作業用BGM テンション上がる,"【BGM Playlist】超絶上がる""未来感""幻想EDM｜作業・集中用BGM｜ Best Selection｜Nostalgic & Future EDM Mix｜4K｜Vocal｜MV",ネオノスタルジカ - NeoNostalgica -,11743,454,75,2026-07-19T12:00:35Z,PT1H53M18S,BOhMslaFVpQ
作業用BGM テンション上がる,作業用BGM｜気分が爆上がるアップテンポ洋楽｜Work Boost Hype Mix,Switch On BGM,6,0,0,2026-07-19T11:00:17Z,PT1H8M39S,2PPZrtXM0TU
作業用BGM テンション上がる,【君へ続く夕空】「テンションの上がる作業用bgm」#shorts #anime #ai,ななこ,9,0,0,2026-07-19T09:00:09Z,PT56S,i134DtCLt-I
作業用BGM テンション上がる,【洋楽】テンション上がるかわいいEDM,MusicTown_EDM,2,0,0,2026-07-19T09:00:08Z,PT2M14S,47n6ZeH_194
作業用BGM テンション上がる,【作業用BGM】重低音×疾走感 J-Rock EDM mix｜潮風が駆け抜ける、覚醒。｜Focus Music,Focus Overdrive,318,9,3,2026-07-19T08:00:01Z,PT1H59M45S,YrLtBuPUZiE
作業用BGM テンション上がる,【洋楽Playlist】夏に聴きたいテンション上がる洋楽EDM Vol.03｜ドライブBGM・作業用BGM,JiM  SOUND STUDIO  ,2569,4,0,2026-07-19T06:27:11Z,PT25S,FUG7fjVZfF4
作業用BGM テンション上がる,【洋楽Playlist】夏に聴きたいテンション上がる洋楽EDM Vol.03｜ドライブBGM・作業用BGM,JiM  SOUND STUDIO  ,15,0,0,2026-07-19T05:19:59Z,PT1H1M10S,OSzGbkuCkDw
作業用BGM テンション上がる,前向きになれるBGM🎧️Japanese J-POP R&B🌷前向きになりたい、気分を上げたい🌈ドライブや筋トレ、作業用 | テンション上がる↑平成っぽさもあり |  青羽-Aoha,青羽-Aoha,610,23,10,2026-07-19T04:40:17Z,PT1H3M53S,Gi61sGa9he8
作業用BGM テンション上がる,【Playlist】爽快な気分になる洋楽BGM 🌈 | ポジティブ BGM | 作業用BGM,AI.BGM.Stream,1102,34,8,2026-07-18T23:00:22Z,PT1H10M20S,RxbOcbHSz-Q
作業用BGM テンション上がる,一瞬で気分爆上げ⚡テンション上がる洋楽ポップBGM | 作業用BGM・勉強用・ドライブ | Happy Upbeat Vibes,テンションあがる洋楽BGM | Happy Upbeat Vibes,1249,22,1,2026-07-18T22:00:02Z,PT1H12M4S,Ia37puftSRM
作業用BGM テンション上がる,【洋楽 ヒット チャート 最新2026】⚡️🍒2026年 ヒット曲 洋楽 ★ 2026年人気の洋楽ランキング⚡️🍒 音楽テンションの上がる洋楽集 2026 ★ 洋楽 2026,My Music,2314,9,0,2026-07-18T20:00:06Z,PT3H17M36S,ARo73yMxURs
作業用BGM テンション上がる,【作業用BGM】夏祭りの宵テンションが上がる和風BGM｜60min｜勉強用・朝活用,幻想和音,107,6,2,2026-07-18T17:00:37Z,PT1H49S,uQsY-0LQjmk
作業用BGM テンション上がる,弱虫おにぎりもテンション上がる／まさおの歌 #オリジナル曲 #作業用bgm #アニソン,黒猫の音楽室,43,0,0,2026-07-18T13:15:39Z,PT48S,sItW6A3nH9k
作業用BGM テンション上がる,【ポケモン風BGM】テンションが上がるポケモンXY風な神戦闘BGM｜【途中広告なし】作業用音楽【ポケモン】【1時間】,Kaba Loop,4,1,0,2026-07-18T10:00:08Z,PT1H10M3S,cZjxpmc14pk
作業用BGM 神曲,【朝の神曲】一気に気分が上がる爽やか洋楽｜1曲目でスイッチが入る通勤Playlist（Wake Up Songs）,Tokyo Happy Music,4,0,0,2026-07-26T11:00:32Z,PT1H14M59S,48rNg1EJNto
作業用BGM 神曲,【50分耐久】[作業用BGM]ロックマン3 Dr ワイリーの最期!? - SNAKE MAN Stage[FC],JOE's BGM,2,0,0,2026-07-26T09:00:23Z,PT50M9S,Wl4Yn9R2iMk
作業用BGM 神曲,【🔥神曲メドレー】スイカ割りから流しそうめんまで！日本の夏！最強のアンセムが出来た件 🏮HIPHOP REGGAE 作業用BGM,Saredo Sato,1517,59,7,2026-07-25T22:30:18Z,PT1H12M17S,ugdsseEF164
作業用BGM 神曲,【キラキラEDM】神曲メドレー✨｜アニソン好き必聴！40分ノンストッププレイリスト,FluffyMeowsic,139,5,0,2026-07-25T12:00:23Z,PT41M21S,zEa1G3LXnb8
作業用BGM 神曲,【神曲】蓄音機に針を落としたら、ヤバすぎる重低音が流れてきたんだが… #Shorts #作業用BGM #ElectroSwing,TheCotrixGalaxy,222,1,0,2026-07-25T10:00:35Z,PT16S,DEbbNmbmCdM
作業用BGM 神曲,【50分耐久】[作業用BGM]ロックマン3 Dr ワイリーの最期!? - GEMINI MAN Stage[FC],JOE's BGM,87,3,0,2026-07-25T09:00:25Z,PT50M9S,Z4UpO0EobNU
作業用BGM 神曲,【心奪われる✨】超絶アガる!心地良すぎな神曲PlayList  ~Gravity Zero~【作業用BGM/勉強用BGM/モチベーションUP】,Tokyo HipHop Girl,2053,59,8,2026-07-24T12:00:14Z,PT1H55S,lCzH9p_PRtg
作業用BGM 神曲,【50分耐久】[作業用BGM]ロックマン3 Dr ワイリーの最期!? - TOP MAN Stage[FC],JOE's BGM,4,2,0,2026-07-24T09:00:01Z,PT50M9S,FzuJ4aB0VhQ
作業用BGM 神曲,【洋楽Playlist】朝の洋楽ポップス名曲ヒットチャート ☀️ 誰もが愛する最も人気のある神曲ランキング | 爽やかな朝にモチベーションを高め効率的に仕事をするための作業用BGM ✨,Daily Energy,70,1,0,2026-07-23T21:00:07Z,PT1H31M59S,Xfd_jQ79_og
作業用BGM 神曲,【50分耐久】[作業用BGM]ロックマン3 Dr ワイリーの最期!? - HARD MAN Stage[FC],JOE's BGM,20,3,0,2026-07-23T09:00:27Z,PT50M9S,ljMbUY0qcG4
作業用BGM 神曲,【朝のプレイリストPOP】朝の洋楽ポップス名曲ヒットチャート ☀️ 誰もが愛する最も人気のある神曲ランキング | 爽やかな朝にモチベーションを高め効率的に仕事をするための作業用BGM ✨,メロディ・レーン,4,0,0,2026-07-22T21:00:29Z,PT1H40M18S,LAXZfxPrAPM
作業用BGM 神曲,【朝BGM】「今日もいくよ！」通勤・通学にテンションUP洋楽｜1曲目でテンションが上がるPlaylist,Tokyo Happy Music,138,7,0,2026-07-22T11:00:03Z,PT1H13M51S,8zrLqkJcy7M
作業用BGM 神曲,【50分耐久】[作業用BGM]ロックマン3 Dr ワイリーの最期!? - SHADOW MAN Stage[FC],JOE's BGM,6,2,0,2026-07-22T09:00:19Z,PT50M9S,CGYnxLkoe_o
作業用BGM 神曲,【2026年最新】令和の人気アニソン・神曲メドレー【作業用BGM】,私たちのアニメ,17,0,0,2026-07-22T09:00:34Z,PT1H25M1S,B3UgmloV43w
作業用BGM 神曲,【作業用BGM】個人的に好きなオリジナル曲10選 Part2【総集編】,黒海苔,59,1,11,2026-07-22T00:35:48Z,PT43M28S,w8kIOTaEJt4
作業用BGM 神曲,【心地良すぎ✨】脳が覚醒するほどアガる神曲PlayList  ~UnLock~【作業用BGM/勉強用BGM/モチベーションUP/ドライブ/Focus】,Tokyo HipHop Girl,3537,99,15,2026-07-21T12:00:12Z,PT1H7M51S,kctVcKbfEuI
作業用BGM 神曲,【50分耐久】[作業用BGM]三国志英傑伝 - PROMENADE[PC98],JOE's BGM,62,2,0,2026-07-21T09:00:03Z,PT50M14S,_-cOVlsU77s
作業用BGM 神曲,🌙おやすみ前のストーリー：【眠れる歴史】ダンテ神曲「地獄・煉獄・天国を巡る、人類史上最高の魂の旅」｜小さな深夜書房,かとう そら,2,0,0,2026-07-20T21:23:22Z,PT54M12S,vct0Qzn7yvc
作業用BGM 神曲,【洋楽Playlist】再生回数10億回を突破した世界的な洋楽ポップスヒットチャート 🎧 誰もが一度は聴いたことがある超人気神曲集 | テンションを上げて効率的に仕事をするための作業用BGM ✨,Pure Vinyl,115,1,0,2026-07-20T21:00:31Z,PT1H36M54S,hwn1zoBfb18
作業用BGM 神曲,【作業用BGM】個人的に好きなオリジナルボカロ曲10選【総集編】,黒海苔,86,3,11,2026-07-20T15:27:56Z,PT40M59S,pQKA0ApfJiA
作業用BGM 神曲,【50分耐久】[作業用BGM]三国志英傑伝 - CAOCAO[PC98],JOE's BGM,24,2,2,2026-07-20T09:00:33Z,PT50M14S,g1cRvgFVIX0
作業用BGM 神曲,【集中モード🔥】集中が途切れない神曲Playlist【作業用BGM/勉強用BGM/モチベーションUP】,TokyoPulseMusic,7,1,0,2026-07-20T07:00:31Z,PT55M44S,nL7-49hyADs
作業用BGM 神曲,【作業用BGM】個人的に好きなオリジナル曲10選【総集編】,黒海苔,54,1,11,2026-07-20T06:14:28Z,PT44M23S,napaujFzuNU
作業用BGM 神曲,【2026年最新】洋楽ヒットチャート 🔥 中毒性ヤバいテンション爆上がり神曲メドレー｜ずっと聴けるノンストップ再生,最新洋楽,484,31,1,2026-07-19T23:00:20Z,PT1H32M13S,B7AIO9iNEys
作業用BGM 神曲,【作業用BGM】映像＆画像で振り返る、ゲーム神曲メドレー18選【ブルアカまとめ編2/ゲームBGM/ブルーアーカイブ】,ミスト【ゲーム音楽紹介ch】,804,20,5,2026-06-28T11:00:49Z,PT38M,fs8fNDlQ5Xw
作業用BGM 神曲,【作業用BGM｜暗黑日文歌】神話動漫系J-POP合集｜深夜專用｜20首越聽越上癮，適合創作、讀書、深夜沉浸 🎧高質感歌單,B-side音樂台,243,6,0,2026-07-19T14:05:48Z,PT1H44M6S,pMmzZ_Mb8aU
作業用BGM 神曲,【神曲注意】花火が爆裂エモくなるPlaylist│花火│恋愛│失恋│青春│J-POP│BGM│ドライブ・作業・気分転換・モチベーションUP,THREE TAKE　MusicSituation,99,5,0,2026-07-19T09:48:34Z,PT1H2M52S,CzhgZwKK6H4
作業用BGM 神曲,【50分耐久】[作業用BGM]三国志英傑伝 - 金の砂、銀の楼閣[PC98],JOE's BGM,16,2,0,2026-07-19T09:00:37Z,PT50M14S,wIuOPK19eXY
作業用BGM 神曲,【2026最新版】King Gnu 作業用BGM 🎧 神曲30選｜白日・SPECIALZ・AIZO・SO BAD・TWILIGHT!!!【広告なし】,演歌レジェンド,9,0,0,2026-07-18T22:15:22Z,PT1H12M43S,fOZpHg9KEOU
作業用BGM 神曲,【2026年7月最新西洋音楽チャート】再生回数10億回突破の超人気洋楽ヒットチャート 🎧 誰でも一度は聴いたことがある世界的な神曲ポップソング集✨ビルボードチャート | 作業用BGM ✨,Daily Energy,2547,9,0,2026-07-18T21:00:16Z,PT1H38M57S,zDPgT_wZj9w
作業用BGM 神曲,【作業用BGM】アニメOPみたいなかっこいいオリジナルロック曲10選【総集編】,黒海苔,121,2,13,2026-07-18T15:00:20Z,PT40M40S,jDmPFDCdkO8
作業用BGM 神曲,【BTS 神曲メドレー】最高の作業用BGM・極上の睡眠用プレイリスト,Music Broadcast,21,2,1,2026-07-18T12:00:32Z,PT1H11M37S,qH5YI0Z1MEo
作業用BGM 神曲,【Flow Mode🔥】最高にノリノリになれる神曲PlayList  ~Mirror~【作業用BGM/勉強用BGM/モチベーションUP/ドライブ/Focus】,Tokyo HipHop Girl,4768,116,6,2026-07-18T12:00:29Z,PT1H17M45S,AhOYepp5HmM
作業用BGM 神曲,【50分耐久】[作業用BGM]三国志英傑伝 - OUTSIDERS[PC98],JOE's BGM,29,4,0,2026-07-18T09:00:22Z,PT50M14S,ark8_-5Ah58
作業用BGM 神曲,【洋楽 ヒット チャート 】再生回数10億回突破の超人気洋楽ヒットチャート 🎧 誰でも一度は聴いたことがある世界的な神曲ポップソング集 | 作業用BGM ✨,メロディ・レーン,159,0,0,2026-07-17T21:00:36Z,PT1H32M49S,HEzNud-anQs
作業用BGM 神曲,【神曲】疲れを吹き飛ばすEDMメドレー60分⚡ゲーム・作業・筋トレBGM,爆踊り⚡BAKUODORI,1,0,0,2026-07-17T10:00:37Z,PT1H7M21S,E47c2eHeUlU
作業用BGM 神曲,【50分耐久】[作業用BGM]三国志英傑伝 - オープニング〜初期設定[PC98],JOE's BGM,41,2,2,2026-07-17T09:00:34Z,PT50M15S,luVlL9fLATk
作業用BGM 神曲,【200曲】超厳選アニソンサビメドレーVol.2《作業用BGM》《疾走感強め》,とあるアニオタの趣味部屋,22528,111,3,2026-07-17T08:17:24Z,PT1H51M38S,QqDxa7cDYxY
作業用BGM 神曲,夜更けに聴きたいアニメ神曲ジャズカバー集｜Butter-Fly・シルシ・明け星・Aishiteru【癒し・睡眠・作業用BGM】,Jazz no sakura,84,0,0,2026-07-17T07:00:00Z,PT32M3S,DTkylHmEgMA
作業用BGM 神曲,【YOASOBI曲 広告 なし】YOASOBI 神曲メドレー🎧 全曲ヒットソング集｜オリオン・人気曲・作業用BGM【歌詞付き】,J-POPメドレーPlaylist,15,0,0,2026-07-16T21:00:31Z,PT1H58M38S,_sHZ-px3jXQ
作業用BGM 神曲,【YOASOBI曲 広告 なし】YOASOBI 神曲メドレー🎧 全曲ヒットソング集｜オリオン・人気曲・作業用BGM【歌詞付き】,J-POP Playlistメドレー,7,0,0,2026-07-16T21:00:08Z,PT1H58M38S,rlexhbxtoqQ
作業用BGM 神曲,【50分耐久】[作業用BGM]源平合戦 - 平氏行軍モード[PC98],JOE's BGM,41,2,2,2026-07-16T09:00:15Z,PT50M21S,RE6OgZWtJok
作業用BGM 神曲,【YOASOBI曲 広告 なし】YOASOBI 神曲メドレー🎧 全曲ヒットソング集｜オリオン・人気曲・作業用BGM【歌詞付き】,J-POP Playlistメドレー,1,0,0,2026-07-15T21:00:02Z,PT1H58M38S,R_D0xJWyHGY
作業用BGM 神曲,【YOASOBI曲 広告 なし】YOASOBI 神曲メドレー🎧 全曲ヒットソング集｜オリオン・人気曲・作業用BGM【歌詞付き】,J-POPメドレーPlaylist,12,0,0,2026-07-15T21:00:22Z,PT1H24M31S,X1SYtaerDPI
作業用BGM 神曲,【心ほどける✨】澄み渡る声が心に刺さる神曲PlayList  ~Not a Number~【作業用BGM/勉強用BGM/モチベーションUP】,Tokyo HipHop Girl,3716,96,4,2026-07-15T12:00:01Z,PT1H11M43S,1eUx6BYg_mk
作業用BGM 神曲,【朝BGM】いつもの通勤が気分いい時間に変わる洋楽｜1曲目でテンションが一気に上がるPlaylist,Tokyo Happy Music,214,4,1,2026-07-15T11:00:11Z,PT1H3M48S,hAeyiF6szkE
作業用BGM 神曲,【50分耐久】[作業用BGM]源平合戦 - 野戦[PC98],JOE's BGM,42,2,3,2026-07-15T09:00:10Z,PT50M15S,p9PDDCC83Cs
作業用BGM 神曲,絶対に聴くべき名曲リスト｜勉強・作業用BGM 🇯🇵 🎧【米津玄師×Ado×Eve】感情を揺さぶる神曲集,癒しの響き,2975,11,0,2026-07-15T02:04:40Z,PT1H38M31S,sL-V58brMRo
作業用BGM 神曲,【YOASOBI曲 広告 なし】YOASOBI 神曲メドレー🎧 全曲ヒットソング集｜オリオン | 人気曲 | 作業用BGM【歌詞付き】,J-POP Playlistメドレー,2,0,0,2026-07-14T21:00:07Z,PT1H24M31S,SQQkgc4blfU
作業用BGM 神曲,【50分耐久】[作業用BGM]源平合戦 - 平氏統治モード[PC98],JOE's BGM,60,2,2,2026-07-14T11:10:52Z,PT37M41S,rfXBjj4iLKo
作業用BGM 神曲,【YOASOBI曲 広告 なし】YOASOBI 神曲メドレー🎧 全曲ヒットソング集｜オリオン・人気曲・作業用BGM【歌詞付き】,Tokyo Night Music,21,0,0,2026-07-13T21:00:10Z,PT1H58M38S,eAIGSH0xT9c
作業用BGM 神曲,【広告なし】YOASOBI人気曲メドレー2026🎧 神曲BEST50｜歌詞付き・作業用BGM・J-POPヒットソング | オリオン・人気曲・作業用BGM【歌詞付き】,J-POPメドレーPlaylist,46,0,0,2026-07-13T21:00:05Z,PT1H49M9S,b1OFEVXDopE
作業用BGM 神曲,【YOASOBI曲 広告 なし】YOASOBI 神曲メドレー🎧 全曲ヒットソング集｜オリオン・人気曲・作業用BGM【歌詞付き】,J-POP Playlistメドレー,13,0,0,2026-07-13T21:00:13Z,PT2H5M54S,MXN83Nhi550
作業用BGM 神曲,聴いた瞬間、保存したくなる神曲プレイリスト🎧,ジニラウンジ,29,6,0,2026-07-13T20:27:49Z,PT1M13S,DIIMcoAiV_s
作業用BGM 神曲,【50分耐久】[作業用BGM]偽典・女神転生 東京黙示録 - バトルヘビメタ[PC98],JOE's BGM,27,3,2,2026-07-13T09:00:29Z,PT52M7S,1dpLSTigctI
作業用BGM 神曲,【朝BGM】月曜の朝から一気にスイッチが入る洋楽｜1曲目から“いこう”って思えるハッピーPlaylist,Tokyo Happy Music,332,3,1,2026-07-12T11:00:40Z,PT55M1S,u-pZH5xq-gQ
作業用BGM 神曲,【作業用】カッコいい女性アニソン歌手の神曲メドレー【高音質】,私たちのアニメ,14,1,0,2026-07-12T09:00:30Z,PT1H20M1S,ydZO7wE21w8
作業用BGM 神曲,【50分耐久】[作業用BGM]偽典・女神転生 東京黙示録 - チャレンジ[PC98],JOE's BGM,48,1,2,2026-07-12T09:00:21Z,PT50M18S,rx0TiflGapg
作業用BGM 神曲,🌙おやすみ前のストーリー：【眠れる歴史】ダンテ神曲「地獄・煉獄・天国を巡る、人類史上最高の魂の旅」｜小さな深夜書房,かとう そら,3,0,0,2026-07-11T18:00:12Z,PT54M12S,ScyVEBLuWxY
作業用BGM 神曲,【50分耐久】[作業用BGM]偽典・女神転生 東京黙示録 - シェルターの日常[PC98],JOE's BGM,78,4,2,2026-07-11T09:00:04Z,PT50M8S,5KtMs83C3iQ
作業用BGM 神曲,【作業用BGM】人生を変えられた先生が選ぶ絶対外せない神曲10選【ブルーアーカイブ】,えふぃ先生,7092,329,52,2026-07-11T09:00:30Z,PT22M4S,bkCAqZMMd1I
作業用BGM 神曲,【作業用BGM】東方ボーカルおすすめ名曲・神曲メドレー【その2】,グリエルモ,45,0,0,2026-07-10T23:28:20Z,PT51M28S,qHdAOfLvlQ4
作業用BGM 神曲,【広告 なし】YOASOBI 神曲メドレー🎧 全曲ヒットソング集｜オリオン・人気曲・作業用BGM【歌詞付き】,J-POP Playlistメドレー,69,0,0,2026-07-10T21:30:13Z,PT1H49M9S,C3H2x5imITE
作業用BGM 神曲,【作業用BGM】モチベーションを最高に引き上げる神洋楽｜Break Through the Dark,Festival Song Collection【STATICE】,2,1,0,2026-07-10T21:00:10Z,PT3M15S,8mfiD9mahNk
作業用BGM 神曲,この神BGM、何点？#音楽 #インタビュー #fyp #bgm #神曲,るるあの避難所 - 眠れる音楽と雨の音 -,992,16,0,2026-07-10T09:22:36Z,PT23S,fAZhxQ1OzTQ
作業用BGM 神曲,【50分耐久】[作業用BGM]トップマネジメント2 - フリーモード[PC98],JOE's BGM,144,3,2,2026-07-10T09:00:09Z,PT50M14S,XOnASM7OK7I
作業用BGM 神曲,【作業用】異世界に転生した気分になれる壮大なファンタジーBGM【神曲ケルト】,Healing Fantasy,181,4,0,2026-07-10T06:00:05Z,PT1H52S,Vg9R7wOYPvM
作業用BGM 神曲,【神曲BGM】気づいたら作業モードに入ってる洋楽｜1曲目で空気が変わる曲,FAST LANE MUSIC,14,0,1,2026-07-09T21:00:31Z,PT1H11M34S,VJ80W6JLaHg
作業用BGM 神曲,【作業用BGM】朝からキメに行く最高の神曲！【フリーBGM】｜Coffee before a run,Festival Song Collection【STATICE】,8,1,1,2026-07-09T21:00:20Z,PT2M18S,3bImXKP4AqU
作業用BGM 神曲,【カッコ良すぎ✨】自己肯定感が爆上がりの神曲PlayList  ~No Magic~【作業用BGM/勉強用BGM/モチベーションUP/ドライブ】,Tokyo HipHop Girl,6133,114,8,2026-07-09T12:00:34Z,PT1H5M3S,UIzwQB8fH6k
作業用BGM 神曲,【砂浜の迷宮】 -Ω- |【架空MMO】移動で聴きたいキラキラ輝く海・旅POP　騎乗,【MMO戦闘曲】Code: Ω,20,1,0,2026-07-09T11:00:35Z,PT3M11S,pWH34rB_O_g
作業用BGM 神曲,【50分耐久】[作業用BGM]スーパードッグワールド - 初期設定[PC98],JOE's BGM,58,3,2,2026-07-09T09:00:15Z,PT50M10S,Qm3CpILnlMA
作業用BGM 神曲,【YOASOBI曲 広告 なし】YOASOBI 神曲メドレー🎧 全曲ヒットソング集｜オリオン・人気曲・作業用BGM【歌詞付き】,J-POPメドレーPlaylist,822,9,0,2026-07-08T21:00:09Z,PT2H5M53S,r3iYjMKu9PQ
作業用BGM 神曲,【作業用BGM】止まってた手が動き出す洋楽｜1曲目でやる気に火がつく,Tokyo Happy Music,136,1,1,2026-07-08T11:00:32Z,PT1H4M36S,iGJ2Czh5CDw
作業用BGM 神曲,【作業用BGM/ロックマンX】散りゆく命に、永遠の安らぎを。魂を浄化する「名曲BGMランキング」TOP20！【穏やか・哀愁 / 字幕解説】,ゼックスのロックマンCH,1075,36,20,2026-07-08T09:00:00Z,PT28M33S,q0vY87klupI
作業用BGM 神曲,【50分耐久】[作業用BGM]スーパードッグワールド - 日常[PC98],JOE's BGM,44,5,2,2026-07-08T09:00:32Z,PT50M10S,CWHNC7D_vLA
作業用BGM 神曲,【広告なし】Ado 神曲メドレー 2026🔥 魂を震わせる全有名曲リスト｜作業・勉強用BGM,癒しの響き,29709,468,10,2026-07-08T01:45:15Z,PT1H6M20S,MKLsDYsO004
作業用BGM 神曲,【50分耐久】[作業用BGM]スーパードッグワールド - ネームエントリー[PC98],JOE's BGM,40,4,0,2026-07-07T09:00:32Z,PT1H4S,7PlRbWaYRqE
作業用BGM 神曲,平成・昭和J-ROCK神曲メドレー｜1984-2014 完全版 DJ MIX【1時間】,DJ Hiromix with LOTUS Crawler,35884,349,41,2026-07-07T08:00:22Z,PT1H13M36S,2PpWw3n19Vg
作業用BGM 神曲,【作業用BGM】東方ボーカルおすすめ名曲・神曲メドレー【その1】,グリエルモ,39,2,0,2026-07-07T07:27:43Z,PT1H5M54S,fNXpfNR9nTA
作業用BGM 神曲,【米津玄師 × Eve】魂を揺さぶる神曲・ベストヒット20選♥️ 時代を超越したJPOPメドレー｜懐かしのメロディー｜勉強・作業用BGM,癒しの響き,1588,14,0,2026-07-07T03:00:24Z,PT57M8S,6fbnfBfB_YY
作業用BGM 神曲,"【広告なし】J-POP人気曲ランキング⚡神曲BEST100｜作業用BGM・ドライブBGM｜TikTok人気曲・最新ヒットソング・作業用BGM🎧💖YOASOBI, 米津玄師, 優里, Ado",J-POPメドレー,248,0,2,2026-07-06T21:00:39Z,PT1H14M53S,0eC1Vz8Ic-o
作業用BGM 神曲,【雰囲気最高🔥】ノリノリなリズムにハマる神曲PlayList  ~Connect~【作業用BGM/勉強用BGM/モチベーションUP】,Tokyo HipHop Girl,4403,90,10,2026-07-06T12:00:08Z,PT1H15M42S,ubikXiEJ4uo
作業用BGM 神曲,神曲　脳内覚醒　和風ユーロビート　ドライブで聞きたい　EDM　 ユーロビート好きに捧げる　歌詞が強みの楽曲  作業用BGM,イーちゃん,370,5,0,2026-07-06T09:17:04Z,PT1H3M38S,eRnQleoaoM0
作業用BGM 神曲,【爆上げBGM】聴くだけで脳内麻薬ドバドバ！テンションを強制最高潮にする神曲メドレー【作業用・ドライブ・テンションMAX】,Vibe Lab Music 　毎日をアゲる作業用BGM・筋トレ・ドライブ,596,10,0,2026-07-06T09:00:37Z,PT25M42S,gssb-J_hLmg
作業用BGM 神曲,【50分耐久】[作業用BGM]スーパードッグワールド - トレーニング[PC98],JOE's BGM,69,5,2,2026-07-06T09:00:19Z,PT50M10S,6EMV5Lz6734
作業用BGM 神曲,【作業用BGM】作業が爆速で進む！イースオリジン神曲メドレー（Ys Origin Soundtrack）,ポトモリゲームちゃんねる,10,0,0,2026-07-06T09:00:05Z,PT1H31M45S,DRuGo1YV784
作業用BGM 神曲,最強洋楽神曲メドレー！ 【作業用BGM】 2026年に聞く懐かしの洋楽メドレー　広告なし,走る《王》~ランキング~,22,2,0,2026-07-05T21:00:28Z,PT58M8S,bbiE_rV_xNU
作業用BGM 神曲,【神曲注意】夏の夜を溶かす沼Playlist│恋愛│失恋│J-POP│BGM│ドライブ・作業・気分転換・モチベーションUP,THREE TAKE　MusicSituation,529,9,0,2026-07-05T11:00:20Z,PT1H10M32S,OZWws013t0c
作業用BGM 神曲,【50分耐久】[作業用BGM]英雄伝説III 白き魔女 THE LEGEND OF HEROES III White Witch - シャリネ[PC98],JOE's BGM,108,3,0,2026-07-05T09:00:17Z,PT50M13S,WYjXwHuHy-4
作業用BGM 神曲,【和風ロックPlaylist】神曲級。｜和楽器  ｜一度聴いたら止まらない！かっこいい作業用BGM｜100分,KM_musicworld,675,18,0,2026-07-05T05:43:02Z,PT1H41M31S,BaY-bz5p9cQ
作業用BGM 神曲,Mrs. GREEN APPLE 神曲メドレー 2026 ✨10 作業用・勉強用BGM 私的曲!!,有名な演歌歌手70s80s90s,83,0,0,2026-07-04T22:00:04Z,PT38M16S,RY-_2OZ79Sc
作業用BGM 神曲,"【レトロゲー EDM】童心に戻れる中毒不可避な神曲EDM｜An addictive, top-tier EDM track that takes you back to your childhood.",Our Dance Music,16,0,0,2026-07-04T21:00:14Z,PT1H47M46S,0E4h2qr9M2Y
作業用BGM 神曲,やる気が全開！ 【作業用BGM】 気分が上がる最強洋楽神曲メドレー　広告なし,走る《王》~ランキング~,30,1,0,2026-07-04T21:00:32Z,PT1H13M48S,ARPC0sVcynQ
作業用BGM 神曲,【作業用BGM/ロックマンX】時が経っても、この熱さは色褪せない。人生を駆ける「名曲BGMランキング」TOP20！【カッコイイ・熱い編 / 字幕解説】,ゼックスのロックマンCH,1380,43,43,2026-07-04T09:00:36Z,PT25M10S,_avgngKVMNQ
作業用BGM 神曲,"【50分耐久】[作業用BGM]英雄伝説III 白き魔女 THE LEGEND OF HEROES III White Witch - 愛はLET'S START,OK?[PC98]",JOE's BGM,110,6,0,2026-07-04T09:00:23Z,PT50M13S,PLcLorFhb08
作業用BGM 神曲,【週間ランキング】女性ボーカル神曲BEST14｜Ado系・感情爆発・鳥肌必至の最新エモロック集,WAKANA,452,11,0,2026-07-04T06:00:06Z,PT59M58S,3Fq49wPSo_w
作業用BGM 神曲,J-POP Playlist | “星が消えた夜、僕たちはここへ来た” (エモい/アニメ感/感情が昂る神曲メドレー・作業用BGM),Neon Letter,19,0,1,2026-07-03T18:24:01Z,PT49M59S,LqwV3XZUP0g
作業用BGM 神曲,【神曲BGM✨】一瞬で気分が爆上がりの最強PlayList ~Skyline~【作業用BGM/勉強用BGM/ドライブ/トレーニング】,Tokyo HipHop Girl,2536,44,4,2026-07-03T12:00:09Z,PT1H9M43S,oxtcTwDUFCA
作業用BGM 神曲,【50分耐久】[作業用BGM]英雄伝説III 白き魔女 THE LEGEND OF HEROES III White Witch - しあわせな一日[PC98],JOE's BGM,91,2,0,2026-07-03T09:00:22Z,PT50M15S,NDsPJbTgXA8
epic anime music,Japanese Trap Fusion | Heavy Samurai Trap Beat | Epic Anime Hip Hop Instrumental,MiXAS,0,0,0,2026-07-26T17:00:21Z,PT34M4S,iZysDWwi88E
epic anime music,Yoruichi Vs Askin ost (Epic String Version) #bleach #tybw #yoruichi #animemusic #animeamv,Anime Battle Music,852,21,1,2026-07-26T16:49:23Z,PT39S,MWOCxxqhR-4
epic anime music,anime lovers please support me #anime #music #trending #viralvideo 🔥🔥,PRIMIUM DEV 999,4,0,0,2026-07-26T08:54:35Z,PT30S,j9GbeMeM51g
epic anime music,🔥 Attack on Titan (AOT) Epic OST | Emotional Anime Music | Alpha_Vibe_Anime 🔥,Alpha_Vibe_Anime,10,0,0,2026-07-26T08:51:06Z,PT17S,oKbuuKN88fg
epic anime music,⚡ Epic Anime Music Vibes 🎶 #Anime #AMV #Edit #Shorts #Trending,ANIME ,6,2,0,2026-07-26T08:48:13Z,PT51S,dNKwGJ6CnVY
epic anime music,🔥 Shadow Moon Bass Anthem | Epic Anime DJ Bass Drop | Cinematic Trap | No Vocals 🌕,Birds Nation ,4,0,0,2026-07-26T08:23:17Z,PT2M24S,n7MVW-_sGpU
epic anime music,#anime #amv #ai #epic # #animevibes #animeedit #remix #animeedit music,Creative-Otaku,212,5,1,2026-07-26T07:57:55Z,PT16S,eG8AuCVmqOw
epic anime music,Light vs L — The Final Move | Epic Anime Song,MØLAFIN,3,0,0,2026-07-26T06:00:30Z,PT5M20S,PmaK6BqoUvI
epic anime music,NASCI NAS SOMBRAS 🎵 | Música Inspirada em Solo Leveling | O Rei das Sombras | Epic Anime Rock,Ronaldo Benício Poções de Amor | anime ,794,18,0,2026-07-25T21:54:41Z,PT35S,hB8Yyb7mrfg
epic anime music,【JUJUTSU KAISEN】最強バトルソング ⚡ Gojo vs Sukuna Inspired | Epic Anime Rock | AI Original Song 2026,Real Toons Studio,1,0,0,2026-07-25T18:30:20Z,PT3M55S,aPj851FgVOk
epic anime music,Echoes of Tomorrow ✨| Cinematic Anime Music |🌿 Epic Emotional Song,Dream Tune,7,1,0,2026-07-25T18:05:36Z,PT2M58S,7iox0DHcEW8
epic anime music,Epic Anime Outro Music – Feel the Vibes! | AnimePulse45,Anime Pulse Pak,0,0,0,2026-07-25T13:12:44Z,PT25S,YxypDW_4Srs
epic anime music,Epic Anime Outro Music – Feel the Final Moments!,Anime Pulse Pak,0,0,0,2026-07-25T10:27:32Z,PT12S,Yxi5Uy1WrxA
epic anime music,Epic Anime Battle Music (呪いの覚醒) ⚔️👹 #TheCurseWithin #Shorts,MultiSound_Studio,40,2,2,2026-07-25T10:06:42Z,PT1M,vt7NxRK1pLs
epic anime music,Jahil Theme Song | Crown of Ashes (Epic Symphonic Metal) | Tensura Fan Song,Random Videos 139,34,8,1,2026-07-25T06:00:22Z,PT5M34S,50KoqDPxAMQ
epic anime music,Power Of Mindset (Epic Version),CHUNLONG,56,3,0,2026-07-25T05:00:06Z,PT4M11S,DCb5J2DvXaU
epic anime music,Attack on Titan Anime Music Video — They Called Him Weak (Original OST),Nexora,0,0,0,2026-07-25T00:15:35Z,PT2M15S,490MJdu9EcA
epic anime music,Epic Nightcore Mix 30 Min 2026 🔥 Super High-Speed Anime Gaming EDM Music,Heartbreak Aura,520,6,0,2026-07-24T22:00:05Z,PT30M22S,2UBRyg8zfI4
epic anime music,Jin Kazama VS Fire God Liu Kang Epic Anime Part 1  #tekken8 #mortalkombat #anime #liukang #jinkazama,AnimeConceptMovieS,5872,321,54,2026-07-24T17:00:14Z,PT2M1S,oVMob6HDWAU
epic anime music,Demon Slayer: Zenitsu Theme | Epic Anime Music by KushVerse,KushVerse,111,2,0,2026-07-24T15:47:52Z,PT3M59S,doxs09Uzw0k
epic anime music,Epic Anime Eyes & Wallpaper Edit 🎨🔥 #AnimeEdits,Z-ANIME EDITS,126,0,0,2026-07-24T14:45:09Z,PT31S,pN4C79KE4vk
epic anime music,Deewana Kar Raha Hai ❤️ | Anime Love Story Part 1 | Epic Diamond Heist & Rival Thieves | #shorts,Anime Music Edits 🎵,16378,584,26,2026-07-24T14:18:54Z,PT55S,wC9KbiioS6g
epic anime music,Echoes of the Last Dawn | Epic Japanese Orchestral Music | Emotional Anime Cinematic Soundtrack,Zura Music,7,1,0,2026-07-24T13:00:14Z,PT6M5S,fb-isi2WZCc
epic anime music,THUNDER 🎧 | Epic Rock Anthem | Anime Music,AuraLine_Loops,4,3,0,2026-07-24T12:15:30Z,PT3M6S,NelhMszQKtk
epic anime music,『 The Last Blade 』最後の刃 || Epic Anime Music That Feels Like A Final Battle,Anima Nøima,34,1,0,2026-07-23T19:47:56Z,PT4M3S,MpIOdldKIjk
epic anime music,EPIC ANIME MUSIC MIX - The Ultimate Sacrifice (Dark Fantasy Instrumental Battle Theme),Hinokami Tsugikuni,0,0,0,2026-07-17T10:45:36Z,PT3M1S,CdJnSgUcyQQ
epic anime music,Epic Playlist Anime Openings 2026 | Original Anime Music,Neo Anime Music,198,2,2,2026-07-16T18:00:35Z,PT38M22S,sezw75IxaYc
epic anime music,Sher ne kya Khatarnak #phonk #anime #music #song,Saurav Joshi Joshi,6,2,0,2026-07-24T11:41:55Z,PT13S,37-oFF_El6Q
epic anime music,Epic Anime Battle Music 🔥 | Flames of the Guild – Arc Instinct Music,Arc Instinct Music,7,1,0,2026-07-24T10:00:36Z,PT4M28S,31dyPhR-EVo
epic anime music,ANIME EDIT 🔥 | The Most Epic Anime Moments in 4K,VEXLFX,21,0,0,2026-07-24T08:00:19Z,PT14S,61iLBb3jqqo
epic anime music,The perfect rejection of all time 😅 #anime #otaku #shortsfeed #jjk #demonslayer,Dhruv & Anime,1558,138,3,2026-07-24T06:00:19Z,PT40S,fN9088DjQp0
epic anime music,EREN YEAGER 🔥 Ultimate Attack on Titan AMV 4K | Best Epic Anime Edit | Shingeki no Kyojin,iris__007__,2,0,0,2026-07-24T03:11:27Z,PT1M17S,-_Z0pksJs_Y
epic anime music,【도파민 MAX🎧】 EPIC ANIME OST BGM | 1 HOUR RADIANT DESTINY - JAØ Playlist,JAØ,47,2,1,2026-07-24T03:00:07Z,PT1H9M41S,0QnZ23qUxHg
epic anime music,🔥 Epic Anime Fight Edit ⚡ 4K Ultra HD | Best Action Edit #shorts,MD ANIME 69,16,0,1,2026-07-24T02:03:46Z,PT29S,z7n0r4T26_Q
epic anime music,🔥 Epic Anime Adventure | Best Anime Moments #anime #dandadan #animeedit #naruto #goku #sus #shorts,Anime Hasib,27830,1144,13,2026-07-24T00:32:42Z,PT42S,1ARTUWIfjdE
epic anime music,Epic Fantasy Anime Music | Beautiful Female Vocal | Original English Song,Mỗi Ngày Một Mẹo Hay,29,0,0,2026-07-23T23:21:06Z,PT13M1S,AjQ5ovPvpMk
epic anime music,Last Stand Rising | Epic Anime AI Song (Emotional Battle Music),Silver AI,1,0,0,2026-07-23T23:06:44Z,PT4M38S,jg0QImMC41U
epic anime music,Gene Roddenberry's Iron Fortress (Epic Andromeda style #anime intro),Iron Warhorses fun Music and Parody,4,0,0,2026-07-23T22:53:30Z,PT1M11S,qGg7BSRnHrM
epic anime music,Gojo vs Sukuna Full Fight | Jujutsu Kaisen | Epic Anime Battle (HD),Akumix Studios,1745,15,0,2026-07-23T19:17:11Z,PT47S,3QLZcCHF4U8
epic anime music,EPIC edit on Itachi 🍥 | Montegam uranium | vortexAMV | #fyp #amv #Naruto anime,Vortex AMV,1250,57,2,2026-07-23T16:48:47Z,PT16S,fCUCDvyMkNk
epic anime music,呪いの覚醒 | THE CURSE WITHIN - Dark Epic Samurai Trap (Official Anime OST),MultiSound_Studio,7,5,10,2026-07-23T16:22:20Z,PT8M2S,3K_Vrx8Y16E
epic anime music,SO HIGH - Digital Phoenix I EPIC BATTLE MUSIC VIDEO,SarafinaAlquemi,7,3,0,2026-07-23T16:10:38Z,PT2M44S,lsir9JJ7_lk
epic anime music,【Heavy Metal】鋼鉄の魂 (Kōtetsu no Tamashii) | Epic Anime Opening Theme 2026,Ryusei Studio | 流星スタジオ,8,0,0,2026-07-23T15:00:22Z,PT4M29S,4F-5GdID-A8
epic anime music,"The Seven Deadly Sins 🦁 | Epic Anime Tribute Song | ""One Legend, Seven Heroes""",Echo AI Studios,103,12,6,2026-07-23T14:00:01Z,PT4M32S,R36B6txGWaE
epic anime music,Rise Beyond the Sky 🌅 | Epic Anime Rock | Powerful Female Vocal | Original Opening,FEEL GOOD BGM,5,1,0,2026-07-23T12:04:45Z,PT3M37S,EVOWnslHYHs
epic anime music,🔥 Ashes of Victory | Epic Anime Battle Song ⚔️🎵,Rhymora,30,1,0,2026-07-23T11:32:10Z,PT2M59S,eIYT1uV1D_g
epic anime music,Epic Anime Moment That Will Blow Your Mind! #Shorts,Anime Pulse Pak,8,0,0,2026-07-23T09:18:57Z,PT11S,pp1SWjU4wgU
epic anime music,Epic Anime Battle Music ⚔️ Ice vs Fire | Crystal Saint vs Obsidian Vanguard,Eternal Creative Music,24,2,0,2026-07-23T06:09:33Z,PT9M51S,7yUJ2_iHnnY
epic anime music,Wings of the Dawn | Original Anime Music Video (AMV) | Epic Fantasy Romance 4K,Oddly ASMR,25,1,0,2026-07-23T02:50:42Z,PT3M35S,7M6kJtUSZLg
epic anime music,ROCKS D XEBEC MANGA 👑II one piece #onepiece #anime #epic #edit #shorts #subscribe #viral #fyp,Williams_pr07,1129,36,1,2026-07-22T18:57:27Z,PT26S,yoDWkU6NU48
epic anime music,Naruto Power Remix ⚡ नेपाली Motivational Song 2026 | Anime Remix | Epic Ninja Beat,Naruto music ,4,0,0,2026-07-22T12:15:09Z,PT2M59S,tdlKllPL0t8
epic anime music,Bleach OST | Treachery x Fade to Black (Epic Mashup),KAIJU BEATS,922,37,5,2026-07-22T11:30:06Z,PT4M16S,5GNVgraht-4
epic anime music,⚔️ Arise | Epic Anime Awakening Song 🔥🎵,Rhymora,3,0,0,2026-07-22T11:21:35Z,PT2M59S,nI22VZxABCo
epic anime music,Epic Fantasy Japan | Cinematic Instrumental Music,Bone&Beats,10,6,0,2026-07-22T09:55:56Z,PT4M53S,GPQx4SLU3dY
epic anime music,. The God of Genjutsu 👁️ Itachi Uchiha Edit | Epic Anime Edit |,PSK EDITOR ,1094,0,2,2026-07-22T09:46:57Z,PT14S,dP6cEIZtvbY
epic anime music,Fly Beyond the Dreams | Epic Anime ❤️‍🔥 #anime #animesong #viral #foryou,FF BDsong,292,1,1,2026-07-22T09:13:01Z,PT31S,FY5BxYK7z9k
epic anime music,DAY 16!! #bsd #bungosd #bungoustraydogs #epic #epicthemusical,☆•1ND1G0•☆,1678,174,6,2026-07-22T07:25:11Z,PT24S,8U0Qd_jstWM
epic anime music,Fly Beyond the Dreams| Epic Anime❤️‍🔥 Motivational Song | Hindi #animesong #hindisong #amv #epic ,FF BDsong,23,4,4,2026-07-22T07:00:34Z,PT1M57S,2VxgNm2TW6s
epic anime music,#shorts #ai #aigirls #anime #fantasy #demonhunter #warrior #cinematic #epic #viral #trending #fyp,charlie correa,27,2,0,2026-07-22T06:32:45Z,PT32S,yjwSwcz3m9g
epic anime music,AURA 💜 Ultimate Dark Anime Edit 4K | Epic Purple Aura | Cinematic AMV | Trending Edit 2026 #anime ,Creator 007,2,0,1,2026-07-22T03:18:56Z,PT3M59S,3wpwOR6xsoQ
epic anime music,Naruto vs Sukuna 🔥 Epic Anime Fight #shorts #anime,Elite Pulse,20,5,0,2026-07-22T01:45:41Z,PT11S,87beESXoKv4
epic anime music,Epic Anime Music Moment 🎸 #mangamusic #animemusic,Shion Manga Music,17,0,0,2026-07-22T01:00:37Z,PT29S,Ktvh8wx3bGs
epic anime music,Blue-Moon Elf Swordswoman vs. the Infernal Dragon | Epic Celtic Battle Music #anime #music #fantasy,Celtic Battle Realm,28,2,0,2026-07-21T23:16:51Z,PT57S,nm9muoWYz40
epic anime music,HEROIC ORCHESTRAL EPIC MUSIC 🛡️ Powerful Adventure Soundtrack [No Copyright],Deep Focus Gallery,5,1,0,2026-07-21T22:00:26Z,PT2M5S,F3VEtcFNvCM
epic anime music,Epic Dark Fantasy Rock Through the Storm  | Vermilion Chronicles,Vermilion Chronicles,45,3,1,2026-07-21T22:00:16Z,PT3M33S,x_QEwYS0BqE
epic anime music,The Fallen Angel Rose Again... 😭⚔️✨ | Epic Anime AI Short,Geeekto ⭐,30,1,0,2026-07-21T21:45:17Z,PT11S,_PupEpuTmAk
epic anime music,Enti El Eshq (My Love) 🇯🇵 | Epic J-Pop & Anime Song | أغنية يابانية أنمي, World Music josafe,61,1,0,2026-07-21T20:42:43Z,PT2M46S,pIIYKWMA1TE
epic anime music,demon slayer #kimetsunoyaiba #tanjiro #tokito #anime #edit #epic,edits anime,1,0,0,2026-07-21T18:32:16Z,PT30S,AVignTUvWO0
epic anime music,Joe Inoue - CLOSER | Epic Orchestral Cover | Naruto Shippuden Opening 4,Eluna,1735,53,2,2026-07-21T17:00:09Z,PT3M23S,jxrqYXX-12Y
epic anime music,NOOOOO DON'T RUIN THE QUALITY #epic #yummers #madokamagica #anime #edit #madoka #editing #fyp #viral,GlazePlayz,852,0,3,2026-07-21T16:45:02Z,PT22S,ijjmes__21E
epic anime music,DRAGON GOD AWAKENS 🐉 | Epic Japanese Battle Music | Thunder Dragon's Wrath (Taiko × Shamisen),- 匠 - Japanese Drums,69,1,0,2026-07-21T15:00:29Z,PT48M34S,9Hd_4GLU50M
epic anime music,Gojo Satoru | The Strongest Sorcerer | Epic Anime Edit ⚡ #JujutsuKaisen #AnimeEdit  #AnimeReels,Caturo,4,0,0,2026-07-21T14:41:05Z,PT25S,EIA_PHqQYTo
epic anime music,Treachery x Kokuten [EPIC MASHUP],ShinigamiNation,7118,184,19,2026-07-21T14:00:30Z,PT2M57S,keb8E3A-LT0
epic anime music,☠️ No Mercy | Epic Anime Battle Song ⚔️🔥,Rhymora,15,0,0,2026-07-21T12:37:51Z,PT3M2S,5QmOShj4wrc
epic anime music,💥 Limit Break | Epic Anime Power Awakening Song ⚡🎵,Rhymora,3,0,0,2026-07-21T12:37:06Z,PT3M2S,BL6fclb9FCU
epic anime music,☆She Saw Heaven 🥰❤️ ☆,Anime.Carnival,114988,3106,22,2026-07-21T11:24:18Z,PT9S,vw18gCF0mFA
epic anime music,Fallen Angel 👑 | Epic Anime Phonk Song 🎧 (anime (AMV)Music Video,VERSHIXMusic,9,2,1,2026-07-21T10:06:28Z,PT3M10S,BMr2CsAF854
epic anime music,DEMON SLAYER x DHURANDHAR 💥| Epic Anime Edit [AMV],LUNAR AMV,45,7,3,2026-07-21T07:30:06Z,PT2M32S,QmS8Hf9u014
epic anime music,DAY 14!! #bsd #bungosd #bungoustraydogs #epic #epicthemusical,☆•1ND1G0•☆,1249,134,4,2026-07-21T04:58:14Z,PT31S,v6q6xI7qoZ0
epic anime music,The Most Beautiful AI Anime Angel ✨ | Epic Fantasy Cinematic #Shorts,BD Miya legend,2271,16,2,2026-07-21T04:43:22Z,PT16S,vmkbu5dfVTM
epic anime music,🔥 Epic Anime Edit ❤️‍🔥 Watch Till The End!,"@""Vibe Animations USA",1324,55,0,2026-07-21T04:19:28Z,PT28S,tr3A4X-7Kko
epic anime music,Shinobu Kocho vs Douma - Final Battle OST | Epic Emotional Soundtrack #kimetsunoyaiba  #shinobu,Gary Cabrera Suarez,999,4,0,2026-07-21T03:42:17Z,PT31S,ypJB7lQxEI8
epic anime music,NUMBER HARDTEKK (SLOWED),CriCron,777,17,3,2026-07-21T00:28:36Z,PT1M31S,9U_vw7TlPfk
epic anime music,WE GOT TO GET LOST!! #bakugo #cool #mha #fyp #mhacommunity  #funny #epic #foryou #anime #bakugoedit,Pluckies,7576,600,29,2026-07-21T00:14:38Z,PT23S,S0WMHrhQnEg
epic anime music,NEVER GIVING UP - Asta (Black Clover) Epic Anime Rap | Dark Metalcore / Trap Metal⁠,ACEIX,80,6,0,2026-07-20T21:23:55Z,PT5M29S,ZAEqdvvNLr8
epic anime music,YOU SAY RUN – Epic Anime Reimagining | My Hero Academia OST | Original by Yuki Hayashi,Aetheria,2285,67,3,2026-07-20T20:05:27Z,PT2M38S,L_au4LdsPQQ
epic anime music,GEAR FIFTH - The Drums of Liberation | Epic One Piece Anime Rap (Luffy Trap Metal)⁠,ACEIX,414,8,0,2026-07-20T19:51:15Z,PT5M43S,lPRdImkiPf4
epic anime music,Jujutsu Kaisen - Yuji's Rage Theme (Epic Rock Version),Anime Battle Music,2710,80,5,2026-07-20T19:00:34Z,PT2M52S,DvlSs8QU1e0
epic anime music,Liberté - Mateo Marijanovic | A Track inspired by Attack on Titan,Mateo Marijanovic,494,14,3,2026-07-20T18:30:06Z,PT3M37S,Sc4YqNd-MxQ
epic anime music,Магнитола | Epic Anime Music Video | 4k,editor Anime ,45,2,1,2026-07-20T18:14:14Z,PT2M38S,ZFg9nKz5rac
epic anime music,Demon Slayer 1 Hour Soundtracks Playlist - OST Epic #anime #demonslayer #soundtrack #youtube #best,Lunavik,3,0,0,2026-07-20T16:39:08Z,PT1H9M12S,n0_8F9iz8JY
epic anime music,Quincy Wandenreich Theme - Bleach 1130 TYBW OST | EPIC Violin & Cello Version with Vocal,Dark Violin Cello,750,22,3,2026-07-20T12:00:15Z,PT4M9S,e_xp5qB0D20
epic anime music,DAY 13!! #bungosd #bungoustraydogs #bsd #epic #epicthemusical,☆•1ND1G0•☆,1633,212,8,2026-07-20T11:38:12Z,PT46S,979Zfy1AgO0
epic anime music,🔥 Epic Anime Sword Fight ⚔️ Coldest Edit Ever 🖤 #shorts #anime#shorts #youtubeshorts,AZEXU,3,1,0,2026-07-20T11:36:43Z,PT23S,SoEvISuyNY0
epic anime music,Digimon Butter-Fly | Epic Version (New English Lyrics + 18 Languages),New Music Mader,716,17,12,2026-07-20T10:54:19Z,PT2M44S,_ZY4mtHmgnI
epic anime music,Shadow Blossom | Japanese Trap x Shamisen x Bansuri x Tabla | Epic Fusion Instrumental,Aurora Sound,17,2,0,2026-07-20T10:48:42Z,PT9M52S,HDoX7kpJ58k
epic anime music,#shorts #ai #aigirls #anime #fantasy #demonhunter #warrior #cinematic #epic #viral #trending #fyp,Tazanna Marquez,26854,478,1,2026-07-20T10:45:49Z,PT22S,GENMOLAvO-o
epic anime music,THE  ENTRANCE WAS EPIC 💀 #ichigo #anime #viral #youtubeshorts #animeedit #epic #like #reels #shorts,CHITRO FF,396,0,0,2026-07-20T10:36:50Z,PT30S,fw1EKqjx0OU
epic anime music,MADARA UCHIHA (Naruto) Epic Soundtrack Lyrics,Soundtrack Villanos,22,1,0,2026-07-20T10:00:04Z,PT3M33S,FXFZeFOnO9E
epic anime music,Shamisen Overdrive | Epic Japanese Battle Theme,RockShamisen,12,0,0,2026-07-20T10:00:31Z,PT22M47S,qfIedWoRWek
作業用BGM オーケストラ,静けさへ戻る音｜ゴシック大聖堂・黄金の夕暮れオーケストラアンビエント【Healing Music】,Café Girls’ Lo-fi Room,13,2,1,2026-07-26T12:00:19Z,PT1H4M51S,H3CQdhAweOo
作業用BGM オーケストラ,Final Fantasy X - The Sight of Spira | Celtic Journey Through Spira (1 Hour Deep Focus),Flow State Tokyo,308,15,2,2026-07-26T11:00:34Z,PT1H33S,c9eya7RPedE
作業用BGM オーケストラ,【作業用BGM】世界を救う前のBGM｜通勤・勉強・仕事が映画の主人公になる壮大オーケストラ,気分でBGM,6,0,1,2026-07-26T10:00:07Z,PT2M49S,ydGzAwOhfyE
作業用BGM オーケストラ,【作業用BGM】静かな竹林で過ごす癒しの和風音楽｜睡眠・瞑想・リラックスBamboo Forest Breeze | Japanese Orchestra #睡眠用BGM#リラックス#癒し,Harry music,26,0,0,2026-07-26T09:25:30Z,PT1M53S,FNpGMiS6XnA
作業用BGM オーケストラ,"【作業用BGM】夜桜が彩る神社の和風オーケストラ｜集中・読書・勉強用 Night Sakura Shrine | Japanese Orchestra for Study, Relaxation",Harry music,9,0,0,2026-07-26T02:43:04Z,PT1M1S,reGmE-MGB7c
作業用BGM オーケストラ,"【字幕付 作業用・睡眠用BGM】水の都アクアリス【ケルト音楽】Aqualis, the City of Water.",Echo Haven Story and Music,1,0,0,2026-07-25T23:30:52Z,PT2H8M48S,ThLDLeUYXnU
作業用BGM オーケストラ,HOT LIMIT - T.M.Revolution | フルオーケストラアレンジ【Cover】,NEOシンフォニー,42,0,0,2026-07-25T22:00:22Z,PT2M47S,TsS-Jxb2vmE
作業用BGM オーケストラ,「君のいた夏」・星空BGM　＃星空BGM　＃夏の星空　＃天の川,星空オーケストラ,17,0,0,2026-07-25T14:28:51Z,PT3M1S,SfOmMHqTjXI
作業用BGM オーケストラ,Veil of Ashes【作業用BGM / Work BGM】| 閃光の彼方に,閃光の彼方に,7,0,0,2026-07-25T12:16:07Z,PT3M5S,VzNKRqxNCqw
作業用BGM オーケストラ,静けさへ戻る音｜バリ島の海辺・涼やかな笑顔オーケストラアンビエント【Healing Music】,Café Girls’ Lo-fi Room,99,0,0,2026-07-25T12:00:07Z,PT58M30S,LLGU30_zdB4
作業用BGM オーケストラ,静けさへ戻る音｜夜の海・月明かりオーケストラアンビエント【Healing Music】,Café Girls’ Lo-fi Room,58,1,0,2026-07-24T12:00:27Z,PT1H2M17S,B-2rjy2v14w
作業用BGM オーケストラ,【作業用BGM】おだやかで少し切ないピアノ独奏 1時間17分｜勉強用・リラックス・睡眠用｜からくりオーケストラ,KARAKURISOU 絡繰奏,4,0,0,2026-07-24T12:00:11Z,PT1H17M5S,icOUvQ1UAKc
作業用BGM オーケストラ,【1時間睡眠用BGM】 AI生成 オーケストラ - CALM SEASHORE- 睡眠導入・リラックス・深い眠り・作業用｜deep sleep relax｜広告なし｜SUNO AI,Happinest Music Library,12,0,0,2026-07-24T11:30:16Z,PT58M42S,RLG2RQzbMGU
作業用BGM オーケストラ,【Royalty-Free BGM】『Scholar theme』JRPG冒険シネマティックファンタジーオーケストラ３【Cinematic Fantasy BGM・作業用BGM】,【著作権フリーBGM】ぷるっと企画チャンネル,15,2,0,2026-07-24T08:00:32Z,PT1M48S,6urvkCfz4qo
作業用BGM オーケストラ,クリスマスの夜、冬の物語が始まる｜幻想的なバレエ音楽 #Shorts,Cozy BGM Lounge,348,1,0,2026-07-24T05:41:15Z,PT39S,NXJ5jx0Nt0M
作業用BGM オーケストラ,異世界オーケストラBGM【Orchestral Fantasy BGM】動くかかし / The Moving Scarecrow｜作業・勉強・睡眠用BGM｜1 Hour,OZ Fantasy Chronicles | Celtic Fantasy Music,16,1,1,2026-07-24T02:18:15Z,PT1H24M42S,ngJuIwU8hSk
作業用BGM オーケストラ,【作業用BGM】Frostveil Duet -重低音×Orchestra- | 作業・勉強・集中・没入・高揚【60分】,Haru-BGM Channel,2264,82,11,2026-07-23T11:00:14Z,PT1H6M26S,co4ZbnLwMPE
作業用BGM オーケストラ,Epic Orchestral Music for Deep Focus ⚔️ Motivation & Productivity | Powerful Cinematic Work BGM,Tokyo Rain,16,1,0,2026-07-23T10:00:26Z,PT1H1M16S,PZ_laXoA1Xg
作業用BGM オーケストラ,"星の記憶を巡る旅｜Fantasy R&B Orchestra - Cinematic Instrumental for Relax, Study & Sleep",movie photo,9,0,0,2026-07-23T07:52:44Z,PT2M50S,y1Sy_TOwf4M
作業用BGM オーケストラ,【作業用BGM】「祭りの醍醐味」-夏の夜空に咲く大輪の花火｜異世界和風,朧月夜奇譚,37,0,0,2026-07-22T17:15:33Z,PT2H59M19S,h6vhUqH6w8M
作業用BGM オーケストラ,【オーケストラ戦闘BGM】師弟の決戦｜熱い作業用バトルBGM｜ラスボス・ボス戦,KOUKA Fantasy Music – 光華隊,4,0,0,2026-07-22T14:25:51Z,PT39M34S,gAyntDjA4tA
作業用BGM オーケストラ,静けさへ戻る音｜秘境のラグーン・美しい海オーケストラアンビエント【Healing Music】,Café Girls’ Lo-fi Room,44,2,0,2026-07-22T12:00:14Z,PT59M22S,WGqpyrcmGj0
作業用BGM オーケストラ,【作業用BGM / 戦闘曲】Bittersweet Boss Battle｜Epic Orchestral Rock Boss Battle Music【60 Min】,WhiteWhaleBGM / しろくじらBGM,34,2,0,2026-07-22T11:00:14Z,PT1H3M17S,eahz-LrpAw8
作業用BGM オーケストラ,【フリーBGM】冬の晴れの日(Short Ver.) / やさしい / オーケストラ,【フリーBGM】音楽パケット×AIゴロー,78,1,1,2026-07-22T11:00:09Z,PT37S,tMAqCwwpL2U
作業用BGM オーケストラ,【フリーBGM】冬の晴れの日(Full Ver.) / やさしい / オーケストラ / 作業用,【フリーBGM】音楽パケット×AIゴロー,1,1,1,2026-07-22T10:45:19Z,PT1M13S,gJriK8SW2sE
作業用BGM オーケストラ,【作業用BGM】月光列車の幻想夜行 🌙🚂｜雨の古い駅から夜明けの終着駅へ｜12楽章 Fantasy Music,Cozy BGM Lounge,29,3,0,2026-07-22T09:30:35Z,PT57M58S,5iUlF3U4r20
作業用BGM オーケストラ,"【作業用BGM】大暑 - 炎昼｜和楽器×オーケストラ｜1時間 Cinematic Japanese Music for Work, Study, Sleep & Relax",Bunmaa-BGM channel,5,0,0,2026-07-21T22:00:09Z,PT1H4M10S,m4hVPbVij6c
作業用BGM オーケストラ,happy day BGM 〜楽しいオーケストラポップ〜 #Shorts,tekuteku55,309,0,0,2026-07-21T14:38:22Z,PT43S,iRcevNB26FM
作業用BGM オーケストラ,happy day BGM 〜楽しいオーケストラポップ〜 2時間,tekuteku55,26,0,0,2026-07-21T14:29:35Z,PT2H1S,CSASKl2ajTE
作業用BGM オーケストラ,静けさへ戻る音｜星降る神殿・満天の星空オーケストラアンビエント【Healing Music】,Café Girls’ Lo-fi Room,115,3,2,2026-07-21T12:00:13Z,PT1H12M17S,G17uHKFCLrw
作業用BGM オーケストラ,【作業用・戦闘BGM 1時間】蒼き騎士の凱旋｜勝利へ駆ける壮大なオーケストラ戦記｜Epic Fantasy Music,Arcathrive,0,0,0,2026-07-21T10:23:03Z,PT1H4S,BWHsS8Pfw0w
作業用BGM オーケストラ,感情が爆発する作業用・集中用・神エピックBGM♪ Goosebumps Epic Music♪,おぢぽよのBGMギャラクシー ODI☆POYO's Background Music Galaxy,75,4,0,2026-07-21T10:18:23Z,PT1H12M10S,FUhI5SPTmbU
作業用BGM オーケストラ,【作業用BGM】天空の城塞に響く壮大なBGM|作業用・勉強用 1時間ループ概要欄【エピック音楽】,音楽とショートを楽しもう,16,1,0,2026-07-21T04:19:48Z,PT57M49S,2ttVLRh2gpc
作業用BGM オーケストラ,静けさへ戻る音｜天空の神殿・聖なる旅路オーケストラアンビエント【Healing Music】,Café Girls’ Lo-fi Room,84,2,2,2026-07-20T12:00:29Z,PT1H9M58S,av-OWFobs3s
作業用BGM オーケストラ,"🎻 ミッキーと夢を奏でる魔法のひととき｜Disney Orchestra Collection for Reading, Study, Relaxation & Peaceful Moments",夢のオーケストラ | Dream Orchestra,8,0,0,2026-07-20T11:00:42Z,PT3H7M14S,FzM6DNXxH2o
作業用BGM オーケストラ,異世界オーケストラBGM【Orchestral Fantasy BGM】はじめての依頼 / The First Quest｜作業・勉強・睡眠用BGM｜1 Hour,OZ Fantasy Chronicles | Celtic Fantasy Music,61,2,1,2026-07-20T10:05:42Z,PT1H17M45S,uDZADOKNUiQ
作業用BGM オーケストラ,【Royalty-Free BGM】『出会い』JRPG冒険ファンタジーオーケストラ５【freeBGM・作業用BGM】,【著作権フリーBGM】ぷるっと企画チャンネル,56,6,0,2026-07-20T07:00:30Z,PT2M14S,XlmdZtR5vqY
作業用BGM オーケストラ,🪷Island Sanctuary🪷【作業用BGM】《バリ風リラクゼーション音楽60分》《癒しの時間》《作業 睡眠 マッサージ ドライブ 勉強 ほっとひと息のBGM》,スタジオ風音 【Studio KAZANE】 by yacmoctalat,174,5,0,2026-07-20T01:00:13Z,PT1H27S,fCRg4sQYXFA
作業用BGM オーケストラ,静けさへ戻る音｜夏の絶景・涼やかな風オーケストラアンビエント【Healing Music】,Café Girls’ Lo-fi Room,125,3,2,2026-07-19T12:00:04Z,PT1H3M11S,OkYyyyH8j9U
作業用BGM オーケストラ,【著作権フリー】カリンバ協奏曲 第２楽章　#著作権フリー #BGM #カリンバ #協奏曲 #オーケストラ #アダージョ #クラシック #癒し #作業用BGM #リラックス,カホンスタジオPRIUS,322,3,1,2026-07-19T09:30:26Z,PT2M34S,46DMrA2GBrU
作業用BGM オーケストラ,【著作権フリーBGM】管弦楽曲「幽玄の鐘 ～Temple Resonance～」#オーケストラ #クラシック音楽 #和風BGM #作業用BGM #TempleResonance,カホンスタジオPRIUS,257,1,2,2026-07-19T01:00:14Z,PT2M19S,pEsre2H_oEs
作業用BGM オーケストラ,【著作権フリーBGM】ドリームハープとオーケストラのための祝典序曲,カホンスタジオPRIUS,503,2,0,2026-07-18T14:30:27Z,PT2M30S,4UaITT41J_I
作業用BGM オーケストラ,【作業用BGM／1時間】戦闘モードに入る疾走系JRPGバトルメドレー｜YutoRhythm Battle Mode Vol.2,ゆとリズム yuto-rhythm,142,4,0,2026-07-18T13:00:34Z,PT1H31S,Ai7fB6AJ1Yc
作業用BGM オーケストラ,静けさへ戻る音｜海辺の宮殿・絶景オーケストラアンビエント【Healing Music】,Café Girls’ Lo-fi Room,144,6,2,2026-07-18T12:00:27Z,PT1H7M8S,aiWn5ffI7YU
作業用BGM オーケストラ,【著作権フリーBGM】カリンバ協奏曲第３楽章「Wooden Circle Concerto」,カホンスタジオPRIUS,598,8,0,2026-07-18T04:14:36Z,PT2M23S,S1TqBqCZk20
作業用BGM オーケストラ,"【作業用BGM】百鬼夜行 - 真夏の妖怪絵巻｜和楽器×オーケストラ｜1時間 Japanese Yokai Night Music for Work, Study, Sleep & Relax",Bunmaa-BGM channel,15,0,0,2026-07-18T02:17:33Z,PT1H3M45S,yHhBQ0c4vnM
作業用BGM オーケストラ,百鬼夜行 - 真夏の妖怪絵巻｜和楽器×オーケストラ #shorts #妖怪 #百鬼夜行,Bunmaa-BGM channel,350,2,0,2026-07-18T02:12:12Z,PT1M1S,4CLIumWc_y0
作業用BGM オーケストラ,グラディウスIII ボスBGM オーケストラアレンジメドレー｜GRADIUS III Boss Theme Arrange,ともーぬ,6448,120,7,2026-07-17T23:40:37Z,PT14M53S,G1hqsm8epeU
作業用BGM オーケストラ,静けさへ戻る音｜夏の神殿・涼やかな海オーケストラアンビエント【Healing Music】,Café Girls’ Lo-fi Room,129,4,2,2026-07-17T12:00:06Z,PT1H1M44S,zq6MztE_pQg
作業用BGM オーケストラ,【フリーBGM】最高の友だったよ・・・【作業用/無茶しやがって/ファンタジー/オーケストラ/勝利のテーマ】,canon music,47,5,0,2026-07-17T09:00:07Z,PT1H34S,lAWxD-4tOa0
作業用BGM オーケストラ,【ゲームBGM風】ラスダンBGM〜深淵の迷宮〜45分｜霧ノ宮市 朝 9:32,MUGEN Music,2,0,0,2026-07-17T07:31:39Z,PT45M1S,mDl5JoB5dMw
作業用BGM オーケストラ,【ゼノブレイド2】戦闘!!｜和ロック×ケルト×ピアノオーケストラ AIアレンジ【作業用BGM】,Catget,233,7,0,2026-07-17T07:00:04Z,PT5M31S,5ElZNSgFp6Y
作業用BGM オーケストラ,「スタジアムを見下ろすVIP席 ⚽🏆｜壮大なオーケストラで集中する作業BGM - Work & Study BGM」,Cafe Window BGM,3,0,0,2026-07-17T04:00:26Z,PT1H34M14S,iWCJ6dbImbo
作業用BGM オーケストラ,【ジブリオーケストラ】千尋と一緒に、ジブリ音楽の懐かしい響きを辿るタイムトラベルの旅に出かけましょう🎻🕰️懐かしさ、リラックス、そして勉強に最適なジブリのBGM。 | Ghibli Music,Mossy Music,573,9,0,2026-07-16T23:00:02Z,PT2H34M4S,PrQ8Cp3nnTU
作業用BGM オーケストラ,【ディズニー風ファンタジーBGM】夢の王国へ ✨ 魔法のようなオーケストラ音楽｜作業・読書・リラックスに説明文,陽だまり音楽室,8,0,1,2026-07-16T22:22:46Z,PT1H13M4S,LUxjoi02NFM
作業用BGM オーケストラ,静けさへ戻る音｜天空の神殿・煌めく宮廷ドレスオーケストラアンビエント【Healing Music】,Café Girls’ Lo-fi Room,94,2,0,2026-07-16T12:00:09Z,PT1H8M26S,wQ2JVRuJOh4
作業用BGM オーケストラ,【作業用BGM】Glacial Fantasia -重低音×Orchestra- | 作業・勉強・集中・没入・高揚【80分】,Haru-BGM Channel,2555,75,12,2026-07-16T11:00:33Z,PT1H24M33S,2pK0VHy5Vus
作業用BGM オーケストラ,【異世界BGM】【2時間作業用BGM】星降る空中都市で聴くファンタジーオーケストラ / 渚の旅,異世界ファンタジーBGM　asahima ,215,2,0,2026-07-16T11:00:11Z,PT25S,yPFbYvarKuk
作業用BGM オーケストラ,【作業用BGM】天空の城へ！ジブリ風オーケストラ 壮大な冒険BGM 2時間耐久 | 勉強・読書・睡眠用 (Ghibli Style Orchestral Music),Cozy BGM Lounge,3,1,0,2026-07-16T08:00:00Z,PT1H56M39S,Bt1OoMRI5Fw
作業用BGM オーケストラ,【ゲームBGM風】最終決戦BGM〜天空の神殿〜30分｜霧ノ宮市 朝 9:02,MUGEN Music,1,0,0,2026-07-16T07:31:28Z,PT30M1S,ELK7JkKj-Vc
作業用BGM オーケストラ,【異世界ファンタジーBGM】星降る空中都市 -渚の旅-【作業用/勉強用/睡眠用/2時間】,異世界ファンタジーBGM　asahima ,37,2,1,2026-07-15T12:00:21Z,PT2H,lM6vcHd9_I0
作業用BGM オーケストラ,グラディウスIII BGM オーケストラアレンジメドレー｜GRADIUS III Orchestral Arrange,ともーぬ,15343,389,20,2026-07-15T10:20:15Z,PT20M42S,-Po8j568D-w
作業用BGM オーケストラ,【ゲームBGM風】決戦BGM〜勇者と竜王〜45分｜霧ノ宮市 朝 10:02,MUGEN Music,1,0,0,2026-07-14T07:31:59Z,PT45M1S,BDXuB-3PBEM
作業用BGM オーケストラ,【壮大ハイファンタジー物語】星導の旅人 ⚔️ シネマティック全6章＋オーケストラBGM｜作業用・睡眠用に,Neural OS Radio,20,1,0,2026-07-14T02:38:14Z,PT28M30S,dXDMvxWizJg
作業用BGM オーケストラ,【高音質】モンストドリーム4 DREAMDAZE IV オーケストラ 2026【モンストBGM】,KG GAMEz【モンスト】,17916,465,0,2026-07-13T14:52:39Z,PT1H5M36S,W501MdcBST4
作業用BGM オーケストラ,【広告なし】【作業用BGM】冒険心を刺激するオーケストラBGM・サウンドトラック,wanwannanachan,20,1,0,2026-07-13T14:30:09Z,PT41M48S,JDy3fSjg6w8
作業用BGM オーケストラ,小暑 - 温風至｜和楽器×オーケストラ #shorts #和風BGM #二十四節気,Bunmaa-BGM channel,360,4,0,2026-07-13T13:53:44Z,PT1M1S,xSD4PoA1CXA
作業用BGM オーケストラ,静けさへ戻る音｜黄金の雲海オーケストラアンビエント【Healing Music】,Café Girls’ Lo-fi Room,125,2,2,2026-07-13T12:00:37Z,PT1H9M48S,pu4Y2eHn_g4
作業用BGM オーケストラ,【作業用BGM】東方妖々夢 シンフォニックオーケストラアレンジ｜Touhou 07 Symphonic Orchestra Arrange【Playlist】,SONICA_TOKYO,3994,131,12,2026-07-13T11:19:55Z,PT53M11S,vEaveB3uJjU
作業用BGM オーケストラ,壮大すぎるオーケストラBGM 🌌 | Epic Orchestra #Shorts,Chill Shorts BGM,109,0,0,2026-07-13T11:11:12Z,PT1M13S,i1TSrSYC-Qc
作業用BGM オーケストラ,"🎶 グーフィーと心弾む午後のメロディー｜Disney Orchestra Collection for Reading, Study, Relaxation & Peaceful Moments",夢のオーケストラ | Dream Orchestra,34,1,1,2026-07-13T11:00:17Z,PT1H9M33S,aGVCMx8mqX4
作業用BGM オーケストラ,【重音テト】心絵 ロードオブメジャー【Synthesizer V2 】/タヒロP,【TAHIRO】タヒロP,248,0,0,2026-07-13T09:00:08Z,PT58S,wQa4nNgoDFA
作業用BGM オーケストラ,Prince Igor: Polovetsian Dances – No. 17: Introduction: Andantino【歌劇《イーゴリ公》：韃靼人の踊り 娘たちの踊り Andantino】,"Classical, Mostly【クラシックとか】",21,0,0,2026-07-13T07:56:06Z,PT2M38S,YrvNw3zeKu8
作業用BGM オーケストラ,【フリーBGM】『priest theme』JRPG冒険シネマティックファンタジーオーケストラ２【Cinematic Fantasy BGM・freeBGM・作業用BGM】#shorts,【著作権フリーBGM】ぷるっと企画チャンネル,41,2,0,2026-07-13T07:30:32Z,PT34S,PhCe7SZOBN4
作業用BGM オーケストラ,【フリーBGM】『priest theme』JRPG冒険シネマティックファンタジーオーケストラ２【Cinematic Fantasy BGM・freeBGM・作業用BGM】,【著作権フリーBGM】ぷるっと企画チャンネル,81,5,0,2026-07-13T07:00:04Z,PT2M40S,VK-VPEMiS1o
作業用BGM オーケストラ,【壮大ハイファンタジー物語】星導の旅人 ⚔️ シネマティック全6章＋オーケストラBGM｜作業用・睡眠用に,Neural OS Radio,20,1,0,2026-07-13T04:21:57Z,PT28M30S,pXyymiZr_j4
作業用BGM オーケストラ,【昭和名曲/軽音楽】波の音と聴く名曲オーケストラ BGM｜純喫茶インスト 第1集,黄金のガチョウ第1スタジオ(GoldenGoose Studio1),31,2,1,2026-07-12T21:12:34Z,PT1H22M51S,YuYi2HVWIAI
作業用BGM オーケストラ,重厚な戦闘曲【フリーBGM】dark orchestral BGM / Force of Darkness_2【作業用BGM・素材】 #shorts,【著作権フリーBGM】ぷるっと企画チャンネル,25,2,0,2026-07-12T14:00:14Z,PT30S,m-MYiYLHe9E
作業用BGM オーケストラ,静けさへ戻る音｜天空の神殿・黄金の輝きオーケストラアンビエント【Healing Music】,Café Girls’ Lo-fi Room,61,2,2,2026-07-12T12:00:03Z,PT58M14S,sDl1CJucHW0
作業用BGM オーケストラ,【異世界BGM】潮騒の港町で聴くファンタジーオーケストラ｜作業用・睡眠用 / 渚の旅【2時間】,異世界ファンタジーBGM　asahima ,115,0,0,2026-07-12T11:48:33Z,PT31S,Y2QCvk_TAjU
作業用BGM オーケストラ,【963Hz】世界の果てまで響き渡る平和の祈り - 魂を癒す壮大なオーケストラBGM,movie photo,148,0,0,2026-07-12T09:22:07Z,PT2M57S,Glv_PIT3llw
作業用BGM オーケストラ,【作業用BGM】ゴシック×女性ボーカル｜創世の残響｜Echoes of Genesis,加藤セイ@中間管理職,48,3,0,2026-07-12T09:00:37Z,PT48M47S,U7EAsRifGEY
作業用BGM オーケストラ,静けさへ戻る音｜夜の海・月明かりオーケストラアンビエント【Healing Music】,Café Girls’ Lo-fi Room,151,5,0,2026-07-11T12:00:05Z,PT1H5M56S,4DLK6aXPLYk
作業用BGM オーケストラ,【作業用BGM】黒紫薔薇 西園寺エリカ Character Song【幻想音楽・ゴシックファンタジー】,KOUKA Fantasy Music – 光華隊,315,1,0,2026-07-11T11:48:42Z,PT35S,XTIbsx8mGsE
作業用BGM オーケストラ,【壮大なファンタジーBGM】精霊の導き - 美しく神秘的なオーケストラ音楽集 / Guidance of the Spirits【JRPG BGM】,Fantasy Echoes / 空想と癒しの音楽,97,7,1,2026-07-11T10:00:13Z,PT1H2M58S,GbaGhg726Xc
作業用BGM オーケストラ,【重音テト】Reason/玉置成実【Synthesizer V2 】/タヒロP,【TAHIRO】タヒロP,2018,15,1,2026-07-11T09:00:03Z,PT48S,D0Zaj4gMAak
作業用BGM オーケストラ,【作業用BGM】ゴシック×女性ボーカル｜青薔薇継承録｜Chronicles of the Blue Rose,加藤セイ@中間管理職,60,2,0,2026-07-11T09:00:21Z,PT51M10S,jbemOb0KZqI
作業用BGM オーケストラ,【ゲームBGM風】ボス戦BGM〜魔王城の決闘〜45分｜霧ノ宮市 朝 6:32,MUGEN Music,2,0,0,2026-07-11T07:32:10Z,PT45M1S,7NcCXZ7ERBA
作業用BGM オーケストラ,【異世界ファンタジーBGM】潮騒の港町 -渚の旅-【作業用/睡眠用/2時間】,異世界ファンタジーBGM　asahima ,73,0,0,2026-07-11T02:30:26Z,PT2H1S,yGgVOS4v2YM
作業用BGM オーケストラ,【オーケストラ×EDM】足取りが軽くなる大人なクラシカルダンスミュージック｜classical dance music that puts a spring in your step.,Our Dance Music,11,1,1,2026-07-11T01:00:21Z,PT2H5M28S,mlhm9fkm1do
作業用BGM オーケストラ,Beyond the Last Horizon｜まだ見ぬ景色は、その先にある #BGM #シネマティック #オーケストラ #映画音楽  #cinematicmusic #instrumental,SORA BGM STUDIO,84,0,0,2026-07-10T14:53:01Z,PT31S,JjWoXAd5Prw
作業用BGM オーケストラ,【1時間睡眠用BGM】 AI生成 オーケストラ - Summer Triangle 夏の大三角 - 睡眠導入・リラックス・深い眠り・作業用 \deep sleep relax\広告なし\SUNO AI,Happinest Music Library,17,0,0,2026-07-10T12:00:18Z,PT1H1M7S,7ppupO0pqpM
作業用BGM オーケストラ,【睡眠用BGM】眠りにおちる優しいオーケストラ 1時間40分｜クラシック入門・作業用・勉強用｜からくりオーケストラ,KARAKURISOU 絡繰奏,2,0,0,2026-07-10T12:00:22Z,PT1H40M55S,J95r6uczijo
作業用BGM オーケストラ,静けさへ戻る音｜天空の神殿・黄金の輝きオーケストラアンビエント【Healing Music】,Café Girls’ Lo-fi Room,92,3,0,2026-07-10T12:00:38Z,PT1H1M19S,n1q2KBx34dY
作業用BGM オーケストラ,【作業用BGM】ゴシック×女性ボーカル｜白薔薇の城｜Castle of the White Rose,加藤セイ@中間管理職,47,2,0,2026-07-10T09:00:28Z,PT51M10S,pKiGNW_jh9I
作業用BGM オーケストラ,【重音テト】Reason/玉置成実【Synthesizer V2 】/タヒロP,【TAHIRO】タヒロP,295,8,0,2026-07-10T09:00:37Z,PT48S,fSI6BrcxLvg
作業用BGM オーケストラ,静けさへ戻る音｜森と湖・朝の光オーケストラアンビエント【Healing Music】,Café Girls’ Lo-fi Room,205,0,0,2026-07-09T12:00:12Z,PT58M49S,BFWjBiSeO5I
作業用BGM オーケストラ,【作業用BGM】ゴシック×女性ボーカル｜黒翼叙事詩｜Chronicle of Black Wings,加藤セイ@中間管理職,83,0,0,2026-07-09T09:00:26Z,PT49M41S,GWcVVS3jGoE
作業用BGM オーケストラ,ショパン 第2集 名曲集 | 作業用BGM 3時間 🎹【クラシック】,Aqua Orchestra - アクアオーケストラ,79,5,0,2026-07-09T07:44:51Z,PT3H1S,WWwgFIgGBDA
作業用BGM オーケストラ,【フリーBGM】『仲間を探して』JRPG冒険ファンタジーオーケストラ４・ポルカ調酒場BGM【freeBGM・作業用BGM】#shorts,【著作権フリーBGM】ぷるっと企画チャンネル,201,1,0,2026-07-09T07:30:07Z,PT28S,yQpuCypCgV0
ラスボス BGM,【神話級BGM】百目神、天より降臨。｜Epic Orchestral Fantasy Music,神域音楽堂 - Sacred Realm Music,2,0,0,2026-07-26T19:22:26Z,PT3M15S,-VTliFrkKmQ
ラスボス BGM,ヒューマンバグ大学 BGM 【ラスボス 聖母 女性ボーカル 決戦SF】,夜月,176,11,2,2026-07-26T10:22:23Z,PT2M7S,ANX1SUajGSQ
ラスボス BGM,ラスボス戦で気になることをまとめて調べてみた!!【スプラトゥーンレイダース】【スプラ小ネタ】,R-GAMES 2.0,9985,245,63,2026-07-26T08:00:29Z,PT15M47S,Z3IvbqiYoFo
ラスボス BGM,【妖怪ウォッチ】エモすぎる初代と２のラスボスBGMについて一分解説、紹介！ #あるある #妖怪ウォッチ #えもい #懐かしい #共感 #妖怪ウォッチ2 #3ds,もぶ,66407,1575,38,2026-07-26T07:30:36Z,PT43S,rXlw4mqiSrs
ラスボス BGM,【マリオメーカー2】キングダムハーツ3戦闘BGM 〜KH1ラスボスパート〜,Mr. コウroom,333,0,0,2026-07-26T06:12:50Z,PT37S,o1vc3S3GboA
ラスボス BGM,【スプラトゥーン レイダース BGM】ラスボス戦（すりみ連合）（完成版）【BGM・プレイ動画】【スプラ レイダース】,Mana Games,4161,249,31,2026-07-26T05:44:54Z,PT7M26S,AOE7t1WtCx8
ラスボス BGM,【スプラトゥーン レイダース BGM】ファイナルドリル（ラスボス戦最終フェーズ）（すりみ連合）【BGM・プレイ動画】【スプラ レイダース】,Mana Games,4338,221,34,2026-07-25T23:54:58Z,PT2M32S,P6quEorhHMs
ラスボス BGM,スプラトゥーンレイダース シオヅケノオオミカミ 裏ボス ラスボス ボス 発売日 bgm 評価 参加型 マルチプレイ 武器 レベル上げ 無限食堂 ガジェット 周回 最強 レビュー 武器集め 先行プレイ,ボッチアーニの魂【任天堂ファンは登録よろしく‼️】,4387,10,5,2026-07-25T18:41:39Z,PT4S,f29RCQwUbH0
ラスボス BGM,スプラトゥーンレイダース 裏ボス ラスボス ボス 発売日 bgm 評価 参加型 マルチプレイ 武器 にじさんじ レベル上げ 無限食堂 ガジェット 周回 最強 レビュー 武器集め 先行プレイ,ボッチアーニの魂【任天堂ファンは登録よろしく‼️】,4070,11,4,2026-07-25T17:26:10Z,PT4S,LqzEB_P1k84
ラスボス BGM,【フリーBGM】禁断の一手が、世界を壊す。｜ONE FORBIDDEN MOVEWILL SHATTER THE WORLD｜Epic Dark Fantasy OST,Silent Mod - 壮大ラスボス戦BGM工房,514,0,0,2026-07-25T10:30:20Z,PT1M9S,-IuZUN4QILc
ラスボス BGM,【フリーBGM】禁断の一手が、世界を壊す。 / One Forbidden Move Broke the World | Epic Dark Fantasy OST,Silent Mod - 壮大ラスボス戦BGM工房,3,0,0,2026-07-25T10:00:24Z,PT3M8S,mmVYqptOrH0
ラスボス BGM,初めてレア武器を引き当てラスボスに挑むたいじ【スプラトゥーン レイダース】Part3,たいじ/たいちゃんねる,93934,728,110,2026-07-25T05:44:58Z,PT40M1S,x8sP5wa1zHI
ラスボス BGM,【作業用BGM】🚀 超高速シューティングゲーム ラスボス戦闘曲集｜Epic Space Shooter Final Boss Music,八千股 曜  Yachimata Yoh,53,1,0,2026-07-25T03:12:45Z,PT1H6M57S,eGtxmfde1QU
ラスボス BGM,【Switch2】スプラトゥーン レイダース 初見プレイ３ ラストダンジョン&ラスボス戦,ロジー&マリオファンの集い,6339,76,2,2026-07-24T16:07:34Z,PT3H51M24S,SVFpfyUSyAQ
ラスボス BGM,【作業用BGM】エルノア,無名,25,1,1,2026-07-23T22:38:40Z,PT2M54S,TG5MMINeqQg
ラスボス BGM,【フリーBGM】神の遺産を奪うのか、人を信じるのか｜THE GOD'S LEGACY STEAL IT OR TRUST HUMANITY｜Epic Dark Fantasy OST,Silent Mod - 壮大ラスボス戦BGM工房,313,0,0,2026-07-23T10:30:28Z,PT1M7S,h4BeMYzZBAE
ラスボス BGM,【フリーBGM】神の遺産を奪うのか、人を信じるのか。 | Epic Dark Fantasy OST,Silent Mod - 壮大ラスボス戦BGM工房,7,0,0,2026-07-23T10:00:39Z,PT2M14S,M3JvEEfixTA
ラスボス BGM,レイダースのラスボスに初見で挑むリオラch【スプラトゥーンレイダース】,リオラの遊び場,44676,771,89,2026-07-23T01:54:27Z,PT17M53S,MwmNB91L0LQ
ラスボス BGM,【スプラトゥーン レイダース】ラスボス戦とエンディング【ネタバレ注意】,けいすけ,33278,368,88,2026-07-22T23:33:02Z,PT20M29S,qh4Ts06eObA
ラスボス BGM,【スプラトゥーンレイダース】全ボス戦まとめ（全15体）・エンディング【switch2】【スプラ レイダース】,ピコピコちゃん / ゲームまとめ,149481,1727,181,2026-07-22T19:38:39Z,PT1H6M29S,P4F2GkZS4Z8
ラスボス BGM,【スプラトゥーンレイダース】ラスボス戦・エンディング【switch2】【スプラ レイダース】,ピコピコちゃん / ゲームまとめ,30500,420,59,2026-07-22T16:57:24Z,PT29M20S,Ahv3oLGXijQ
ラスボス BGM,【オーケストラ戦闘BGM】師弟の決戦｜熱い作業用バトルBGM｜ラスボス・ボス戦,KOUKA Fantasy Music – 光華隊,4,0,0,2026-07-22T14:25:51Z,PT39M34S,gAyntDjA4tA
ラスボス BGM,制作中自作ゲーム 王道×パロ×百合2 BGM〜ラスボス用戦闘BGM(仮),藤林 蒼太,11,1,0,2026-07-22T13:58:12Z,PT5M23S,5APMJK-uG48
ラスボス BGM,星のカービィ3　ラスボスbgm,お前らのaiboです,32,1,0,2026-07-22T10:50:05Z,PT1M30S,SEBy70wAt5Q
ラスボス BGM,【和×ケルト風戦闘BGM】和と洋の魔女が共闘するときのBGM「雹焔の協奏」/The Hailfire Concerto【AI×ラスボス戦】【ファンタジー】,Seagull World,1804,69,3,2026-07-22T10:22:22Z,PT2M4S,uXB63zlQLIE
ラスボス BGM,【作業用BGM】ラスボス戦みたいなAIアニメOP風メドレー｜中毒性×重低音×疾走感 × Emotional J-Rock,夜詠み,171,2,1,2026-07-22T10:00:07Z,PT35M29S,j58YbFFmGDg
ラスボス BGM,"【フリーBGM】封印の底で、神が目を開く。 | Deep Beneath the Seal, the God Opens Its Eyes |Epic Dark Fantasy OST",Silent Mod - 壮大ラスボス戦BGM工房,184,0,0,2026-07-21T10:30:17Z,PT1M13S,X_WQGHWRruU
ラスボス BGM,【フリーBGM】深海神殿の覚醒 | Awakening of the Abyssal Temple | Epic Dark Fantasy OST,Silent Mod - 壮大ラスボス戦BGM工房,9,1,1,2026-07-21T10:00:22Z,PT3M14S,HE0TvYMK6zA
ラスボス BGM,【NTE】九百九十九夜 赤竜討伐譚 ラスボス戦BGM ｢Whatever It Says｣【Neverness to Everness】【NTE BGM】,御剣　光,43,5,0,2026-07-20T14:17:08Z,PT9M34S,L7Z5kIcZR20
ラスボス BGM,【シンフォニー系サントラ】The Planetal symphony 3  (宇宙系ファンタジーBGM),MOKICHI,12,1,0,2026-07-20T11:17:58Z,PT2M6S,qjKTiQBmc0c
ラスボス BGM,【フリーBGM】RPGとSLGの最終戦風ゲームミュージックVGM,AI音楽,18,0,0,2026-07-19T09:35:21Z,PT12M51S,eJLPrUIl-Vs
ラスボス BGM,【フリーBGM】World Invasion【シネマティックベース/敵勢力テーマBGM】,【フリーBGM制作】rh_yme,25,1,0,2026-07-19T09:00:07Z,PT2M51S,PKrDkA01HxQ
ラスボス BGM,99%勝てない敵に立ち向かう時のBGM【戦闘曲／作業用BGM／アニソン／ラスボス戦／フリーBGM】,うたの-音楽工房【FreeMusic】,224,11,0,2026-07-19T08:37:35Z,PT4M17S,qY5wc9WcEmc
ラスボス BGM,ライダーラスボスの討伐難易度ランク！,ライダー部の100カノオタク,9333,181,47,2026-07-19T00:00:24Z,PT1M49S,ArDdknaGIaA
ラスボス BGM,【フリーBGM】怪物ではなく、守護者だった| NOT A MONSTERBUT A GUARDIAN| Epic Dark Fantasy OST,Silent Mod - 壮大ラスボス戦BGM工房,458,2,0,2026-07-18T10:30:31Z,PT1M6S,6HEnFbfFFtU
ラスボス BGM,【フリーBGM】深海の神 - 深淵の守護者 - | Deep Sea God - Guardian of the Abyss  | Epic Dark Fantasy OST,Silent Mod - 壮大ラスボス戦BGM工房,11,0,1,2026-07-18T10:00:09Z,PT3M19S,RlMos9jt67M
ラスボス BGM,※ネタバレ注意 SEGA光吉氏による最高にカッコいいBGM【電車アタック】【Denshattack!】,INUのゲーム,1154,5,0,2026-07-18T07:33:36Z,PT1M3S,CMskncZxEqg
ラスボス BGM,【フリーBGM】ラストバトル4【JRPG/オーケストラ系ミックス/ロック/バトル/戦闘/ラスボス/壮大/神秘的/かっこいい】[ 素材(そざい)、音源(おんげん)、無料、free ],音空間,96,0,0,2026-07-17T14:43:50Z,PT4M22S,656APKaX2gY
ラスボス BGM,【フリーBGM】感情を殺すな｜ Don't Kill Your Emotions｜Emotional Dark Fantasy,Silent Mod - 壮大ラスボス戦BGM工房,214,0,0,2026-07-17T10:30:36Z,PT1M3S,Fw5lZPTB0R8
ラスボス BGM,ビートスペル リズム天国 ラスボス bgm ゆゆうた ナーラ 解放 条件  実況 rta 攻略 星5 難しい 隠し ボス戦 ユウ 裏 失敗 アイテム ゆゆうた 配信 5章 ニードル 曲 エクソス,ボッチアーニの魂【任天堂ファンは登録よろしく‼️】,227,1,1,2026-07-16T19:07:24Z,PT3S,TLUBsD0FuMA
ラスボス BGM,【新規映像】vs. マッシャー師団長 戦 DX BGM【星のカービィ ロボボプラネット：カービィの3Dチャレンジ：レベル３のラスボス（ ZERO・TWO目指して：アレンジ版 ）】より（修正版）,USDX格闘王への道TASチャンネル & エアライダー推しの子チャンネル DX,5,0,0,2026-07-16T12:39:01Z,PT59S,3rcEALS4pPA
ラスボス BGM,【フリーBGM】誰にも救えなかった、最後の希望。 #Shorts,Silent Mod - 壮大ラスボス戦BGM工房,315,3,0,2026-07-16T10:30:18Z,PT1M7S,f09thxh6_a8
ラスボス BGM,【フリーBGM】堕ちた救世主との最終決戦 | Epic Final Boss Battle,Silent Mod - 壮大ラスボス戦BGM工房,28,1,0,2026-07-16T10:00:25Z,PT2M14S,5NqaL1L2gCI
ラスボス BGM,【作業用BGM】ラスボス戦みたいなAIアニメOP風メドレー｜j-rock anime【playlist】,夜詠み,896,21,2,2026-07-16T10:00:00Z,PT41M3S,I8ImCnFfY9c
ラスボス BGM,【フリーBGM】悪魔の実験│人体改造・マッドサイエンティストのラスボス戦闘曲【EDM/glitch/horror/ロック/ピアノ】,【フリーBGM】Two Chan【素材】,225,6,0,2026-07-16T03:00:09Z,PT3M3S,lmM2BdVMi3U
ラスボス BGM,【崩壊スターレイル】万色帰空主、帰寂戦BGM〘Lord of Samvartasthayi Asat Pramad Boss Theme〙,ナラかずき(ت),38619,560,58,2026-07-16T01:09:40Z,PT20M4S,0EbRPdhsjOk
ラスボス BGM,【フリーBGM】心の声を消さない。｜DON'T SILENCE YOUR HEART｜Emotional Dark Fantasy,Silent Mod - 壮大ラスボス戦BGM工房,426,1,0,2026-07-15T10:30:29Z,PT1M20S,G0sxOswbOhQ
ラスボス BGM,ビートスペル リズム天国 バックフリップ ラスボス bgm ナーラ ランダムダンジョン 実況 rta 6章 攻略 最終章 エクソス 隠し ボス戦 ユウ 裏 失敗 チェイン ヘンテコ 配信 スコア コツ,ボッチアーニの魂【任天堂ファンは登録よろしく‼️】,818,3,0,2026-07-15T09:11:00Z,PT4S,LEZfHfR-HIQ
ラスボス BGM,【作業用BGM】異形なる簒奪者 ボスラッシュメドレー【ラスボス戦/戦闘BGM/ダークファンタジー/モンスト/悪役/ロック/轟絶】BGMアレンジ　轟絶BGM　モンスト,クェルボ公爵,64,1,1,2026-07-15T08:00:29Z,PT1H8M48S,cWTSlEa0UZU
ラスボス BGM,ビートスペル リズム天国 バックフリップ ラスボス bgm ナーラ ランダムダンジョン 実況 rta 攻略 星5 最終章 エクソス 隠し ボス戦 ユウ 裏 失敗 チェイン ヘンテコ 配信 スコア コツ,ボッチアーニの魂【任天堂ファンは登録よろしく‼️】,206,1,0,2026-07-15T01:37:17Z,PT4S,cJI0xspm4oE
ラスボス BGM,【作業用BGM】テクノス,無名,91,8,0,2026-07-14T23:26:14Z,PT2M28S,I5TsW8aGUr4
ラスボス BGM,【マリオメーカー2】DELTARUNEチャプター5のラスボス戦をBGM付きで再現する配信,ぽんどん,362,10,0,2026-07-14T16:24:35Z,PT4H11M8S,kKdtViEhJ94
ラスボス BGM,【フリーBGM】足掻け。終われない。｜NOT YET | Epic Final Boss Battle | Emotional Dark Fantasy,Silent Mod - 壮大ラスボス戦BGM工房,129,0,0,2026-07-14T10:30:07Z,PT1M15S,Yp98ZY6NmIc
ラスボス BGM,【ケルト風戦闘BGM】悪役令嬢が世界に立ち向かうときのBGM「彼女の正義」/The Justice She Believes In【AI×ラスボス戦】【ダークファンタジー】,Seagull World,2404,64,6,2026-07-14T09:42:46Z,PT3M19S,ECTIcq-jDng
ラスボス BGM,ビートスペル リズム天国 バックフリップ ラスボス bgm ナーラ ランダムダンジョン 実況 rta 攻略 星5 最終章 エクソス 隠し ボス戦 ユウ 裏 失敗 チェイン ヘンテコ 配信 vtuber,ボッチアーニの魂【任天堂ファンは登録よろしく‼️】,3168,4,4,2026-07-14T09:21:51Z,PT4S,xbn4VsxTMqc
ラスボス BGM,【BGM】虚飾なる道化 - 異形なる簒奪者【ダーク/ダークファンタジー/ラスボス/戦闘/ボス戦/モンスト/悪役/サーカス/轟絶/ピエロ/道化師/カーニバル】BGMアレンジ　轟絶BGM　モンスト,クェルボ公爵,111,7,1,2026-07-14T08:00:22Z,PT2M8S,z_cqTqvGF9Q
ラスボス BGM,ビートスペル リズム天国 あやしいオーラ ラスボス bgm ナーラ ランダムダンジョン 実況 rta 攻略 星5 最終章 エクソス 隠し ボス戦 ユウ 裏 失敗 チェイン ヘンテコ 配信 vtuber,オリー王【ペーパーマリオオリガミキング】,1441,4,0,2026-07-14T06:05:19Z,PT4S,0BwIprL0av4
ラスボス BGM,ビートスペル リズム天国 あやしいオーラ ラスボス bgm ナーラ ランダムダンジョン 実況 rta 攻略 星5 最終章 エクソス 隠し ボス戦 ユウ 裏 失敗 チェイン ヘンテコ 配信 vtuber,オリー王【ペーパーマリオオリガミキング】,275,1,0,2026-07-14T05:47:20Z,PT4S,MZPx7k8ami0
ラスボス BGM,ビートスペル リズム天国 あやしいオーラ ラスボス bgm ナーラ ランダムダンジョン 実況 rta 攻略 星5 最終章 エクソス 隠し ボス戦 ユウ 裏 失敗 チェイン ヘンテコ 配信 vtuber,ボッチアーニの魂【任天堂ファンは登録よろしく‼️】,6493,8,5,2026-07-14T05:46:14Z,PT4S,QRWHH61J7I4
ラスボス BGM,ラスボスみたいな曲,アメモヨウ。,5,1,0,2026-07-13T22:55:23Z,PT3M1S,nBCt2mBRIg4
ラスボス BGM,【 ヴァルキリープロファイル 】 ラスボスみたいな通常戦闘曲のRPG 　【 Vtuber ／アニス・アルラウネ】,アニスちゃんねる,58,5,0,2026-07-13T10:34:01Z,PT5H21M47S,0NECLhWej6w
ラスボス BGM,【フリーBGM】奪われた感情。｜Stolen Emotions | Emotional Dark Fantasy,Silent Mod - 壮大ラスボス戦BGM工房,227,0,0,2026-07-13T10:30:31Z,PT1M31S,jDLlfOUDUA4
ラスボス BGM,【フリーBGM】終焉の女王に立ち向かう時のBGM | Queen of the Ruined Kingdom【かっこいい・戦闘・Rock】,BGM Studio Noi,423,14,4,2026-07-13T09:00:03Z,PT4M29S,3sA0jX3awGw
ラスボス BGM,ビートスペル リズム天国 ラスボス bgm ナーラ ランダムダンジョン 実況 rta 攻略 星5 難しい エクソス 隠し ボス戦 終章 裏 失敗 チェイン ヘンテコモンスター 配信 7章 ニードル 曲,ボッチアーニの魂【任天堂ファンは登録よろしく‼️】,2365,3,1,2026-07-13T08:44:05Z,PT4S,KEfrv0YeP5E
ラスボス BGM,【BGM】強欲なる収奪 - 異形なる簒奪者 #ダーク #ダークファンタジー#ラスボス #戦闘 #ボス戦 #民族音楽 #悪役 #WorldFusion #蛇 #財宝 #轟絶 #モンスト#shorts,クェルボ公爵,373,3,1,2026-07-13T08:00:34Z,PT59S,qZzIBxOGTqg
ラスボス BGM,【BGM】強欲なる収奪 - 異形なる簒奪者【ダーク/ダークファンタジー/ラスボス/戦闘/ボス戦/民族音楽/モンスト/悪役/WorldFusion/轟絶/蛇/財宝】BGMアレンジ　轟絶BGM　モンスト,クェルボ公爵,92,1,1,2026-07-13T08:00:27Z,PT3M4S,esjaiGGTD3o
ラスボス BGM,ヒューマンバグ大学 BGM 【ラスボスとのバトルシーン】,夜月,897,8,0,2026-07-12T22:33:12Z,PT2M54S,wQyPVXUcozQ
ラスボス BGM,ビートスペル リズム天国 ラスボス bgm ナーラ ランダムダンジョン 実況 rta 攻略 星5 難しい エクソス 隠し ボス戦 終章 裏 失敗 チェイン ヘンテコモンスター 配信 7章 ニードル 曲,ボッチアーニの魂【任天堂ファンは登録よろしく‼️】,1026,1,5,2026-07-12T13:16:26Z,PT4S,ADLrZ8fz_e8
ラスボス BGM,フリーBGM】最後に残された歌。｜THE LAST SONG｜Emotional Dark Fantasy,Silent Mod - 壮大ラスボス戦BGM工房,729,0,0,2026-07-12T10:30:30Z,PT1M38S,ERzHDmYTUn0
ラスボス BGM,ラスボス風BGM【AI生成曲】#ai #ラスボス ,らるふのAI曲生成チャンネル,19,0,0,2026-07-12T08:32:00Z,PT3M11S,vs7RCbcxUAM
ラスボス BGM,【BGM】怠惰なる重圧 - 異形なる簒奪者 #ダーク #エレクトロニック #ラスボス #戦闘#ボス戦 #悪役 #EDM #轟絶 #BGMアレンジ　#轟絶BGM　#モンスト #shorts,クェルボ公爵,358,2,1,2026-07-12T08:00:09Z,PT58S,L4TabwFlV5M
ラスボス BGM,【BGM】怠惰なる重圧 - 異形なる簒奪者【ダーク/エレクトロニック/ラスボス/戦闘/ボス戦/モンスト/悪役/EDM/轟絶】BGMアレンジ　轟絶BGM　モンスト,クェルボ公爵,128,5,1,2026-07-12T08:00:04Z,PT2M20S,XPcdcS2CiDI
ラスボス BGM,ビートスペル リズム天国 ラスボス bgm ナーラ ランダムダンジョン 実況 rta 攻略 星5 難しい エクソス 隠し ボス戦 ユウ 裏 失敗 チェイン ヘンテコモンスター 配信 7章 ニードル 曲,ボッチアーニの魂【任天堂ファンは登録よろしく‼️】,2066,2,2,2026-07-12T06:20:06Z,PT4S,41rF1Isfrtg
ラスボス BGM,【みと椿】聖剣伝説3 神BGMが来たと思ったら、まさかのご臨終… #Shorts  #みと椿ルーム,nozomingway,805,7,0,2026-07-12T00:12:18Z,PT53S,KQHG4P3IXkw
ラスボス BGM,日曜の夜、明日が来る。🌙 ラスボス「明日」との対峙｜集中・作業用バトルBGM【会社員クエスト 1時間】,会社員クエストBGM,18,1,0,2026-07-12T00:00:16Z,PT1H1S,L2YUNDsGVwM
ラスボス BGM,ビートスペル リズム天国 あやしいオーラ ラスボス bgm ナーラ ランダムダンジョン 実況 rta 攻略 星5 難しい エクソス 隠し ボス戦 ユウ 裏 失敗 チェイン ヘンテコモンスター 配信,ボッチアーニの魂【任天堂ファンは登録よろしく‼️】,1018,3,0,2026-07-11T21:45:05Z,PT6S,Xj6lCcz1-vc
ラスボス BGM,ビートスペル リズム天国 ラスボス bgm ナーラ ランダムダンジョン 実況 rta 攻略 星5 難しい エクソス 隠し ボス戦 ユウ 裏 失敗 チェイン ヘンテコモンスター 配信 アイテム 解放,オリー王【ペーパーマリオオリガミキング】,2531,6,0,2026-07-11T20:52:00Z,PT4S,rHVVymcAL18
ラスボス BGM,ビートスペル リズム天国 ラスボス bgm ナーラ ランダムダンジョン 実況 rta 攻略 星5 難しい エクソス 隠し ボス戦 ユウ 裏 失敗 チェイン ヘンテコモンスター 配信 7章 ニードル 曲,ボッチアーニの魂【任天堂ファンは登録よろしく‼️】,14553,20,4,2026-07-11T19:38:52Z,PT4S,mOGGm4GqFBk
ラスボス BGM,ビートスペル リズム天国 ラスボス bgm ナーラ ランダムダンジョン 実況 rta 攻略 星5 難しい エクソス 隠し ボス戦 ユウ 裏 失敗 チェイン ヘンテコモンスター 配信 7章 ニードル 曲,ボッチアーニの魂【任天堂ファンは登録よろしく‼️】,650,1,3,2026-07-11T19:38:44Z,PT4S,SmLbIL12ncQ
ラスボス BGM,【もしも】Bling-Bang-Bang-Bornがラスボス戦BGMだったら #shorts #弾いてみた#shorts  #guitar #弾いてみた#ゲーム,iBerry-GYM ,695,30,2,2026-07-11T11:40:59Z,PT16S,NJKiknsIQDM
ラスボス BGM,【フリーBGM】何度負けても。挑み続ける。｜Final Boss Battle BGM,Silent Mod - 壮大ラスボス戦BGM工房,266,1,0,2026-07-11T10:30:27Z,PT1M13S,ChDVQ4ctJZ0
ラスボス BGM,【フリーBGM】何度負けても。挑み続ける。｜WE KEEP FIGHTING |  Epic Dark Fantasy OST｜Epic Final Boss Battle,Silent Mod - 壮大ラスボス戦BGM工房,40,0,0,2026-07-11T10:00:16Z,PT2M25S,e5x-V22Mpow
ラスボス BGM,【戦闘曲風アレンジ】恋色マスタースパーク【AI×ラスボス戦】【東方アレンジ】【東方永夜抄】【霧雨魔理沙のテーマ】,Seagull World,6624,151,9,2026-07-11T09:42:40Z,PT2M28S,uCsYLf_Z7Y8
ラスボス BGM,リズム天国 ミラクルスターズ　ビートスペル　全BGM集,ハテナ回廊,4500,60,29,2026-07-11T08:54:27Z,PT30M20S,j2v6YeACeaM
ラスボス BGM,【BGM】傲慢なる黒翼 - 異形なる簒奪者 #ダーク #ダークファンタジー #ラスボス #戦闘 #ボス戦 #悪役 #ロック #轟絶 #BGMアレンジ　#モンスト #shorts,クェルボ公爵,262,1,1,2026-07-11T04:13:31Z,PT58S,iUExFj_QRGc
ラスボス BGM,【BGM】傲慢なる黒翼 - 異形なる簒奪者【ダーク/ダークファンタジー/ラスボス/戦闘/ボス戦/モンスト/悪役/ロック/轟絶】BGMアレンジ　轟絶BGM　モンスト,クェルボ公爵,175,4,3,2026-07-10T22:00:34Z,PT2M20S,K3uu02mYdmg
ラスボス BGM,ビートスペル リズム天国 ラスボス bgm ナーラ ランダムダンジョン 実況 rta 攻略 星5 難しい エクソス 隠し ボス戦 ユウ 裏 失敗 にじさんじ 7章 ニードル 曲,ボッチアーニの魂【任天堂ファンは登録よろしく‼️】,840,2,1,2026-07-10T17:21:46Z,PT4S,VDEnzF3vlts
ラスボス BGM,リズム天国ミラクルスターズ　ビートスペル　ボスbgm集,小太郎,15338,178,20,2026-07-10T12:22:04Z,PT34M46S,pFK29p4BLs0
ラスボス BGM,【フリーBGM】ラストバトル3【JRPG/オーケストラ系ミックス/バトル/戦闘/ラスボス/難敵/重圧/かっこいい/テンポ速め】[ 素材(そざい)、音源(おんげん)、無料、free ],音空間,39,1,0,2026-07-10T11:38:31Z,PT3M10S,OJvq19hnZx8
ラスボス BGM,【フリーBGM】Deus ex machina【戦闘・アートコア・ラスボス・4K】,Hareno,1328,71,0,2026-07-10T10:00:28Z,PT3M26S,k6rHn96_KsY
ラスボス BGM,ビートスペル リズム天国 ラスボス bgm ナーラ ランダムダンジョン 実況 rta 攻略 星5 難しい エクソス 隠し ユウ,ボッチアーニの魂【任天堂ファンは登録よろしく‼️】,3680,10,0,2026-07-09T12:56:01Z,PT6S,yan7rjqt4QI
ラスボス BGM,【フリーBGM 】絶望の先で。終われない。｜NOT YET ⚔️,Silent Mod - 壮大ラスボス戦BGM工房,175,1,0,2026-07-09T10:30:28Z,PT1M15S,TCW8dWFPiP4
ラスボス BGM,【フリーBGM】絶望の先で。終われない。｜NOT YET | Epic Final Boss Battle,Silent Mod - 壮大ラスボス戦BGM工房,88,1,0,2026-07-09T10:00:23Z,PT3M9S,2t2bnpJtg1s
ラスボス BGM,ヒューマンバグ大学 BGM 【ラスボス追撃戦 運命を断ち切る刃覚醒】,夜月,2313,44,14,2026-07-08T15:10:06Z,PT2M59S,Rmey_LQY3aw
ラスボス BGM,【フリーBGM】最後の希望は。砕け散った。｜THE LAST HOPE SHATTERED,Silent Mod - 壮大ラスボス戦BGM工房,192,0,0,2026-07-07T10:30:34Z,PT1M12S,-SAAc5DhPgs
ラスボス BGM,[BGM] [SS] [CD-DA] リグロードサーガ [Riglordsaga],user6681,440,26,0,2026-07-07T10:00:33Z,PT47M10S,qrVLFNezZT4
ラスボス BGM,【フリーBGM】最後の希望は。砕け散った。｜THE LAST HOPE SHATTERED | Emotional Dark Fantasy Final Battle OST,Silent Mod - 壮大ラスボス戦BGM工房,26,1,0,2026-07-07T10:00:16Z,PT2M24S,xKeYej08nD8
ラスボス BGM,【作業用BGM】壮大なラスボス戦風オーケストラ,アロワナ🐟,43,1,0,2026-07-07T05:29:30Z,PT16M13S,LTwfPLtMW-0
ラスボス BGM,【ロックマンゼロ４】Falling Down（ラスボス戦BGM）ピアノで耳コピして弾いてみた【MEGAMAN ZERO】,り丸。,138,0,0,2026-07-07T02:35:08Z,PT2M33S,w8VnAPzWqlU
ラスボス BGM,【フリーBGM】ラストバトル2【JRPG/オーケストラ系ミックス/バトル/戦闘/ラスボス/強敵/壮大/勇敢/威圧/重圧/かっこいい】[ 素材(そざい)、音源(おんげん)、無料、free ],音空間,67,1,0,2026-07-06T13:04:47Z,PT3M39S,FvdN54vWI6o
最終決戦 BGM,【フリーBGM】禁断の一手が、世界を壊す。｜ONE FORBIDDEN MOVEWILL SHATTER THE WORLD｜Epic Dark Fantasy OST,Silent Mod - 壮大ラスボス戦BGM工房,514,0,0,2026-07-25T10:30:20Z,PT1M9S,-IuZUN4QILc
最終決戦 BGM,最終決戦のBGM #Shorts | GRIDSURGE - Final Boss,GRIDBGM,2264,9,0,2026-07-25T06:32:01Z,PT31S,CiwI0ORRPwo
最終決戦 BGM,【電脳BGM】GRIDSURGE オリジナルサウンドトラック 全10曲35分｜作業用BGM / Cyber Grid Battle OST,GRIDBGM,33,2,0,2026-07-25T05:09:47Z,PT35M6S,jr465Ooai4E
最終決戦 BGM,【Epic Orchestral】終焉を奏でる者｜かつての英雄との最終決戦【作業用BGM】,気分でBGM,62,0,1,2026-07-24T14:59:50Z,PT3M10S,Xu3_U4CTz0k
最終決戦 BGM,【作業用BGM】Eurobeat × EDM｜女性ボーカルが知床横断道路の海霧を貫く重低音チェイスMIX｜海霧の蒼雷 最果ての夜明け決戦,峠最速Eurobeat,89,3,1,2026-07-23T19:00:27Z,PT2H15M54S,UFC4xJXmfkA
最終決戦 BGM,【オーケストラ戦闘BGM】師弟の決戦｜熱い作業用バトルBGM｜ラスボス・ボス戦,KOUKA Fantasy Music – 光華隊,4,0,0,2026-07-22T14:25:51Z,PT39M34S,gAyntDjA4tA
最終決戦 BGM,Ghost Current- Boss Theme -,izuna,14,0,0,2026-07-22T09:00:08Z,PT4M5S,o9AkBFJqnGs
最終決戦 BGM,【楽曲】戦闘BGM #suno #sunoai,Lfeh(ﾙﾌｪ),2,0,0,2026-07-22T04:30:02Z,PT3M59S,6KpjmoViYkY
最終決戦 BGM,【著作権フリーBGM】近未来の最終決戦で流れる サイバーパンク戦闘曲 - SYSTEM BREAKER,マタタヴィレコード,52,2,0,2026-07-21T11:00:10Z,PT2M14S,iNb8FfxBMeo
最終決戦 BGM,【作業用・戦闘BGM 1時間】蒼き騎士の凱旋｜勝利へ駆ける壮大なオーケストラ戦記｜Epic Fantasy Music,Arcathrive,0,0,0,2026-07-21T10:23:03Z,PT1H4S,BWHsS8Pfw0w
最終決戦 BGM,【フリーBGM】深海神殿の覚醒 | Awakening of the Abyssal Temple | Epic Dark Fantasy OST,Silent Mod - 壮大ラスボス戦BGM工房,9,1,1,2026-07-21T10:00:22Z,PT3M14S,HE0TvYMK6zA
最終決戦 BGM,シンフォギア4 199ver.の最終決戦　　　BGMの変化,カイちゃんねる,11,0,0,2026-07-20T12:55:50Z,PT43S,HfXLNrIkQaw
最終決戦 BGM,【Japanese Samurai Battle BGM】chapter:9 Last Samurai Duel BGM | Final Japanese Sword Battle Music,mine,11,0,0,2026-07-20T10:00:37Z,PT13M32S,C0cFoTxMkgY
最終決戦 BGM,【フリーBGM】八岐大蛇討伐戦-第二形態のBGM | 大蛇討伐戦 - HELL MODE【かっこいい・ボスバトル・和風】,BGM Studio Noi,218,15,4,2026-07-20T09:00:02Z,PT3M49S,wCRj2Ku0ZIA
最終決戦 BGM,【フリーBGM】RPGとSLGの最終戦風ゲームミュージックVGM,AI音楽,18,0,0,2026-07-19T09:35:21Z,PT12M51S,eJLPrUIl-Vs
最終決戦 BGM,【フリーBGM】感情を殺すな｜ Don't Kill Your Emotions｜Emotional Dark Fantasy,Silent Mod - 壮大ラスボス戦BGM工房,214,0,0,2026-07-17T10:30:36Z,PT1M3S,Fw5lZPTB0R8
最終決戦 BGM,Cosmic War / Sci-Fi Space Battle BGM | 우주 전쟁 음악 Final,GameBGM_Lab ,11,2,0,2026-07-17T10:00:27Z,PT2M36S,hPo1zzESXSw
最終決戦 BGM,【リバリバ】最終決戦特訓兵器新世紀メガキーティーSPECIAL BGM,ネフェルトリBB,570,18,1,2026-07-17T08:39:42Z,PT3M15S,DhzMrbrfYD8
最終決戦 BGM,【フリーBGM】誰にも救えなかった、最後の希望。 #Shorts,Silent Mod - 壮大ラスボス戦BGM工房,315,3,0,2026-07-16T10:30:18Z,PT1M7S,f09thxh6_a8
最終決戦 BGM,Cosmic War / Sci-Fi Space Battle BGM | 우주 전쟁 음악 Final,GameBGM_Lab ,53,2,0,2026-07-16T10:00:35Z,PT54S,vwL64QA_5t0
最終決戦 BGM,【フリーBGM】堕ちた救世主との最終決戦 | Epic Final Boss Battle,Silent Mod - 壮大ラスボス戦BGM工房,28,1,0,2026-07-16T10:00:25Z,PT2M14S,5NqaL1L2gCI
最終決戦 BGM,【ゲームBGM風】最終決戦BGM〜天空の神殿〜30分｜霧ノ宮市 朝 9:02,MUGEN Music,1,0,0,2026-07-16T07:31:28Z,PT30M1S,ELK7JkKj-Vc
最終決戦 BGM,RPG好きは絶対ハマる曲🗡️ #Shorts,MUGEN Music,17,0,0,2026-07-16T07:30:57Z,PT46S,0CCC6MBBDHI
最終決戦 BGM,【フリーBGM】悪魔の実験│人体改造・マッドサイエンティストのラスボス戦闘曲【EDM/glitch/horror/ロック/ピアノ】,【フリーBGM】Two Chan【素材】,225,6,0,2026-07-16T03:00:09Z,PT3M3S,lmM2BdVMi3U
最終決戦 BGM,絶望の淵で、まだ戦う。Epic Dark Battle BGM | オーケストラ×ロック融合の決戦曲🗡️【RPG / Boss Battle BGM】,Nemu Music,43,2,0,2026-07-15T15:00:01Z,PT59M59S,BvLwfvAhxzo
最終決戦 BGM,【フリーBGM】心の声を消さない。｜DON'T SILENCE YOUR HEART｜Emotional Dark Fantasy,Silent Mod - 壮大ラスボス戦BGM工房,426,1,0,2026-07-15T10:30:29Z,PT1M20S,G0sxOswbOhQ
最終決戦 BGM,深夜の勉強タイムに🌃 #Shorts,MUGEN Music,0,0,0,2026-07-15T07:30:49Z,PT46S,_tpVH9PfT9M
最終決戦 BGM,【作業用BGM】Eurobeat × EDM｜女性ボーカルが剣山スーパー林道を駆け抜ける戦闘覚醒MIX｜月光の残響と継承の最終決戦,峠最速Eurobeat,283,3,1,2026-07-14T19:00:25Z,PT2H32M30S,7BuWioJ0tR8
最終決戦 BGM,【フリーBGM】足掻け。終われない。｜NOT YET | Epic Final Boss Battle,Silent Mod - 壮大ラスボス戦BGM工房,37,1,0,2026-07-14T10:00:40Z,PT2M40S,_uGSNQ04H8A
最終決戦 BGM,【フリーBGM】奪われた感情。｜Stolen Emotions | Emotional Dark Fantasy,Silent Mod - 壮大ラスボス戦BGM工房,227,0,0,2026-07-13T10:30:31Z,PT1M31S,jDLlfOUDUA4
最終決戦 BGM,【フリーBGM】終焉の女王に立ち向かう時のBGM | Queen of the Ruined Kingdom【かっこいい・戦闘・Rock】,BGM Studio Noi,423,14,4,2026-07-13T09:00:03Z,PT4M29S,3sA0jX3awGw
最終決戦 BGM,フリーBGM】最後に残された歌。｜THE LAST SONG｜Emotional Dark Fantasy,Silent Mod - 壮大ラスボス戦BGM工房,729,0,0,2026-07-12T10:30:30Z,PT1M38S,ERzHDmYTUn0
最終決戦 BGM,【フリーBGM】空を駆ける巨竜へ挑む時のBGM | Skybreaker【かっこいい・戦闘・Rock】,BGM Studio Noi,512,21,0,2026-07-12T09:00:11Z,PT4M15S,w27FTPxlYdc
最終決戦 BGM,【楽曲】戦闘BGM #suno #sunoai,Lfeh(ﾙﾌｪ),9,0,0,2026-07-12T07:15:35Z,PT3M35S,dbt7uP3RiJo
最終決戦 BGM,Final Showdown｜最終決戦【GEAR FIGHTER】shinsしん,shinsしん,1,0,0,2026-07-12T06:35:25Z,PT1M,Xx2I_6HeKL8
最終決戦 BGM,【フリーBGM】何度負けても。挑み続ける。｜Final Boss Battle BGM,Silent Mod - 壮大ラスボス戦BGM工房,266,1,0,2026-07-11T10:30:27Z,PT1M13S,ChDVQ4ctJZ0
最終決戦 BGM,リズム天国 ミラクルスターズ　ビートスペル　全BGM集,ハテナ回廊,4500,60,29,2026-07-11T08:54:27Z,PT30M20S,j2v6YeACeaM
最終決戦 BGM,Cosmic War / Sci-Fi Space Battle BGM | 우주 전쟁 음악 Track 4,GameBGM_Lab ,25,1,0,2026-07-10T10:00:39Z,PT2M13S,Mktto99OMqc
最終決戦 BGM,【戦闘BGM】楽園の門を血で閉ざす智天使｜EBON CHERUBIM -黒翼の智天使-【フリーBGM・グリッチEDM×メタル・ゴシック聖歌・ダーク・かっこいい・作業用・ゲーム実況】,Rhymix Studio,278,14,2,2026-07-10T10:00:09Z,PT4M4S,JoS49_pVxaQ
最終決戦 BGM,【フリーBGM】白龍討滅戦のBGM | Moonlit Dragon Siege【かっこいい・戦闘・討滅戦】,BGM Studio Noi,354,14,3,2026-07-10T09:00:05Z,PT4M50S,QcEQxeloZsk
最終決戦 BGM,90年代ゲーム風BGM｜最終戦,こもれびスタジオ,59,2,0,2026-07-09T22:00:04Z,PT5M47S,VDyVeaafVC8
最終決戦 BGM,【ゲーム用BGM】主人公が覚醒する瞬間⚔️ 著作権フリー・商用利用無料 #Shorts,日本一フリーBGM【著作権フリー】,172,2,1,2026-07-09T12:00:35Z,PT31S,0_Yx7XvabI4
最終決戦 BGM,【フリーBGM 】絶望の先で。終われない。｜NOT YET ⚔️,Silent Mod - 壮大ラスボス戦BGM工房,175,1,0,2026-07-09T10:30:28Z,PT1M15S,TCW8dWFPiP4
最終決戦 BGM,Cosmic War / Sci-Fi Space Battle BGM | 우주 전쟁 음악 Track 4,GameBGM_Lab ,149,2,0,2026-07-09T10:00:34Z,PT54S,nVfyXidd5X0
最終決戦 BGM,【フリーBGM】絶望の先で。終われない。｜NOT YET | Epic Final Boss Battle,Silent Mod - 壮大ラスボス戦BGM工房,88,1,0,2026-07-09T10:00:23Z,PT3M9S,2t2bnpJtg1s
最終決戦 BGM,【スパロボOGMD】LIMITED OVER AI Vocal Arrange｜限界を超える最終決戦BGM,Catget,8679,165,10,2026-07-09T08:00:21Z,PT5M26S,VltgWQ-4Nvc
最終決戦 BGM,【著作権フリーBGM】覚醒・パワーアップ｜主人公が真の力に目覚める瞬間のゲーム用BGM【商用利用無料】,日本一フリーBGM【著作権フリー】,17,1,1,2026-07-08T12:00:15Z,PT3M3S,QB8E26cEl_I
最終決戦 BGM,【PSO2NGS】最凶の深化 「ソラス・クリプト」戦 フルメドレー【戦闘BGM】,TUKA P 新アカウント,6873,111,15,2026-07-08T08:17:31Z,PT10M28S,FzvMgz1RNxc
最終決戦 BGM,Super Saiyan 2 Gohan Toys With Semi-Perfect Cell..,The Dissociative Den,2515,41,1,2026-07-07T15:00:38Z,PT25S,PCcaWWz5Wec
最終決戦 BGM,【フリーBGM】最後の希望は。砕け散った。｜THE LAST HOPE SHATTERED,Silent Mod - 壮大ラスボス戦BGM工房,192,0,0,2026-07-07T10:30:34Z,PT1M12S,-SAAc5DhPgs
最終決戦 BGM,Super Saiyan 2 Gohan Toys With Semi-Perfect Cell..,The Dissociative Den,2515,41,1,2026-07-07T15:00:38Z,PT25S,PCcaWWz5Wec
最終決戦 BGM,【フリーBGM】最後の希望は。砕け散った。｜THE LAST HOPE SHATTERED,Silent Mod - 壮大ラスボス戦BGM工房,192,0,0,2026-07-07T10:30:34Z,PT1M12S,-SAAc5DhPgs
最終決戦 BGM,水晶廃都の最終決戦 - Crystal Ruins: The Last Stand【戦闘BGM / Epic Battle Music】,CRIMSON VALKYRIE ,316,6,0,2026-07-07T03:38:02Z,PT11M27S,7zXCq3CWsUM
最終決戦 BGM,【商用利用可BGM】幻想ファンタジー戦闘BGM素材集 Vol.1｜TRPG・ゲーム制作・配信用,青葉かなん MIRUSU Channel,21,0,0,2026-07-05T10:34:40Z,PT1M51S,HBbCgrTX_C4
最終決戦 BGM,【Gジェネエターナル】原作BGM付き 超迫力アニメーション 全74体 EX武装 戦闘演出集 概要欄要確認【 SDガンダム ジージェネエターナル】,ハロ少尉,31696,553,32,2026-07-05T07:00:08Z,PT1H12M26S,IYKtGBLQu_A
最終決戦 BGM,ドラゴンボールZ 超武闘伝 - アレンジBGM集 メドレー / Cover Arrange Soundtrack (SFC),ともーぬ,536,16,2,2026-07-04T13:21:31Z,PT36M26S,DCvQNvl5fUQ
最終決戦 BGM,【フリーBGM】最後の希望。｜ONE LAST HOPE,Silent Mod - 壮大ラスボス戦BGM工房,261,2,0,2026-07-04T10:30:20Z,PT1M6S,htD1pDt8ZkU
最終決戦 BGM,【存在しないRPG】ラスボス戦BGMを本気で作ってみた「黄昏ヨリ来タレ、終焉ノ神」,さっくのいろんな音楽,81,1,3,2026-07-04T09:37:04Z,PT2M49S,9aPvDk2c11s
最終決戦 BGM,【フリーBGM】最後の希望。｜ONE LAST HOPE | Epic Cinematic Fantasy｜ Epic Final Boss Battle,Silent Mod - 壮大ラスボス戦BGM工房,72,1,0,2026-07-04T08:23:38Z,PT2M54S,8emBJyaax3o
最終決戦 BGM,JRPG Adventure Music｜幻想世界を旅するファンタジーBGM,taiyaki_BGM,92,1,0,2026-07-04T08:00:06Z,PT48M8S,mSC3z-mB8zA
最終決戦 BGM,最終決戦【BGM】Final showdown,rumiaのBGM図書室,29,0,0,2026-07-04T07:22:21Z,PT43S,L9qURlPwZM0
最終決戦 BGM,Cosmic War / Sci-Fi Space Battle BGM | 우주 전쟁 음악 Track 3,GameBGM_Lab ,9,2,0,2026-07-03T10:00:23Z,PT2M55S,868mkhBOViI
最終決戦 BGM,【ポケモン風BGM】天才のジム戦：作業用・勉強用・ゲーム作業用,ポケモン風BGM,177,7,0,2026-07-02T21:00:05Z,PT1H5M50S,MyzX6U-p68o
最終決戦 BGM,【フリーBGM】誰にも言えなかった感情。｜LOCKED AWAY,Silent Mod - 壮大ラスボス戦BGM工房,277,0,0,2026-07-02T10:30:05Z,PT1M13S,RMQCFvPTkUE
最終決戦 BGM,Cosmic War / Sci-Fi Space Battle BGM | 우주 전쟁 음악 Track 3,GameBGM_Lab ,149,3,0,2026-07-02T10:00:28Z,PT54S,yMjsarV8JOU
最終決戦 BGM,作業用BGM｜勉強・筋トレ・集中力向上に【ラスボス戦BGM 1時間・泣ける】,超絶モチベBGM,27,1,0,2026-07-01T22:15:29Z,PT1H10M17S,6Xd74WWFO5A
最終決戦 BGM,【ガンプラ】デスティニーガンダムSpecII[最終決戦イメージカラー]【作業用BGM】,あたい瑞星【Atai Zuisei】,29,3,0,2026-07-01T11:30:10Z,PT4M5S,B8bVYXfxhxo
最終決戦 BGM,【ポケモン風BGM】バトル音楽｜作業用・勉強用・ゲーム作業用,ポケモン風BGM,157,2,0,2026-06-30T21:00:32Z,PT53M19S,gvLaY4diljM
最終決戦 BGM,【フリーBGM】胸の奥の灯は、まだ消えない。｜THE FIRE WITHIN,Silent Mod - 壮大ラスボス戦BGM工房,26,0,0,2026-06-30T10:30:38Z,PT1M25S,0s5BH4Usi2A
最終決戦 BGM,【フリーBGM】魔王を倒した後、本当の黒幕だった創造神との最終決戦BGM　The Final Ascendant   Beyond【かっこいい・戦闘・Boss】,BGM Studio Noi,985,36,3,2026-06-29T09:00:23Z,PT4M9S,xA3jvTrmvVI
最終決戦 BGM,子午線の祀り / Meridian Dance – Orchestral Hybrid Arrange (聖剣伝説2),Game Music Revival,10958,206,16,2026-06-28T10:00:34Z,PT4M2S,bmXfXIUEpMk
最終決戦 BGM,Ace Combat 7 with alternate music - Mission 20,Sakkra93,14,0,0,2026-06-28T02:34:08Z,PT14M51S,nHgCQWoT-RE
最終決戦 BGM,【フリーBGM】希望に縋りつく心。｜HOLDING ON TO HOPE,Silent Mod - 壮大ラスボス戦BGM工房,85,1,0,2026-06-28T01:00:04Z,PT1M16S,euhSOFleoUI
最終決戦 BGM,【ポケモン風BGM】ジム戦BGM ｜作業用・勉強用・ゲーム作業用,ポケモン風BGM,763,18,1,2026-06-27T21:00:14Z,PT1H11M27S,fKYupKf6f9M
最終決戦 BGM,🔥 ドラゴンクエストIV 導かれし者たちラスボス「デスピサロ」戦BGM『邪悪なるもの』メタルアレンジ！ #ドラゴンクエスト4 #DQ4 #デスピサロ #ゲーム音楽 #メタルアレンジ #RPG #BGM,Destiny.dot.3,839,22,6,2026-06-27T10:54:28Z,PT3M43S,YgjeEnSLQ_E
最終決戦 BGM,レトロRPGのラスボス戦BGM🐉🌌 #Shorts,Grand Moon Tavern,277,1,0,2026-06-27T07:57:21Z,PT31S,GvQaxw4yc1I
最終決戦 BGM,【FC霊幻道士】ラスボス戦BGM リマスター｜女妖術師オーボー,CHAOS OPERA,254,9,2,2026-06-26T23:59:25Z,PT2M52S,for--n5txm8
最終決戦 BGM,🔴 LIVE 24/7【作業用BGM】テンション爆上げ！懐かしのロボットアニメ風 戦闘バトルBGM｜覚醒・出撃・最終決戦,NatsuMusic,2480,69,0,2026-06-26T21:27:33Z,P0D,mXdjg8Y4HF4
ボス戦 BGM,【くにおくんの時代劇】ボス戦BGM（こがねむし）を爆音ロックアレンジしてみた NFC River City / Kunio-kun River City Ransom【作業用BGM】,音楽は心のタイムマシン Music is a time machine for the mind,7,1,0,2026-07-26T14:18:48Z,PT10M8S,-u6UP7zaia0
ボス戦 BGM,【高音質】神獣の聖域 テンリン 〜 道中〜ボス戦  -1時間耐久- 1hour【モンストBGM】,KG GAMEz【モンスト】,90,2,0,2026-07-26T14:11:18Z,PT1H3M15S,fx1SA3_mlgQ
ボス戦 BGM,疾走感あふれるケルトロック戦闘BGM｜The Forest's Vanguard【フリーBGM・かっこいい・EpicBattleMusic】,戦闘音楽工房 - Epic Battle Music,122,12,2,2026-07-26T09:00:11Z,PT2M57S,MlgBjmGgr18
ボス戦 BGM,ラスボス戦で気になることをまとめて調べてみた!!【スプラトゥーンレイダース】【スプラ小ネタ】,R-GAMES 2.0,9985,245,63,2026-07-26T08:00:29Z,PT15M47S,Z3IvbqiYoFo
ボス戦 BGM,【ゲームBGM風】ボス戦BGM〜氷結の女王〜45分｜霧ノ宮市 朝 8:33,MUGEN Music,9,0,0,2026-07-26T07:31:42Z,PT45M1S,3GoaupOpHng
ボス戦 BGM,毎週 日水金 ゲームBGM動画更新！クロノ・クロス「死線」ボス戦BGM,LUDIX -ゲーム名曲MAD製作所-,765,2,0,2026-07-26T03:00:24Z,PT2M35S,XmHdNU5tJLc
ボス戦 BGM,【Limbus company】6章 6-48 魔王ヒースクリフ戦BGM 和訳,レッドドッグ🟥🐕,13,2,3,2026-07-25T18:12:02Z,PT5M58S,d7ZZWqwUDq4
ボス戦 BGM,Why TF Do I Hear Boss Music,Kami_Radiant,8457,61,6,2026-07-25T16:00:06Z,PT20S,J1qsPRBu9ds
ボス戦 BGM,決戦！｜TRPG・D&D用戦闘BGM｜1時間ループ | 途中広告なし,Otherworldly Fantasy Echoes,33,2,1,2026-07-25T11:00:38Z,PT1H1M8S,L0gtwERjT-0
ボス戦 BGM,【フリーBGM】禁断の一手が、世界を壊す。｜ONE FORBIDDEN MOVEWILL SHATTER THE WORLD｜Epic Dark Fantasy OST,Silent Mod - 壮大ラスボス戦BGM工房,514,0,0,2026-07-25T10:30:20Z,PT1M9S,-IuZUN4QILc
ボス戦 BGM,【聖剣伝説2】BGMが神すぎる　ボス撃破後-嵐の孤児【聖剣伝説コレクション】,ただすけch,40,2,0,2026-07-25T10:00:39Z,PT2M11S,0QMFJX5TFrE
ボス戦 BGM,FF7リバース ボス戦BGMメドレー｜主要ボス＆強敵戦まとめ【作業用BGM】,とっぴーのゲーム日記,724,21,9,2026-07-25T09:00:28Z,PT2H7M37S,tGaXL_bzNHc
ボス戦 BGM,【フリーBGM】Executioner【インダストリアルメタル/ボス戦BGM】,【フリーBGM制作】rh_yme,64,0,0,2026-07-25T09:00:28Z,PT3M7S,hGiBygX4C_k
ボス戦 BGM,【神獣の聖域】BGM,ちだまーチャンネル,8,0,0,2026-07-25T02:00:20Z,PT49M21S,qGG83I7NkkI
ボス戦 BGM,BOSS BATTLE｜ボスバトル【ゲームBGM・作業用BGM】shinしん,shinsしん,4,0,0,2026-07-24T23:59:31Z,PT1M6S,5f9V_TSPjGs
ボス戦 BGM,堕天の終焉｜ダークファンタジー最終ボス戦BGM｜Epic Dark Fantasy Battle Music,彩音BGMラボ,99,0,0,2026-07-24T13:54:57Z,PT3M19S,42d17BIaR8w
ボス戦 BGM,【ケルト行進曲】ケルト×マーチ いつでもボス戦モードアレンジ｜作業用BGM・戦闘/Battle BGM・ファンタジー/Fantasy  Music ｜ celtic｜  ミツバチ version,Yggdrasil Sound Fruits | Dark Fantasy Boss BGM,9,0,0,2026-07-24T11:30:39Z,PT43M5S,EqLaejokcfU
ボス戦 BGM,【艦これ】2026夏イベントBGM(2ループ),kianoreku,1527,61,1,2026-07-24T11:30:37Z,PT20M20S,yi_LFfWmdyA
ボス戦 BGM,【スターレイル 4.4 OST】「イシュタル」ボス戦15分耐久「BGM」作業用 | #HonkaiStarRail #hsr #hoyoverse,【HqM】Hugo 魁Music,384,4,0,2026-07-24T11:17:56Z,PT14M59S,iikB68Xtaj0
ボス戦 BGM,【高音質】ヒーローズへの挑戦 超究極ソロモン 道中〜ボス戦 【モンストBGM】 #モンスト#bgm #ソロモン #超究極,KG GAMEz【モンスト】,291,2,0,2026-07-24T10:30:32Z,PT1M1S,e1fsQoCC5e8
ボス戦 BGM,【作業用BGM】脳が起動する最速集中EDM｜中毒爆大エレクトロスイング,DopaDopa Beat,82,3,0,2026-07-24T10:30:21Z,PT1H1M23S,a1MQZ1uynJs
ボス戦 BGM,【フリーBGM】墓場の舞踏会│ゾンビの戦闘曲【エレクトロスウィング/JAZZ/ワルツ】,【フリーBGM】Two Chan【素材】,78,4,0,2026-07-24T10:27:59Z,PT1M50S,sxGoLmAe1TE
ボス戦 BGM,【聖剣伝説2】BGMが神すぎる　ボス戦-危機【聖剣伝説コレクション】,ただすけch,57,2,4,2026-07-24T10:00:00Z,PT1M58S,ssY6zqvzFQc
ボス戦 BGM,【スターレイル 4.4 OST】「イシュタル」ボス戦全形態「BGM」Full Version | #HonkaiStarRail #hsr #hoyoverse,【HqM】Hugo 魁Music,2130,30,6,2026-07-24T09:09:22Z,PT5M1S,wd1J5q_KIw0
ボス戦 BGM,【スプラトゥーンレイダース】全ボス戦闘まとめ【幻のシャケ戦】,クマサン商会,36236,477,66,2026-07-23T08:30:34Z,PT40M30S,gVvOFl9ZlRs
ボス戦 BGM,【スプラトゥーン レイダース】全ボス戦とエンディング【ネタバレ注意】,けいすけ,78141,819,100,2026-07-23T01:42:31Z,PT1H1M21S,m0AkLC_Rs90
ボス戦 BGM,【フリーBGM】雷神の怒りに立ち向かう時のBGM | 火雷天神 ― 天を裂く御霊の一閃【かっこいい・戦闘・和ロック】,BGM Studio Noi,119,12,0,2026-07-24T09:00:25Z,PT3M53S,JbhJ7i9FNlI
ボス戦 BGM,ネタバレしかない注意！！！レイダース初見ボス戦切り抜き！【スプラトゥーン】【スプラ小ネタ】,R-GAMES 2.0,9725,195,64,2026-07-24T08:00:36Z,PT46M14S,YGNJhMHrdVA
ボス戦 BGM,【高音質】黎絶フォルギエ 〜怖畏ナル虚構〜 道中〜ボス戦  -1時間耐久- 1hour【モンストBGM】,KG GAMEz【モンスト】,1020,16,0,2026-07-24T03:00:08Z,PT1H5S,P9VVExGiSIU
ボス戦 BGM,Free Gothic Boss BGM Pack | 12 Loop Tracks for Unity/UE/Godot【Royalty-Free】Vol.07,Vacuous BGM,9,0,0,2026-07-23T23:00:02Z,PT1H26M36S,uBLDlfk3T7A
ボス戦 BGM,【作業用BGM】エルノア,無名,25,1,1,2026-07-23T22:38:40Z,PT2M54S,TG5MMINeqQg
ボス戦 BGM,【ポケモン風BGM】強敵と戦う近未来バトルBGM｜作業用・勉強用・集中用,ポケモン風BGM,139,4,0,2026-07-23T21:00:37Z,PT1H4M55S,RcKq4SbBSrM
ボス戦 BGM,【スプラトゥーン レイダース】全ボス戦 演出まとめ 幻のシャケ【スプラ レイダース】Splatoon Raiders  Switch 2,DAI,12514,99,10,2026-07-23T21:00:13Z,PT53M59S,TT_nLhb6tRg
ボス戦 BGM,【フリーBGM】蛾の襲来・ホラーゲームの戦闘曲【8bit/horror/電子音/ピアノ】giant moth,【フリーBGM】Two Chan【素材】,9,0,0,2026-07-23T11:48:43Z,PT2M47S,dRA_dsIZP5I
ボス戦 BGM,【作業用・戦闘BGM 1時間】蒼き騎士と砂海の巨神｜黄金神殿を駆ける壮大なファンタジー音楽｜Epic Battle Music,Arcathrive,1,0,0,2026-07-23T10:00:17Z,PT59M33S,mwgK66pZLHw
ボス戦 BGM,【フリーBGM】月神と対峙した時のBGM | 月夜見との邂逅 ― 月下の試練【かっこいい・戦闘・和風】,BGM Studio Noi,119,5,0,2026-07-23T09:00:30Z,PT4M29S,fHLlCdX6Ufg
ボス戦 BGM,【RPG好きに刺さる】冒険を彩るBGM｜旅人たちの軌跡【フリーBGM】,戦闘音楽工房 - Epic Battle Music,298,32,0,2026-07-23T09:00:35Z,PT2M45S,Ymmr8L0DEUc
ボス戦 BGM,難易度サバイバーのボス戦(全15体) がヤバすぎた...【スプラトゥーンレイダース】,ななとGames,4887,63,5,2026-07-23T06:54:25Z,PT1H20M13S,LAXq48D60VA
ボス戦 BGM,"Gregor failed, but...  #limbuscompany #projectmoon #shorts",Jaytrixia,316117,6878,186,2026-07-23T06:45:26Z,PT19S,JIJrHDVDcx4
ボス戦 BGM,【フリーBGM・歌あり】和の旋律×激しいギターの和風ロック「桜隠し」｜戦闘・ゲーム向け｜商用利用可,NEXUS_MATERIAL 【フリーBGM･音源素材】,88,4,1,2026-07-23T01:03:33Z,PT3M26S,ZhfciaK4J8k
ボス戦 BGM,【スプラトゥーン レイダース】ラスボス戦とエンディング【ネタバレ注意】,けいすけ,33278,368,88,2026-07-22T23:33:02Z,PT20M29S,qh4Ts06eObA
ボス戦 BGM,【2026 REMASTER】月風魔伝 龍骨鬼戦 | ボス戦 BGM Remaster | Getsu Fūma Den,CHAOS OPERA,356,8,4,2026-07-22T22:16:57Z,PT2M28S,RmmscT4MCOA
ボス戦 BGM,【エンドフィールド 1.4 OST】「アレイクレウス」ボス戦第2形態 Off Vocal「BGM」Full Version | #arknightsendfield,【HqM】Hugo 魁Music,179,5,1,2026-07-22T16:59:18Z,PT2M18S,smTZRFLD45U
ボス戦 BGM,【エンドフィールド 1.4 OST】「アレイクレウス」ボス戦第1形態 Off Vocal「BGM」Full Version | #arknightsendfield,【HqM】Hugo 魁Music,88,4,1,2026-07-22T16:55:13Z,PT1M46S,63Gd5s0xNhc
ボス戦 BGM,【エンドフィールド 1.4 OST】「アレイクレウス」ボス戦全形態「重低音BGM」Off Vocal | #arknightsendfield #arknights #endfield,【HqM】Hugo 魁Music,495,8,1,2026-07-22T16:19:05Z,PT9M21S,djerWl7BEJk
ボス戦 BGM,【作業用BGM】コメント欄だけで世界観が完成した「村の守護神」とのボス戦BGM｜Dark Fantasy Boss Theme,気分でBGM,10,0,1,2026-07-22T15:09:39Z,PT3M37S,gBVAm-BnIrM
ボス戦 BGM,【フリーBGM】ボス戦　狂気なピエロ【サーカス・ボスバトル】,チカの音の缶詰　Chika's Sound Can,4,0,0,2026-07-22T15:00:05Z,PT3M4S,NmqqyhFCsUI
ボス戦 BGM,【オーケストラ戦闘BGM】師弟の決戦｜熱い作業用バトルBGM｜ラスボス・ボス戦,KOUKA Fantasy Music – 光華隊,4,0,0,2026-07-22T14:25:51Z,PT39M34S,gAyntDjA4tA
ボス戦 BGM,サイバーパンク戦闘BGM｜機械の墓場に響く、禁断の共鳴。｜ボス戦・作業・集中用｜Cyberpunk Boss Battle Music - Resonance Shepherd,ときムラ【ARKLINE Project】,22,3,0,2026-07-22T13:17:39Z,PT30M10S,4tNJSkRFfds
ボス戦 BGM,【作業用BGM / 戦闘曲】Bittersweet Boss Battle｜Epic Orchestral Rock Boss Battle Music【60 Min】,WhiteWhaleBGM / しろくじらBGM,34,2,0,2026-07-22T11:00:14Z,PT1H3M17S,eahz-LrpAw8
ボス戦 BGM,Ghost Current- Boss Theme -,izuna,15,0,0,2026-07-22T09:00:08Z,PT4M5S,o9AkBFJqnGs
ボス戦 BGM,Abyssal Squid -大王烏賊-｜Cosmic Ocean BGM #shorts #bgm #drumandbass,Cosmic Ocean BGM,89,0,0,2026-07-22T08:55:49Z,PT1M1S,TNHXmS7KodA
ボス戦 BGM,【戦闘BGM】神が見捨てた聖女に悪魔だけが手を差し伸べる｜BLUE ROSE HERESY -黒き祝福に染まる聖女-【フリーBGM・ゴシック・ダーク・かっこいい・作業用・ゲーム実況】,Rhymix Studio,108,8,0,2026-07-22T08:00:08Z,PT4M30S,JfWBUHquDiY
ボス戦 BGM,【楽曲】戦闘BGM #suno #sunoai,Lfeh(ﾙﾌｪ),2,0,0,2026-07-22T04:30:02Z,PT3M59S,6KpjmoViYkY
ボス戦 BGM,【ケルト行進曲】ケルト×マーチ いつでもボス戦モードアレンジ｜作業用BGM・戦闘/Battle BGM・ファンタジー/Fantasy  Music ｜ celtic｜  つばめ version,Yggdrasil Sound Fruits | Dark Fantasy Boss BGM,27,1,0,2026-07-21T11:30:36Z,PT37M36S,Z9iDBdUetWw
ボス戦 BGM,【著作権フリーBGM】近未来の最終決戦で流れる サイバーパンク戦闘曲 - SYSTEM BREAKER,マタタヴィレコード,52,2,0,2026-07-21T11:00:10Z,PT2M14S,iNb8FfxBMeo
ボス戦 BGM,【高音質】破界の星墓.ex アムネディア ボス戦 オーケストラ.Ver  モンストBGM】 #モンスト#bgm #オーケストラ #破界の星墓,KG GAMEz【モンスト】,466,0,0,2026-07-21T10:30:32Z,PT1M1S,UD4UIOj_WN8
ボス戦 BGM,【ボス戦BGM】灼熱の高速シンフォニックロック｜燃え尽きても止まるな｜【作業用BGM】,Legendary HERO Music,50,3,1,2026-07-21T10:00:33Z,PT1H32S,stE4iRd90wU
ボス戦 BGM,スーパーボンバーマン2｜BGM集｜スーパーファミコン｜1994年,SEM GAME GALLERY,5,0,0,2026-07-21T09:00:08Z,PT11M9S,yW1GQ5V1HVU
ボス戦 BGM,口だけでマリオRPGのボス戦BGM再現 #beatbox #acapella,Daichi Beatboxer,12481,385,15,2026-07-21T09:00:19Z,PT41S,mMivmF9ZJPc
ボス戦 BGM,【フリーBGM】狂ってる感じのボスと戦う時に流れてくるBGM『嫉妬狂笑 』【ボス戦・戦闘・狂気・ロック】,オルタナティブ田中,618,2,0,2026-07-20T17:07:15Z,PT2M43S,RBpwpaF05Sk
ボス戦 BGM,【ペーパーマリオスーパーシール】ボスパックン戦 bgm,怪盗パピヨン,65,1,0,2026-07-20T13:02:01Z,PT1M21S,OcGU_NlnvAM
ボス戦 BGM,新ボス「アレイクレウス」と専用BGMが最高にカッコいい　#エンドフィールド #endfield #shorts,ひたとも,2802,33,0,2026-07-20T09:00:22Z,PT2M,NqeLYrlxigM
ボス戦 BGM,【フリーBGM】電子ゴミの道化師│ピエロ系ボスの戦闘曲【エレクトロニックスウィング/ダーク/おしゃれ/Battle】,【フリーBGM】Two Chan【素材】,103,3,4,2026-07-20T07:00:04Z,PT2M33S,XxzjhMe3C-g
ボス戦 BGM,【エンドフィールド 1.4 OST】「風凪」ボス戦カットシーン「BGM」字幕付き | #arknightsendfield #arknights #endfield,【HqM】Hugo 魁Music,1070,11,0,2026-07-20T05:43:23Z,PT2M11S,HeUb-s04duc
ボス戦 BGM,FF7リバース 通常戦闘曲メドレー｜エリア戦闘BGMまとめ【作業用BGM】,とっぴーのゲーム日記,100,9,3,2026-07-20T05:00:11Z,PT30M34S,hHb4Y7S8rRk
ボス戦 BGM,Free Boss Battle BGM | 12 Loop Tracks for Unity/UE/Godot【Gothic・Royalty-Free】Vol.05,Vacuous BGM,14,0,0,2026-07-19T23:00:37Z,PT1H14M8S,-sv7kbGVCao
ボス戦 BGM,【フリーBGM】Final Palette - ゲーム戦闘曲 / ボス戦【No Copyright Music / Loop】,Roy / daN,42,2,0,2026-07-19T15:46:35Z,PT4M28S,fdPbxu8AUD0
ボス戦 BGM,Octopath Traveler 2 Battle OST Medley  - オクトラ2 戦闘BGMメドレー（全30曲・シームレスミックス）,RaweiGaming,62,7,10,2026-07-19T08:00:25Z,PT30M51S,tEkqG4BgaTw
ボス戦 BGM,【ゲームBGM風】ボス戦BGM〜炎の神殿〜60分｜霧ノ宮市 朝 8:32,MUGEN Music,2,0,0,2026-07-19T07:32:16Z,PT1H1S,TyGv80JWAfE
ボス戦 BGM,テンション爆上がりゲーム音楽🔥 #Shorts,MUGEN Music,4,1,0,2026-07-19T07:30:55Z,PT46S,HFX4c4s5UKs
ボス戦 BGM,【高画質リメイク画像】ボス戦 DX BGM【星のカービィ２】より（修正版）,USDX格闘王への道TASチャンネル & エアライダー推しの子チャンネル DX,0,0,0,2026-07-19T05:43:00Z,PT26S,MdHwcUM82as
ボス戦 BGM,【フリーBGM】坑道の鬼蜘蛛・ホラーゲームの戦闘曲【8bit/horror/電子音/ピアノ】spider panic,【フリーBGM】Two Chan【素材】,50,1,0,2026-07-19T04:43:35Z,PT2M32S,GB07YBGxHak
ボス戦 BGM,ボス戦BGM ⚔️ ゲームが捗るエピック和風バトル #shorts #gamingmusic #ボス戦,Samurai Battle BGM【和楽器×ロック】,135,0,0,2026-07-19T03:00:34Z,PT41S,mU-lxIhTSTk
ボス戦 BGM,【フリーBGM】TRPG配信に使える変身するボスとの戦闘シーンBGM集｜商用利用可・作業用【1時間】,けろち,42,0,0,2026-07-18T23:00:10Z,PT54M58S,OZG6nXMhEl4
ボス戦 BGM,"俺屍ボス戦BGM「死闘」を、容赦なく増幅した 現代アレンジ【俺の屍を越えてゆけ】/ Oreshika — “Shitou” Boss Theme, Ferocity Amplified",レトロゲー名曲 × 現代アレンジ / God-Tier VGM Remixes,5,0,1,2026-07-18T23:00:29Z,PT2M34S,iX-CJj4jRQ8
ボス戦 BGM,【モンスト】破界の星墓BGM  オーケストラバージョン【道中・ボス】,Meta ;Anima,7118,123,6,2026-07-18T13:50:14Z,PT6M19S,bUInHu24YBY
ボス戦 BGM,【モンスト】星墓の管理者 BGM  オーケストラバージョン【道中・ボス】,Meta ;Anima,3094,48,4,2026-07-18T13:50:18Z,PT6M19S,lnOOm184SF0
ボス戦 BGM,【モンスト】星墓の観測者 BGM  オーケストラバージョン【道中・ボス】,Meta ;Anima,4880,87,6,2026-07-18T13:50:26Z,PT6M45S,gXLF2jhOlXY
ボス戦 BGM,《Arknights: Endfield》 Alleikhreos Boss Theme with Lyrics - All Phases (HQ Game Rip),Lens,148174,5578,282,2026-07-18T12:16:51Z,PT9M17S,DNGFZ7xgJTk
ボス戦 BGM,【フリーBGM】怪物ではなく、守護者だった| NOT A MONSTERBUT A GUARDIAN| Epic Dark Fantasy OST,Silent Mod - 壮大ラスボス戦BGM工房,458,2,0,2026-07-18T10:30:31Z,PT1M6S,6HEnFbfFFtU
ボス戦 BGM,インゼムニア ボス戦 BGM #モンスト #ドラム #独学,りり,82,6,0,2026-07-18T10:02:22Z,PT41S,jFQiAPbJbIc
ボス戦 BGM,【作業用ファンタジーBGM】駆け出し冒険者の戦い - 王道JRPG戦闘曲集【戦闘BGM】,Fantasy Echoes / 空想と癒しの音楽,86,8,1,2026-07-18T10:00:28Z,PT1H4M58S,_tWo6lZg0XE
ボス戦 BGM,【フリーBGM】深海の神 - 深淵の守護者 - | Deep Sea God - Guardian of the Abyss  | Epic Dark Fantasy OST,Silent Mod - 壮大ラスボス戦BGM工房,11,0,1,2026-07-18T10:00:09Z,PT3M19S,RlMos9jt67M
ボス戦 BGM,ちびまる子のボス戦BGM,カラクサラクガキランド,10,4,0,2026-07-18T09:00:38Z,PT4M11S,7h6k_tkz7ZI
ボス戦 BGM,ボス戦BGM作ってみた,夜月,516,2,0,2026-07-18T08:32:22Z,PT32S,waaEC8qhk88
ボス戦 BGM,【フリーBGM】激しい戦闘・ボス戦向けサイバーEDM「Blandford」 #Shorts #フリーBGM #EDM,Choose U,178,3,0,2026-07-18T07:49:08Z,PT11S,_Ckpp4XOGcA
ボス戦 BGM,【フリーBGM】激しい戦闘・ボス戦向けサイバーEDM「Blandford」/ BPM170,Choose U,32,0,0,2026-07-18T07:13:34Z,PT2M11S,Dc_v1QdzqiQ
ボス戦 BGM,【高音質】黎絶フォルギエ 〜怖畏ナル虚構〜 〜ボス戦  モンストBGM】 #モンスト#bgm #黎絶,KG GAMEz【モンスト】,447,4,0,2026-07-18T02:25:51Z,PT1M1S,naMe4NCItwc
ボス戦 BGM,RPG Battle BGM ⚔️ Epic Japanese Boss Fight Music #shorts #gamingmusic #bossbattle,Samurai Battle BGM【和楽器×ロック】,282,1,0,2026-07-18T01:00:18Z,PT41S,LNqPQExTmLg
ボス戦 BGM,グラディウスIII ボスBGM オーケストラアレンジメドレー｜GRADIUS III Boss Theme Arrange,ともーぬ,6448,120,7,2026-07-17T23:40:37Z,PT14M53S,G1hqsm8epeU
ボス戦 BGM,【Boss Battle BGM】Gothic Boss Prelude | 12 Tracks Loop Ready | Royalty Free Game Music Free Download,Vacuous BGM,17,1,0,2026-07-17T23:00:04Z,PT1H28M30S,Q8S52cHcAE4
ボス戦 BGM,HELLBREAKER　Ultimate Industrial Boss Battle Music,COOL SYNDROME,75,2,0,2026-07-17T11:00:15Z,PT6M16S,qoXIDlEHv5k
ボス戦 BGM,【フリーBGM】Crimson Lord【シンフォニックゴシックメタル/吸血鬼ボス戦BGM】,【フリーBGM制作】rh_yme,32,0,0,2026-07-17T09:00:31Z,PT2M35S,YENR0TG1fhY
ボス戦 BGM,FCがんばれゴエモン２ ボス戦BGM【宮舞モカ・重音テト・音街ウナ】#宮舞モカ #重音テト #音街ウナ #SynthesizerV #シンセV #ボカロ #ボイパロイド #VOCALOID,花猪口Pの動画倉庫,1319,17,0,2026-07-17T09:00:30Z,PT38S,i6PVW7lnmlE
ボス戦 BGM,【戦闘BGM】クールでビターなロックサウンド｜Endless Rain【フリーBGM】,戦闘音楽工房 - Epic Battle Music,575,21,0,2026-07-17T09:00:24Z,PT2M59S,S5Eso9f97E0
ボス戦 BGM,【戦闘BGM】黒薔薇が咲くたび死者が目を覚ます｜GOTHIC OF THE DEAD -死者に咲く黒薔薇-【フリーBGM・ゴシック・ダーク・かっこいい・作業用・ゲーム実況】,Rhymix Studio,173,15,2,2026-07-17T08:00:22Z,PT3M57S,fJiR41fEHck
ボス戦 BGM,【エンドフィールド 1.4 OST】「アレイクレウス」ボス戦全形態「BGM」字幕付き | #arknightsendfield #arknights #endfield,【HqM】Hugo 魁Music,23302,525,25,2026-07-17T06:32:54Z,PT9M21S,NS60Awkq7Bc
ボス戦 BGM,【フリーBGM】呪いの人形・ホラーゲームの戦闘曲【san値/horror/8bit】Cursed Doll,【フリーBGM】Two Chan【素材】,29,2,0,2026-07-17T03:52:54Z,PT1M54S,01BEBlBQB20
ボス戦 BGM,【崩壊スターレイル】雷龍戦BGM『妖都での狂宴』〘Demonhold's Revelry〙,ナラかずき(ت),2735,62,8,2026-07-16T19:50:37Z,PT7M53S,zckeXBeFhOk
決戦 BGM 作業用,【オーケストラ戦闘BGM】師弟の決戦｜熱い作業用バトルBGM｜ラスボス・ボス戦,KOUKA Fantasy Music – 光華隊,4,0,0,2026-07-22T14:25:51Z,PT39M34S,gAyntDjA4tA
決戦 BGM 作業用,【8bit RPG】魔王城の決戦｜レトロゲーム風 ボスバトルBGM【作業用・ゲーム音楽】,MUSIC_KOBO,176,2,0,2026-07-16T03:00:31Z,PT55M59S,w-HVZWCYE90
決戦 BGM 作業用,【作業用・耐久】夜鷹 - 米津玄師 -　映画『キングダム 魂の決戦』主題歌　Extended 1 Hour,ろっどまん,3799,45,5,2026-07-13T08:42:14Z,PT1H2M19S,dmpHotRQI5Y
決戦 BGM 作業用,【作業用BGM】空中戦ボスバトル ～電脳決戦～ 30分,つかさの音楽ミュージアム,54,0,0,2026-07-06T02:00:03Z,PT30M7S,yA52HAj323c
決戦 BGM 作業用,【ポケモン風BGM】天才のジム戦：作業用・勉強用・ゲーム作業用,ポケモン風BGM,177,7,0,2026-07-02T21:00:05Z,PT1H5M50S,MyzX6U-p68o
決戦 BGM 作業用,【ポケモン風BGM】バトル音楽｜作業用・勉強用・ゲーム作業用,ポケモン風BGM,157,2,0,2026-06-30T21:00:32Z,PT53M19S,gvLaY4diljM
決戦 BGM 作業用,最後の女武士・巴御前の決戦 | 侍音楽 · エピック和風シネマティック | 作業&集中用 2時間,Yamato Nocturne,58,3,3,2026-06-30T05:00:07Z,PT2H5M18S,LnmRoJ9vtj8
決戦 BGM 作業用,【ポケモン風BGM】ジム戦BGM ｜作業用・勉強用・ゲーム作業用,ポケモン風BGM,763,18,1,2026-06-27T21:00:14Z,PT1H11M27S,fKYupKf6f9M
epic orchestral battle,Knights Templar Battle and Faith  Music | Fear In The Heart Of Men #medieval #history #music #epic,Heavens Gate Templar,2,0,0,2026-07-26T19:18:30Z,PT1M18S,AIgPFvss8Eo
epic orchestral battle,Knights Templar Battle and Faith  Music #epicsoundtrack #history #medieval,Heavens Gate Templar,2,1,0,2026-07-26T19:15:24Z,PT1M29S,kkh3-cjWygc
epic orchestral battle,RavenstrikeX – Pain Is Loud | Epic Viking Battle Anthem,EchoVerse Music,0,0,0,2026-07-26T19:12:55Z,PT8M1S,AxC3sWwXkcU
epic orchestral battle,ODYSSEY: The Long Journey Home | Epic Greek Mythology Music | Emotional Orchestral Battle & Victory,Eternal Titans,0,0,0,2026-07-26T18:12:53Z,PT6H15M11S,-6O6tjMgjI8
epic orchestral battle,The Forgotten Sanctum 🏛️ Epic Indian Orchestral Music | Warrior Prince's Journey to the Lost Temple,Bhairav Ambiant ,0,0,0,2026-07-26T17:50:17Z,PT2M52S,CwIA-352_aQ
epic orchestral battle,SHIELDWALL OF THE NORTH ⚔️ | Viking Battle Rap | Epic Warrior Anthem,Ravenforge Saga,0,0,0,2026-07-26T17:00:14Z,PT49M49S,ygLk9kwIE7U
epic orchestral battle,The Bell Strikes | Skaldenherz ⚔️ Epic Viking Music | Valhalla Battle Music,Skaldenherz,258,9,0,2026-07-26T17:00:06Z,PT40S,kl5MLl9uVbU
epic orchestral battle,Rise of the Sands | Epic Cinematic Battle Anthem | English & Arabic Song,ZaiFee Vibe,32,1,0,2026-07-26T16:00:34Z,PT4M28S,QqVDNnymBdw
epic orchestral battle,⚡ Thunder of the North – Part 1 | Epic Viking Battle Music | Norse Warrior Anthem,RawSinging Rockstar Music Studio,90,2,1,2026-07-26T15:20:05Z,PT38S,D39jjyGeHa8
epic orchestral battle,1 Hour Epic Orchestral Music for Warriors | Powerful Battle Soundtrack,Last Stand Orchestra,16,0,0,2026-07-26T15:04:37Z,PT1H22M,CK7V5Zz11PY
epic orchestral battle,Epic Orchestral Hybrid | Rise of the Titans (Official Audio),BeatHive Audio,1,2,1,2026-07-26T15:00:35Z,PT4M24S,Dton9vguZrs
epic orchestral battle,Queen Of The North | Skaldenherz ⚔️ Epic Viking Music | Valhalla Battle Music,Skaldenherz,27,1,0,2026-07-26T14:07:02Z,PT2M58S,SE-lcxHw4XM
epic orchestral battle,Queen Of The North | Skaldenherz ⚔️ Epic Viking Music | Valhalla Battle Music,Skaldenherz,760,51,3,2026-07-26T14:06:48Z,PT21S,hONG7iDDsdg
epic orchestral battle,The Walls of Jericho Collapsed | An Epic Bible Miracle,HOLY BIBLE MOVIE,653,24,0,2026-07-26T14:00:27Z,PT40S,HbHXUCbPbxA
epic orchestral battle,Final Boss Has Awakened | Dark Fantasy Boss Theme | Epic Orchestral Metal for Gamers,Wave Echoes,126,21,1,2026-07-26T13:00:18Z,PT5M7S,7Rc_DKU4cdY
epic orchestral battle,Epic Warfare Music • Relentless Orchestral Battle Mix | Best Soundtracks,Best Soundtracks,1,0,0,2026-07-26T13:00:05Z,PT1H2M58S,wqxgvS4k6yI
epic orchestral battle,The Last Samurai's Oath | Epic Japanese Samurai Battle Music | Cinematic Orchestral Soundtrack,Zura Music,2,0,0,2026-07-26T13:00:15Z,PT6M21S,ahrpKzYBw80
epic orchestral battle,The sound of a titan rising #epicmusic #orchestral,BeatHive Audio,9,2,1,2026-07-26T12:30:39Z,PT58S,V_xy9W-1OiI
epic orchestral battle,Samurai Beats ⚔️ | BECOME THE WAR DRUM | Epic Warrior • Battle Energy • Endless Spirit 🔥,Samurai Flow ⚔️🔥,13,3,2,2026-07-26T12:30:34Z,PT44M8S,5gonV3jGpNM
epic orchestral battle,BEST VIKING SONGS ⚔️ Epic Nordic Battle Music | Valhalla's Fury #vikings #vikingmusic ,RAVEN SKALD,173,4,0,2026-07-26T12:00:24Z,PT36M47S,FeOOJo5ggAg
epic orchestral battle,Winter Battle Music ~ Powerful Epic Orchestral Soundtrack | Heroic Fantasy,Immortal Warrior Soul,44,3,0,2026-07-26T11:41:41Z,PT1H8M57S,TTyctqSX-jg
epic orchestral battle,Epic Anime Battle Music 🔥 Powerful Cinematic Orchestral Mix | Heroic & Intense Action Music,YumeKibo | Drawing ,0,0,0,2026-07-26T11:23:21Z,PT15M43S,w5vG7rcIgb4
epic orchestral battle,Skybound Oath of Valor – Epic Orchestral Cinematic Battle Music for Courage & Destiny,NovaAura,36,6,1,2026-07-26T11:00:30Z,PT4M58S,bCM8_0PhJDQ
epic orchestral battle,Final Boss Has Awakened | Dark Fantasy Boss Theme | Epic Orchestral Metal for Gamers,Wave Echoes,79,4,0,2026-07-26T10:45:26Z,PT28S,AB8pJcVa1tU
epic orchestral battle,Mythoss Sound - Legacy of the Crown of Blood (Epic Orchestral Battle),Mythos Sound,224,7,0,2026-07-19T18:02:34Z,PT2M41S,GGqzNKaamLM
epic orchestral battle,ONE PIECE | Whitebeard Theme • Epic Orchestral Battle OST,Lonely Ronin,1188,20,0,2026-07-19T07:54:32Z,PT3M57S,BbgmZz143Vk
epic orchestral battle,【フリーBGM】絶望の戦場 - Epic Orchestral Battle Music,Black Iris Rin,196,4,0,2026-07-19T00:26:23Z,PT3M8S,0rvjxdtiCys
epic orchestral battle,バトル1 / Battle1 – Epic War Orchestral Hybrid Arrange（FINAL FANTASY V）,Game Music Revival,917,43,4,2026-07-26T10:00:39Z,PT3M10S,TdoN0gR2jU0
epic orchestral battle,EPIC ROMANCE JOURNAL |1 Hour Cinematic Orchestral Mix for Writing Deep Love Stories,Titan Orchestra,7,0,0,2026-07-26T10:00:07Z,PT1H13M25S,n4hia2-2oIs
epic orchestral battle,Stormbreaker - High Octane Battle Music | Powerful Action Soundtrack,EPIC MUSIC SAGA,0,0,0,2026-07-26T09:00:05Z,PT2M49S,STCOgNl3hNw
epic orchestral battle,Calamity Ganon - Epic Orchestral Cover Phonk | The Legend of Zelda: Breath of the Wild OST,Heart of Sound (Soki),26,3,0,2026-07-26T07:53:05Z,PT2M38S,kqc6v8spEyo
epic orchestral battle,FIRE OF VALHALLA ⚔️ One Hour Epic Viking Hip Hop Battle Music,Raven Ironbull,6,2,0,2026-07-26T06:00:40Z,PT43M27S,Z1U7c5Edpgs
epic orchestral battle,Dark Spiritual Ringtone • Cinematic • Lord Jagannath • Epic Orchestral • Devotional Chant,Odia Echo,66,0,0,2026-07-26T04:14:35Z,PT58S,5y5UrpMISPo
epic orchestral battle,Smithy’s True Form - Epic Orchestral Metal Reimagining [Super Mario RPG],Zeroized Reality,12,2,0,2026-07-26T03:06:02Z,PT3M,ia2NFPfn44o
epic orchestral battle,Dark Orchestral Cover | Playlist Mix |  Epic Cinematic Female Vocal,Spectral Baton,1,0,0,2026-07-26T03:00:26Z,PT1H46M37S,qB-noFvRTqc
epic orchestral battle,Flight of Valor | Epic Cinematic War Music | Powerful Orchestral Air Battle Soundtrack,Focus Sound Studio,64,1,0,2026-07-26T01:05:36Z,PT4M55S,42qVy9x0pXU
epic orchestral battle,SHDU Music - Sea of the Night (Epic Royalty Free Sci-Fi Battle Music),SHDU Music,5,0,0,2026-07-25T22:00:02Z,PT4M18S,Io6JpXEOJN4
epic orchestral battle,Dark Fantasy Music for Battle | The Iron March (Epic Orchestral),H.G. Calderon,7,0,1,2026-07-25T18:14:50Z,PT3M33S,-3yC6JsJ_Ss
epic orchestral battle,THE NORTH REMEMBERS ❄️ | Cinematic Viking Rap | Epic Battle Music,Ravenforge Saga,92,2,0,2026-07-25T17:00:00Z,PT50M29S,kWiAPa3HfHY
epic orchestral battle,🔥THE FINAL CHARGE | Most Epic Battle Music Ever | Heroic Orchestral Symphony ⚡,BAYERNFANTV,2,0,0,2026-07-25T16:12:28Z,PT3M5S,hWJ5DIpLDGA
epic orchestral battle,Call of the Berserker | Epic Viking War Chant | Nordic Battle Music of Honor and Fury,Skaldic Shadow Strings,140,5,0,2026-07-25T16:00:20Z,PT6M39S,Xy0bGCwOEoU
epic orchestral battle,Mythoss Sound - Ashes of the Big Empire (Epic Orchestral Battle),Mythos Sound,2,2,0,2026-07-25T15:00:19Z,PT2M35S,cKqVtjuvI3E
epic orchestral battle,Bullet Symphony  Epic Action Orchestral Battle Music,Man & AI Music Lab,9,4,1,2026-07-25T15:00:28Z,PT34M14S,-y7xjgNSvxQ
epic orchestral battle,The Rise of Dajjal: The Final Battle & Ultimate Victory | Epic Cinematic Story,Sazam,20,6,3,2026-07-25T14:33:43Z,PT8M49S,U0Y-VjkteOg
epic orchestral battle,⚔️ Ragnarök Rising | The Last Viking King 🔥 Epic Nordic Battle Anthem 2026,AETHERA MUSIC,25,1,0,2026-07-25T14:00:00Z,PT5M35S,nMiq3ulTs_4
epic orchestral battle,⚔️ Rise of the North | Epic Viking Battle Song⚔️🔥Khaled Viking ,Khaled Viking,27,2,0,2026-07-25T14:00:16Z,PT2M58S,n9gBVtv9HT0
epic orchestral battle,HEAVEN’S VANGUARD ⚔️🔥 | Epic Orchestral Battle Music,VANTA CORE X,29,5,0,2026-07-25T13:30:01Z,PT4M2S,A6BGJoOXEXE
epic orchestral battle,Epic Battle Orchestral Music ⚔️🔥 | Epic & Powerful Templar Chant ⚔️ | Honor Him The King ⚔️🎶,Sacred Iron Choirs,12,3,1,2026-07-25T13:11:12Z,PT19M5S,QngRqO3HDTs
epic orchestral battle,My Last Mercy | Epic Orchestral Metal | Emotional Battle Anthem for Warriors Never Broken,Wave Echoes,377,38,3,2026-07-25T13:00:08Z,PT4M33S,ceZW1wgmy58
epic orchestral battle,"⚔️ Viking Music | Epic Nordic War Music for Battle, Focus & Motivation",Raúl Valle,164,3,0,2026-07-25T12:12:29Z,PT7M6S,kpahBz_6mqQ
epic orchestral battle,Knights Templar Hymn | Epic Medieval Orchestral Battle Music & Gregorian Chants,Epic Templar Battle Music,24,2,0,2026-07-25T11:27:58Z,PT11H54M59S,nCdcHpRUab4
epic orchestral battle,"🛡️ Rise of the Valkyrie | Epic Viking Music, Nordic Battle Songs & Valhalla Ambience",Valhalla Melodies,107,8,0,2026-07-25T11:00:16Z,PT40M57S,We07zmRWcwk
epic orchestral battle,My Last Mercy | Epic Orchestral Metal | Emotional Battle Anthem for Warriors Never Broken,Wave Echoes,214,9,0,2026-07-25T10:45:12Z,PT30S,QO5FnNG_qGg
epic orchestral battle,High Energy Battle Theme,Myth Tunes,8,2,1,2026-07-25T07:53:08Z,PT44S,SloxyzTbWSo
epic orchestral battle,Sacred Gregorian Choir | Epic & Powerful Templar Chant ⚔️ | Orchestral Battle for Your Spirit,Sacred Iron Choirs,12,2,2,2026-07-25T07:12:42Z,PT30M11S,O7uD5qUnRLw
epic orchestral battle,Epic Battle Music – The Empire's Hammer ⚡ Metal Orchestral Music,Valkyrenith,565,41,13,2026-07-25T06:15:17Z,PT4M7S,2R8PSGGEPYg
epic orchestral battle,The Lost Templar Chant Hymns ⚔️ | Orchestral Battle for Your Spirit | Epic Crusaders Chant,Sacred Iron Choirs,22,2,0,2026-07-25T04:43:45Z,PT30M10S,IXXKYITePbg
epic orchestral battle,Dark Orchestral Cover | Playlist Mix |  Epic Cinematic Female Vocal,Spectral Baton,0,0,0,2026-07-25T02:45:08Z,PT1H44M36S,oOcf1PR2pPw
epic orchestral battle,The Griffon's Charge ⚔️ Epic Dark Fantasy Battle Music for D&D | 2 Hours,Kitsune Grove: The Tavern,434,34,3,2026-07-25T00:00:04Z,PT2H1M25S,htYk3zuVMvo
epic orchestral battle,Epic Neoclassical Metal | Shred Guitar Battle Theme,neo classical metal,20,2,0,2026-07-24T23:34:01Z,PT4H53M58S,C7hg-hHB7x0
epic orchestral battle,    Aşk ve Taht - Savaşın Gölgesinde | Tarihi Dizi Müziği (Epic Battle Theme),S.M.S Film & Music,63,6,0,2026-07-24T22:20:44Z,PT3M18S,H9aa_Hbf8cQ
epic orchestral battle,Dark Fantasy Boss Fight Music,Myth Tunes,25,1,1,2026-07-24T21:53:55Z,PT44S,eKOULqjwq3U
epic orchestral battle,Battle of the Centrury - Epic Boss Battle Music,Indestubile Records,1,0,0,2026-07-24T21:00:35Z,PT2M43S,qB9yK1w50OQ
epic orchestral battle,Thunderous drums echo through the night! ⚔️ #shorts #raidailymusic #music #song #epicfriday #workout,RAI Daily Music,15,1,1,2026-07-24T18:30:06Z,PT31S,D2zK3MYGjvg
epic orchestral battle,Epic JRPG Music 2026 ⚔️ | Emotional Fantasy Battle Soundtrack | Orchestral Cinematic Music - No Copy,HeavenSounds,16,2,0,2026-07-24T18:00:35Z,PT3M45S,hCkez2-YbdQ
epic orchestral battle,For Them | EPIC UPLIFTING ORCHESTRAL SONG | Epic Vocal Music,Sonara,2982,258,22,2026-07-24T18:00:39Z,PT5M20S,ug1Zx1ckvf4
epic orchestral battle,Sons of Valor | Epic Orchestral Music for Courage and Glory,Epic Ascension Music,24,0,0,2026-07-24T18:00:14Z,PT57M18S,DV-ReiAw3po
epic orchestral battle,"Epic Fantasy Music | Cinematic Orchestral Music for Adventure, Battle & RPG",Rebel Studio,36,4,0,2026-07-24T18:00:04Z,PT3M22S,dqonXHBUzW0
epic orchestral battle,Viking Drums of War ⚔️🥁 #vikingmusic #drums,Skaldenherz,1011,66,4,2026-07-24T17:39:13Z,PT32S,5OhskgmVFOs
epic orchestral battle,THE WITHER RISES — Boss Battle | #shorts #minecraft  #wither,Ego Music,72,0,0,2026-07-24T16:20:36Z,PT2M40S,XpqlcInj6Vk
epic orchestral battle,Champion Diantha Battle Theme – EPIC VERSION 🔥 | Pokémon X & Y Remix,Mismagius,202,8,0,2026-07-24T16:00:09Z,PT3M33S,aSBVdE58fmk
epic orchestral battle,【Playlist🔥Dark Fantasy Epic Battle Rock + Symphonic Drop / Bass Drop / Orchestral Choir (1Hours),KageYume,774,54,5,2026-07-24T15:31:19Z,PT1H3M4S,ZkfiXd7d_Io
epic orchestral battle,KENKI 剣姫  |Stormblade Requiem | Epic Japanese Orchestral Battle Music (Taiko × Shamisen × Orchestra),- 匠 - Japanese Drums,56,1,0,2026-07-24T15:00:12Z,PT44M18S,VCy-Uqd2UpA
epic orchestral battle,The Battle That Built a Nation | Epic Continental March ⚔️,Birth of a Nation Music,209,5,1,2026-07-24T14:00:29Z,PT3M45S,ucRlZnpCSvM
epic orchestral battle,"Epic Cinematic Soundtracks Mix Part2 | Powerful Orchestral Music for Battle, Glory & Motivation",ProSound Archive | No Copyright Music,796,33,2,2026-07-24T14:00:25Z,PT2H7M31S,hILt_IoIans
epic orchestral battle,Epic Viking Battle Anthem | Cinematic Norse Folk Song 2026 | Viking Duet | Viking Rap 🔥,Ironwolf,796,26,4,2026-07-24T14:00:03Z,PT32M20S,HwN1xuEqK2w
epic orchestral battle,Orchestral Battle for Your Spirit | Templar Chant Music & Hymns ⚔️🎶 | Prayer of the Crusaders,Sacred Iron Choirs,28,1,0,2026-07-24T13:25:48Z,PT19M1S,4VlGdIu4YjU
epic orchestral battle,My Silence Roared – Epic Orchestral Metal Anthem for Rising Above Every Scar and Every Battle,Wave Echoes,351,33,4,2026-07-24T13:00:07Z,PT4M34S,vnatKjd1-fU
epic orchestral battle,【1時間】戦闘曲BGM/SRPG/RPG/ゲーム/オーケストラ/Epic Orchestral Battle Music - Break The Destiny,Sacred Orchestra,2,0,0,2026-07-24T11:55:17Z,PT1H3M37S,AgqA5xulKQU
epic orchestral battle,🔥 Ember Siege | Epic Dark Fantasy Battle Music | Cinematic Medieval Orchestral,ABQ Audio,19,1,0,2026-07-24T11:41:32Z,PT3M37S,AsLITmP148E
epic orchestral battle,Winter Epic Music - Frozen Throne | Powerful Epic Orchestral Soundtrack for Battle,Immortal Warrior Soul,149,8,0,2026-07-24T11:41:31Z,PT1H1M55S,aLiR9-6kfe8
epic orchestral battle,Where Hearts Still Beat – Epic Orchestral Cinematic Music for Courage & Unbreakable Spirit,NovaAura,194,13,0,2026-07-24T11:00:25Z,PT5M4S,9Koev5JyBYo
epic orchestral battle,War Is Coming ⚔️ Epic Battle Music | Powerful Cinematic Orchestral Soundtrack,Epic Music Mix,247,25,0,2026-07-24T11:00:02Z,PT2H17M4S,jJnRILpa1nI
epic orchestral battle,My Silence Roared – Epic Orchestral Metal Anthem for Rising Above Every Scar and Every Battle,Wave Echoes,280,12,0,2026-07-24T10:45:13Z,PT30S,T9pBKcxZK78
epic orchestral battle,CROWN OF ASH | Dark Epic Orchestral Music for Battle and Motivation,THRENNAR,0,0,0,2026-07-24T10:28:45Z,PT3M40S,_5KtsDkXufM
epic orchestral battle,【作業用BGM】戦闘音楽『Raigeki』 Epic Music /Battle Music/Hybrid Orchestral Rock Free BGM [NO ADS],Crimson Katana,105,4,0,2026-07-24T10:00:06Z,PT1H3M39S,m4S3RKBJbqM
epic orchestral battle,War Queen of Byzantium | Epic Eastern Battle Music | Persian Setar & Orchestra,Setarya,95,5,0,2026-07-24T09:30:36Z,PT5M3S,8RbsOZOH0vk
epic orchestral battle,Blood of the Northern King | Epic Cinematic Battle Music, Viking Melody,0,0,0,2026-07-24T09:00:34Z,PT2M4S,msUTGfApeRo
epic orchestral battle,Gregorian Chant of the Templar | Sacred Gregorian Chant | Epic Battle Orchestral Music ⚔️🔥,Sacred Iron Choirs,13,1,0,2026-07-24T07:09:55Z,PT30M4S,Dk7D_5QPU0Y
epic orchestral battle,"#DreamTrackAI Epic orchestral battle metal, guitars, soaring cinematic brass, hyper-energetic",@kakarotGrind,23,0,0,2026-07-24T06:25:58Z,PT6S,RbX0x37lW7Q
epic orchestral battle,Storm of Ages ⚡ Epic Orchestral | CorQuies,CorQuies Official,2,0,0,2026-07-24T04:04:22Z,PT3M20S,Dc56ebjhWZE
epic orchestral battle,RAVENS OF VALHALLA 🦅 | Dark Viking Rap | Epic Nordic Battle Song,Ravenforge Saga,97,2,0,2026-07-24T04:00:27Z,PT50M51S,_yE5RG4Jo7k
epic orchestral battle,Slavic Warrior Queen | Epic Fantasy Battle Music | Cinematic Orchestral Anthem,sam,22,0,0,2026-07-24T00:15:01Z,PT1M30S,L8To1prtE3E
epic orchestral battle,The Heavens Will Remember – Epic Orchestral Cinematic Battle Music,NovaAura,56,5,0,2026-07-23T23:00:02Z,PT57S,QcAvhB-b3js
epic orchestral battle,Epic Orchestral Music - To Battle!,Mr. Chubz,9,2,0,2026-07-23T20:57:33Z,PT42S,WzQ3griH0HQ
epic orchestral battle,Thunder in the Valley - Epic Battle Boss Music,Indestubile Records,2,0,0,2026-07-23T16:00:06Z,PT2M42S,e7cbcKXih1w
epic orchestral battle,Mythoss Sound - Thunderstrike Fury (Epic Orchestral Battle),Mythos Sound,7,2,0,2026-07-23T15:00:04Z,PT2M18S,VfskSierppg
epic orchestral battle,BATTLE MODE VII FINAL THUNDER | Epic Japanese Orchestral Battle Music (Taiko × Shamisen × Orchestra),- 匠 - Japanese Drums,117,2,0,2026-07-23T15:00:29Z,PT50M42S,40r0bhxHgq4
epic orchestral battle,UNBROKEN – Epic Powerful Battle Music | Unleash Your Inner Warrior,Totto Land,638,36,1,2026-07-23T12:00:18Z,PT2H30M45S,PgaC2R_liS0
epic orchestral battle,Dracula Battle (Super CastleVania IV -Orchestral Dark  Arrangement) | Shadow Symphonies ,Shadow Symphonies,71,5,3,2026-07-23T11:58:02Z,PT6M49S,KxCZbdFQIK4
疾走感 BGM 作業用,【作業用BGM】凍える夜を走り抜けるAIアニメOP風メドレー｜中毒性×重低音×疾走感 × Emotional J-Rock,夜詠み,13,0,1,2026-07-26T10:46:37Z,PT36M33S,dpoigb4WDw8
疾走感 BGM 作業用,著作権フリーBGM【かっこいい、エモい、夏、花火、夜、テンション上がる、感動、爽やか、ピアノ、青春】｜夏Vlog・旅行・エンディング向け｜BGM273_Halation,たう | フリーBGM,50,6,2,2026-07-26T10:00:10Z,PT4M58S,eKLXYjK_fYM
疾走感 BGM 作業用,【ポケモン風BGM】南国ルートを駆け抜ける爽快バトルBGM｜作業用・勉強用・ゲーム作業用,ポケモン風BGM,29,1,0,2026-07-25T21:00:02Z,PT50M54S,FXUsMExfELQ
疾走感 BGM 作業用,【Playlist】限界領域突入 EUROBEAT×Rock ｜ VOL.235 ｜ 重低音 × 疾走感 × 爆走魂 ユーロビート 洋楽 オリジナル 作業用BGM 【2時間】,TTMusicOfficialChannel,75,3,2,2026-07-25T12:00:09Z,PT2H32S,i9vG6aAfEno
疾走感 BGM 作業用,【作業用BGM】深夜テンションが加速するAIアニソン風メドレー｜中毒性×重低音×疾走感 × Emotional J-Rock,夜詠み,78,1,1,2026-07-25T10:12:13Z,PT43M9S,RFU-Re1p2_4
疾走感 BGM 作業用,Hyper Priest　宵街モダンガール #shorts  #プレイリスト #作業用,Hyper Priest,157,1,0,2026-07-24T13:00:13Z,PT26S,6tf256yvoZU
疾走感 BGM 作業用,【Playlist】重力を超えて EUROBEAT×Rock ｜ VOL.234 ｜ 重低音 × 疾走感 × 激高音 ユーロビート 洋楽 オリジナル 作業用BGM 【2時間】,TTMusicOfficialChannel,134,7,0,2026-07-24T12:00:05Z,PT2H2M23S,CaN3hf1pEfI
疾走感 BGM 作業用,【作業用BGM】夜明けまで駆け抜けるAIアニメOP風メドレー｜中毒性×重低音×疾走感 × Emotional J-Rock,夜詠み,96,1,0,2026-07-24T10:00:38Z,PT37M5S,qyN_X2URok4
疾走感 BGM 作業用,【Playlist】爆炎のグルーヴ EUROBEAT×Rock ｜ VOL.233 ｜ 重低音 × 疾走感 × 闇疾奏 ユーロビート 洋楽 オリジナル 作業用BGM 【2時間】,TTMusicOfficialChannel,146,6,2,2026-07-23T12:00:14Z,PT2H2M45S,LCdu7tFLN3A
疾走感 BGM 作業用,【Playlist】アップテンポ×アニソンOP｜衝動×疾走感×覚醒感｜Emotional J-Pop × Anime OP Vol.36｜作業用BGM,ARISA Music,20,4,13,2026-07-23T11:00:40Z,PT1H15M35S,vf9Ps3UWYbY
疾走感 BGM 作業用,【作業用BGM】重低音×疾走感 J-Rock EDM mix｜碧風が海を渡る、覚醒。｜Focus Music,Focus Overdrive,88,6,5,2026-07-23T08:00:05Z,PT2H3M59S,eWOpXfGSlMA
疾走感 BGM 作業用,Hyper Priest　紅蓮御前 IGNITION #shorts  #プレイリスト #作業用,Hyper Priest,186,0,0,2026-07-22T13:00:27Z,PT33S,I60emKghoXg
疾走感 BGM 作業用,【Playlist】未来を駆け抜けるビート EUROBEAT×Rock ｜ VOL.232 ｜ 重低音 × 疾走感 × 激情波 ユーロビート 洋楽 オリジナル 作業用BGM 【2時間】,TTMusicOfficialChannel,58,5,2,2026-07-22T12:00:29Z,PT2H6M41S,0Tz1xONsGw4
疾走感 BGM 作業用,フリーBGM『REVENGE』【かっこいい/覚醒/疾走感】,Otoma,463,6,0,2026-07-22T10:10:14Z,PT4M47S,bHeOQk6Qi48
疾走感 BGM 作業用,ドライブBGM｜アクセル全開！疾走感が止まらない🔥,IRcom (イリコム)　BGMチャンネル,15,1,0,2026-07-22T10:00:39Z,PT2M39S,j5Mt6mnhgAk
疾走感 BGM 作業用,【作業用BGM】夜の衝動を鳴らす女性ボーカルJ-Rock 10曲｜ドライブ・勉強・筋トレ,Freedom Beats Lab,248,8,5,2026-07-22T08:00:11Z,PT36M55S,dZ0xyLbGagA
疾走感 BGM 作業用,【作業用BGM】重低音×疾走感 J-Rock EDM mix｜情熱が爆ぜる、覚醒。｜Focus Music,Focus Overdrive,56,5,1,2026-07-21T08:00:09Z,PT1H58M55S,0TWR3YBz0D4
疾走感 BGM 作業用,Hyper Priest　天つ風プリンセス #shorts  #プレイリスト #作業用,Hyper Priest,284,3,0,2026-07-20T13:00:20Z,PT35S,Hi_PuCPj3q8
疾走感 BGM 作業用,【Playlist】LIVE 爆音祭典 EUROBEAT×Rock ｜ VOL.231 ｜ 重低音 × 疾走感 × 闇疾奏 ユーロビート 洋楽 オリジナル 作業用BGM 【2時間】,TTMusicOfficialChannel,126,5,3,2026-07-20T12:00:06Z,PT2H15M2S,EvlRhhZRrqc
疾走感 BGM 作業用,【Playlist】闇を撃ち抜け。アニソン風 Dark Pop × 疾走感｜作業用BGM,Dark Sugar Melody,857,25,2,2026-07-19T11:00:22Z,PT1H7M36S,V57MidibLUs
疾走感 BGM 作業用,【作業用BGM／1時間】戦闘モードに入る疾走系JRPGバトルメドレー｜YutoRhythm Battle Mode Vol.2,ゆとリズム yuto-rhythm,142,4,0,2026-07-18T13:00:34Z,PT1H31S,Ai7fB6AJ1Yc
疾走感 BGM 作業用,【Playlist】覚醒ノ残響 EUROBEAT×Rock ｜ VOL.229 ｜ 重低音 × 疾走感 × 爆走魂 ユーロビート 洋楽 オリジナル 作業用BGM 【2時間】,TTMusicOfficialChannel,191,10,2,2026-07-18T12:00:37Z,PT2H3M39S,VFwmO6vRQ24
疾走感 BGM 作業用,【バイク・ツーリングに合うBGM｜作業用BGM】　ツーリングで聴く、疾走感あるエモーショナルな女性ボーカル曲。どこか懐かしい昭和歌謡風の音楽。著作権フリー。DL無料。,kazuroom カズルーム,102,5,1,2026-07-17T14:42:30Z,PT1H6M48S,hPV-pUkDvc4
疾走感 BGM 作業用,【作業用BGM】サイバーパンクな街で没頭する、ドーパミンの出るFuture House【1時間耐久 / 勉強・作業用】,Mellow Mind,52,1,0,2026-07-17T13:45:02Z,PT1H3M1S,NbQc46mDHYQ
疾走感 BGM 作業用,Hyper Priest　Squat Rave Sakura #shorts  #プレイリスト #作業用,Hyper Priest,245,3,0,2026-07-17T13:00:13Z,PT31S,7btowE8QnZw
疾走感 BGM 作業用,【Playlist】不滅ノ興奮 EUROBEAT×Rock ｜ VOL.228 ｜ 重低音 × 疾走感 × 爆音響 ユーロビート 洋楽 オリジナル 作業用BGM 【2時間】,TTMusicOfficialChannel,99,6,2,2026-07-17T12:00:25Z,PT2H5M12S,BjSTbfraXI4
疾走感 BGM 作業用,【Playlist】Nameless Ache｜Emotional J-Rock × EDM × 重低音 ×疾走感｜作業用,Deep Emotional BGM,1128,30,27,2026-07-17T09:00:47Z,PT59M12S,iYv-Rt066T4
疾走感 BGM 作業用,【200曲】超厳選アニソンサビメドレーVol.2《作業用BGM》《疾走感強め》,とあるアニオタの趣味部屋,22528,111,3,2026-07-17T08:17:24Z,PT1H51M38S,QqDxa7cDYxY
疾走感 BGM 作業用,【ポケモン風BGM】 爽快ゲーム音楽｜作業用・勉強用・ゲーム作業用,ポケモン風BGM,91,4,2,2026-07-16T21:00:28Z,PT1H14S,UukSurYSNls
疾走感 BGM 作業用,【Playlist】暴走するリズム EUROBEAT×Rock ｜ VOL.227 ｜ 重低音 × 疾走感 × 強烈波 ユーロビート 洋楽 オリジナル 作業用BGM 【2時間】,TTMusicOfficialChannel,188,9,0,2026-07-16T12:00:27Z,PT2H27S,p6O5zDFT9Sk
疾走感 BGM 作業用,【作業用BGM】重低音×疾走感 J-Rock EDM mix｜翠嵐が吹き渡る、覚醒。｜Focus Music,Focus Overdrive,728,25,1,2026-07-16T08:00:05Z,PT2H2M16S,eW-2zhNB2gw
疾走感 BGM 作業用,【作業用・勉強用BGM】和風×ROCKで超覚醒,Natural Lo-fi Girl,106,1,0,2026-07-16T04:01:57Z,PT2M2S,Hy8LdpUsbXs
疾走感 BGM 作業用,【作業用・勉強用BGM】和風×ROCKで超覚醒🔥作業が止まらないテンション爆上がりメドレー 1時間【勉強・ゲーム用】,Natural Lo-fi Girl,172,5,0,2026-07-16T03:30:42Z,PT1H4M15S,XoU05Jmr2l0
疾走感 BGM 作業用,Hyper Priest　Neon Voltage Breakout #shorts  #プレイリスト #作業用,Hyper Priest,246,4,0,2026-07-15T13:00:07Z,PT45S,8S5fNM1zJO8
疾走感 BGM 作業用,【Playlist】爆速ナイトラン EUROBEAT×Rock ｜ VOL.226 ｜ 重低音 × 疾走感 × 激昂熱 ユーロビート 洋楽 オリジナル 作業用BGM 【2時間】,TTMusicOfficialChannel,174,8,2,2026-07-15T12:00:20Z,PT2H3M27S,w3V1VHQ97Mo
疾走感 BGM 作業用,【作業用BGM】重低音×疾走感 J-Rock EDM mix｜紅蓮が燃え盛る、覚醒。｜Focus Music,Focus Overdrive,157,4,1,2026-07-14T08:00:01Z,PT1H51M55S,kiFS3U2FN9E
疾走感 BGM 作業用,Hyper Priest　Red Gate Pressure #shorts  #プレイリスト #作業用,Hyper Priest,77,1,0,2026-07-13T13:00:17Z,PT35S,oIZIHbpz_6w
疾走感 BGM 作業用,【和風Rock】スタイリッシュな戦闘曲！「再戦 - RETRY -」｜戦闘・疾走感・かっこいい・和ロック・歌あり・フリーBGM【JapaneseRock】,【和Rock】Enjoy the sound,140,5,1,2026-07-13T12:00:04Z,PT3M50S,sQjtiDsDbGQ
疾走感 BGM 作業用,【Playlist】Glitch of Eternity —虚界残響—｜中毒性×重低音×疾走感 × Emotional J-Rock × Anime OP｜作業用BGM,Heaven Rush Music,557,17,5,2026-07-13T10:00:28Z,PT1H32M21S,oxVVC8oyabU
疾走感 BGM 作業用,【戦闘・フリーBGM】Ignition Symphony【作業・勉強】,DopaDopa Beat,66,4,0,2026-07-13T09:00:01Z,PT3M10S,nV2f5XZUYTs
疾走感 BGM 作業用,【Playlist】疾風迅雷 EUROBEAT×Rock ｜ VOL.223 ｜ 重低音 × 疾走感 × 依存症 ユーロビート 洋楽 オリジナル 作業用BGM 【2時間】,TTMusicOfficialChannel,179,5,0,2026-07-11T12:00:08Z,PT2H3M34S,BjoVogYgymk
疾走感 BGM 作業用,著作権フリーBGM【かっこいい、おしゃれ、爽やか、明るい、ロック、エレキギター、疾走感、ノリがいい、テンション上がる、青春】｜スポーツ・部活・夏Vlog向け｜BGM271_Kicks,たう | フリーBGM,1169,30,9,2026-07-11T10:00:24Z,PT3M8S,KfSzagV-3L8
疾走感 BGM 作業用,疾走感MAX！Eurobeat×男女デュエット オリジナルメドレー全12曲,カエデ Music,830,13,0,2026-07-11T10:00:15Z,PT1H2M3S,atrSavqXyqg
疾走感 BGM 作業用,Hyper Priest　Foxfire Frequency #shorts  #プレイリスト #作業用,Hyper Priest,184,2,0,2026-07-10T13:00:12Z,PT35S,GJcMFohp7dU
疾走感 BGM 作業用,【Playlist】瞬走ノ刻 EUROBEAT×Rock ｜ VOL.222 ｜ 重低音 × 疾走感 × 爆走魂 ユーロビート 洋楽 オリジナル 作業用BGM 【2時間】,TTMusicOfficialChannel,106,5,4,2026-07-10T12:00:07Z,PT2H6M11S,c5Ct8BVrf1g
疾走感 BGM 作業用,【脳内着火BGM】Spark Breaker【作業・勉強】,DopaDopa Beat,125,8,0,2026-07-10T10:00:09Z,PT2M42S,Ka49hEovCCk
疾走感 BGM 作業用,【Playlist】Racing My Own Ghost｜Emotional J-Rock × Melodic ×疾走感｜作業用,Deep Emotional BGM,1214,31,22,2026-07-10T08:11:13Z,PT51M48S,ZD0boMLn354
疾走感 BGM 作業用,作業用神BGM 1時間　Sakura Blade | Epic Japanese Battle BGM ⚔️ KIDO Series | Cinematic Samurai Music,NEON RIST ,118,5,0,2026-07-10T03:54:01Z,PT1H1M48S,iFo3q7NC8ik
疾走感 BGM 作業用,【Playlist】無双蒼影 EUROBEAT×Rock ｜ VOL.221 ｜ 重低音 × 疾走感 × 覚醒感 ユーロビート 洋楽 オリジナル 作業用BGM 【2時間】,TTMusicOfficialChannel,161,9,2,2026-07-09T12:00:18Z,PT2H3M17S,KvhAZ3O2cKE
疾走感 BGM 作業用,【作業用BGM】重低音×疾走感 J-Rock EDM mix｜旋風が巻き起こる、覚醒。｜Focus Music,Focus Overdrive,251,6,1,2026-07-09T08:00:07Z,PT2H3M54S,zNMMvpINM1Q
疾走感 BGM 作業用,Hyper Priest　Moonwire Renegade #shorts  #プレイリスト #作業用,Hyper Priest,101,0,0,2026-07-08T13:00:20Z,PT33S,_SwV-qi6VCY
疾走感 BGM 作業用,【Playlist】超絶アガる EUROBEAT×Rock ｜ VOL.220 ｜ 重低音 × 疾走感 × 爆燃魂 ユーロビート 洋楽 オリジナル 作業用BGM 【2時間】,TTMusicOfficialChannel,180,9,2,2026-07-08T12:00:14Z,PT2H1M19S,9D09qM66pUE
疾走感 BGM 作業用,【Playlist】テンション爆上げ EUROBEAT×Rock ｜ VOL.219 ｜ 重低音 × 疾走感 × 超絶音 ユーロビート 洋楽 オリジナル 作業用BGM 【2時間】,TTMusicOfficialChannel,162,7,4,2026-07-07T12:00:33Z,PT2H1M22S,WqcjypJdY9Q
疾走感 BGM 作業用,【行動ブーストBGM】BurntOn Synapses 【集中・作業】,DopaDopa Beat,103,1,0,2026-07-07T09:00:24Z,PT3M6S,LgbHtXVzLiw
疾走感 BGM 作業用,【東方ユーロビート】夜を駆け抜ける幻想郷ドライブ！疾走感MAX東方EUROBEAT 1時間メドレー【作業用・ドライブBGM】,JUNN MUZIC,659,12,0,2026-07-07T09:00:03Z,PT1H2M32S,uHxEdiEaYdw
疾走感 BGM 作業用,【作業用BGM】重低音×疾走感 J-Rock EDM mix｜星河が奏でる、覚醒。｜Focus Music,Focus Overdrive,146,7,3,2026-07-07T08:00:19Z,PT1H48M15S,lUuZzmMQ5pI
疾走感 BGM 作業用,Hyper Priest　Polar Fox Detour #shorts  #プレイリスト #作業用,Hyper Priest,103,1,0,2026-07-06T13:00:01Z,PT28S,viUhyucyfr0
疾走感 BGM 作業用,【作業用BGM】疾走する和風ピアノ｜八属性が織りなす幻想LOFI【集中・勉強・読書・仕事】,神代雅,115,0,8,2026-07-06T11:00:13Z,PT19M4S,J_qBX-oPXPg
疾走感 BGM 作業用,【瞬間集中】Dopamine Lot【作業・戦闘】,DopaDopa Beat,79,0,1,2026-07-06T09:00:31Z,PT2M54S,x-lUHFYkjFc
疾走感 BGM 作業用,【作業用BGM】重低音×疾走感 J-Rock EDM mix｜稲妻が貫く、覚醒。｜Focus Music,Focus Overdrive,163,6,1,2026-07-06T08:00:32Z,PT1H54M43S,GmsyftMH3dc
疾走感 BGM 作業用,【Playlist】The Cage I Built｜Emotional J-Rock × EDM × 重低音 ×疾走感｜作業用,Deep Emotional BGM,1860,57,18,2026-07-06T05:17:43Z,PT59M16S,x62j2fJKwFw
疾走感 BGM 作業用,【作業用BGM】疾走感MAXの戦闘アニソンメドレー｜j-rock anime【playlist】,夜詠み,522,11,1,2026-07-05T10:00:10Z,PT25M2S,NNt-BH83xlg
疾走感 BGM 作業用,爆速集中BGM】Rhythm Ignition【作業・戦闘】,DopaDopa Beat,275,8,0,2026-07-05T09:00:28Z,PT2M24S,f80PIffFRYE
疾走感 BGM 作業用,【作業用BGM】重低音×疾走感 J-Rock EDM mix｜共鳴、覚醒。60曲メガミックス｜Focus Music,Focus Overdrive,96,7,3,2026-07-05T08:00:38Z,PT3H11M37S,5AZKjtGzrYg
疾走感 BGM 作業用,【フリーBGM/歌あり】The Phantom in the Velvet【かっこいい/怪盗/疾走感/ジャズロック/作業用/動画用】,Chao channel / ちゃおちゃんねる,88,0,9,2026-07-04T19:55:41Z,PT4M50S,6l8INfhuWXw
疾走感 BGM 作業用,【Playlist】堕天ノアクセラレート EUROBEAT×Rock ｜ VOL.216 ｜ 重低音 × 疾走感 × 激高音 ユーロビート 洋楽 オリジナル 作業用BGM 【2時間】,TTMusicOfficialChannel,142,8,0,2026-07-04T12:00:32Z,PT2H1M2S,a0GTbmYpHA0
疾走感 BGM 作業用,夜景を駆ける首都高 tokyo chill 1hour｜疾走感Lo-Fi・作業用・勉強用・睡眠用・ドライブBGM,BGMの宝箱,7,0,0,2026-07-04T11:00:39Z,PT1H4M53S,ctqQ-mbaAaQ
疾走感 BGM 作業用,【異世界ケルトBGM •異世界ケルト音楽】絶剣｜疾走感あふれる異世界ケルトBGM【作業用BGM・リラックスBGM・睡眠用BGM・勉強用BGM】,FantaSy Celtic BGM,52,1,0,2026-07-04T09:00:01Z,PT1H36M19S,TXZkLi6BCoI
疾走感 BGM 作業用,【作業用BGM】重低音×疾走感 J-Rock EDM mix｜全員集結、覚醒。60曲メガミックス｜Focus Music,Focus Overdrive,161,9,7,2026-07-04T08:00:07Z,PT3H11M43S,koSbvyPzlrU
疾走感 BGM 作業用,【PLAYLIST】疾走感MAX！ドライブで気分が上がるアップテンポ【1時間耐久 作業用BGM】,HIRUHA,40,7,0,2026-07-03T20:45:08Z,PT1H1M10S,jZKUoqVRSQk
疾走感 BGM 作業用,【Playlist】血塗ラレタ衝動 EUROBEAT×Rock ｜ VOL.215 ｜ 重低音 × 疾走感 × 超興奮 ユーロビート 洋楽 オリジナル 作業用BGM 【2時間】,TTMusicOfficialChannel,90,4,2,2026-07-03T12:00:37Z,PT2H1M9S,OeavywQrd9g
疾走感 BGM 作業用,【作業用・和風BGM】闇を駆ける、忍びの夜🥷 和楽器だけで攻める疾走ロック｜Shinobi Night (3.5H),しまごろう 和風BGM Japanese Music,177,9,0,2026-07-03T11:00:28Z,PT3H22M45S,L3hghAvHpqM
疾走感 BGM 作業用,【作業用BGM】Epic Background Music 戦闘BGM/Battle Rock『IMPULSE』,Soothing sound Mikan,2294,96,6,2026-07-03T10:58:24Z,PT1H4M44S,VHob5t8DFnI
疾走感 BGM 作業用,Hyper Priest　Paper Tiger Uprising #shorts  #プレイリスト #作業用,Hyper Priest,61,1,0,2026-07-03T10:45:07Z,PT51S,MpP_B3kpz64
疾走感 BGM 作業用,【東方ユーロビート】やっぱり疾走感が最高！テンション爆上げ東方EUROBEAT 1時間メドレー【作業用・ドライブBGM】,JUNN MUZIC,495,14,0,2026-07-03T09:00:26Z,PT1H2M43S,EO_qS4wl6gM
疾走感 BGM 作業用,【戦闘・爆速BGM】Amplified Slash【EDM×エレクトロスイング】,DopaDopa Beat,175,4,0,2026-07-02T09:00:11Z,PT2M50S,UAkWWvzt5Ak
疾走感 BGM 作業用,[フリーBGM] Noiz Harder - Repetition　【かっこいい/疾走感/EDM/配信用/作業用】,Noiz Harder,4,0,0,2026-07-01T12:05:51Z,PT2M58S,c3mtMYJtCaA
疾走感 BGM 作業用,【Playlist】断罪ノスピードシグナル EUROBEAT×Rock ｜ VOL.213 ｜ 重低音 × 疾走感 × 覚醒感 ユーロビート 洋楽 オリジナル 作業用BGM 【2時間】,TTMusicOfficialChannel,119,6,2,2026-07-01T12:00:33Z,PT2H2M11S,MNAQNz3DmYA
疾走感 BGM 作業用,【作業用・勉強用BGM】COMPASS ｜疾走感　メロラップ,エルちゃんねる[Sunoで作成した曲を投稿しています],319,8,0,2026-07-01T11:08:36Z,PT17M54S,5z_0a8FIxhI
疾走感 BGM 作業用,Hyper Priest　Black Fan Detonator #shorts  #プレイリスト #作業用,Hyper Priest,352,1,0,2026-07-01T11:00:27Z,PT47S,W8jihRZxmNs
疾走感 BGM 作業用,【軽快・明るい/疾走感/かわいい/ファンタジー】Diamond Seraphic Prism(作業用/フリーBGM)【NoCopyright music】,AkariのFree BGM,76,5,0,2026-06-30T18:45:42Z,PT11M20S,C0R-YvsYRzA
疾走感 BGM 作業用,【作業用BGM】疾走感あふれる和風ロック｜全部忘れて走り出す解放感の作業・ドライブ用 女性ボーカル20曲,和奏ロック堂 | Japanese Rock BGM,143,4,0,2026-06-30T13:01:27Z,PT1H16M57S,D4zqpc155QY
疾走感 BGM 作業用,【Playlist】崩壊前夜ノ律動 EUROBEAT×Rock ｜ VOL.212 ｜ 重低音 × 疾走感 × 魂揺動 ユーロビート 洋楽 オリジナル 作業用BGM 【2時間】,TTMusicOfficialChannel,120,5,4,2026-06-30T12:00:01Z,PT2H5M52S,WFYLRrh0zHQ
疾走感 BGM 作業用,【Playlist】Moonlit Smirk —蒼月の微笑—｜中毒性×重低音×疾走感 × Emotional J-Rock × Anime OP｜作業用BGM,Heaven Rush Music,947,34,6,2026-06-30T10:00:15Z,PT1H40M50S,0pY8tQ1AR9M
疾走感 BGM 作業用,【東方ユーロビート】作業が止まらない！眠気を吹き飛ばす東方EUROBEAT 1時間メドレー【ドライブ・作業用BGM】,JUNN MUZIC,3444,72,0,2026-06-30T09:00:32Z,PT1H1M16S,45iPYOgLPyU
疾走感 BGM 作業用,【Playlist】暴走魂＜ソウルドライブ＞ EUROBEAT×Rock ｜ VOL.211 ｜ 重低音 × 疾走感 × 永遠響 ユーロビート 洋楽 オリジナル 作業用BGM 【2時間】,TTMusicOfficialChannel,147,10,0,2026-06-29T12:00:22Z,PT2H7M40S,OLYH01_JHRU
疾走感 BGM 作業用,【作業用BGM】戦闘音楽 Epic Battle Music/Japanese Hybrid Orchestral Rock Background Music『KANNAGI』,Soothing sound Mikan,1518,72,5,2026-06-29T11:36:08Z,PT1H1M13S,SRnPs8gQTqg
疾走感 BGM 作業用,Hyper Priest　Scarlet Overrun #shorts  #プレイリスト #作業用,Hyper Priest,173,0,0,2026-06-29T11:30:30Z,PT35S,9LEZ-HEEeK0
疾走感 BGM 作業用,⁠【作業用 戦闘 Free BGM】 Celtic Chaos【Celtic×EDM×Fast jazz】,DopaDopa Beat,57,1,0,2026-06-29T04:42:24Z,PT4M27S,bKshqNeg1oY
疾走感 BGM 作業用,【Playlist】Forbidden Color —虹晶異色—｜中毒性×重低音×疾走感 × Emotional J-Rock × Anime OP｜作業用BGM,Heaven Rush Music,1036,30,7,2026-06-28T10:00:10Z,PT1H40M16S,nP7tcLzdz4w
疾走感 BGM 作業用,『beyond the white』/ 白空せりふ #electropop #pop #originalsong #作業用 #作業用bgm #疾走感 #summer #summersong,Shirozora Serifu / 白空せりふ,39,1,0,2026-06-28T08:30:19Z,PT41S,pNqrH5p_Nz4
疾走感 BGM 作業用,【胸熱BGM】アニメの主人公になれる疾走感J-ROCK / 全力で駆け抜ける作業用音楽,森の遊び場,3,0,0,2026-06-28T00:00:04Z,PT2H6M7S,qs2CjV96boQ
疾走感 BGM 作業用,🌸 和風幻想世界 × 疾走感BGM 🌸 作業が止まらない！ゲーム風 Cyber LOFI｜集中・勉強・仕事・ゲーム用,神代雅,230,0,11,2026-06-27T11:00:07Z,PT13M38S,0m9D5iN5TqM
爽快 BGM 作業用,【作業用・ドライブ】夏の海岸線を走る、爽快な80年代シティポップ | Summer Coast Drive City Pop Playlist,Hologram Resort,10,0,0,2026-07-26T16:02:28Z,PT1H29M54S,sCjTjRRyMGs
爽快 BGM 作業用,🎧 作業がはかどる爽快Focus BGM｜15秒で集中モードへ #Shorts,WorksMusic,204,0,0,2026-07-26T08:00:08Z,PT30S,Q-xpySFcUDE
爽快 BGM 作業用,【ポケモン風BGM】南国ルートを駆け抜ける爽快バトルBGM｜作業用・勉強用・ゲーム作業用,ポケモン風BGM,29,1,0,2026-07-25T21:00:02Z,PT50M54S,FXUsMExfELQ
爽快 BGM 作業用,【ケルト音楽】パッと心が晴れる、優雅で爽快なケルトBGM｜家事・作業用・リラックス,モリーの暮らしBGM🐿️🧹,417,7,1,2026-07-25T20:30:37Z,PT2H17S,Fr7odukdTRs
爽快 BGM 作業用,🎧 作業がはかどる爽快Focus BGM｜15秒で集中モードへ #Shorts,WorksMusic,42,0,0,2026-07-25T08:30:37Z,PT30S,y01GouWgkW4
爽快 BGM 作業用,【作業用BGM】夏を乗り切る爽快アップテンポLofi🍉｜勉強・PC作業・ドライブに集中する音楽⁠,Tokyo Chill Records,123,0,0,2026-07-25T04:48:34Z,PT1H4M34S,r8XkLPi558A
爽快 BGM 作業用,【ドライブBGM🔥】気分が前に向くノリノリ爽快ロックMIX⚡全22曲｜ドライブ・作業用・外出準備・集中したい時に | Full Throttle Drive,IRcom (イリコム)　BGMチャンネル,3,0,0,2026-07-25T02:30:14Z,PT1H13M7S,dlc1FaYMnSQ
爽快 BGM 作業用,【一瞬でスイッチON】聴いた瞬間テンションMAX！爽快ドライブ洋楽BGM｜通勤・通学・作業用・ジム・ランニング,Happia. music,195,6,1,2026-07-24T23:00:32Z,PT1H33M48S,HUbDS7bqcsg
爽快 BGM 作業用,【洋楽R&B】爽快でスタイル感のある洋楽R&B 🎧 集中力を高めて効率的に仕事や勉強をするための音楽 | テンションを上げて過ごす作業用BGM ✨,Daily Energy,84,2,0,2026-07-24T13:07:44Z,PT1H38M4S,RLogedSJJ30
爽快 BGM 作業用,【Playlist】アニソンっぽいJ-POPメドレー｜作業用BGM｜まるでアニメの主題歌みたいな曲たち【爽快感ヤバい。】,Lofi Diva Groove,126,8,1,2026-07-24T10:00:36Z,PT1H27M40S,C6nojIBioBk
爽快 BGM 作業用,【洋楽Playlist】お洒落すぎる洋楽。✨ 気分が上がるアップテンポBGM/ドライブ/通勤/作業用/勉強用/work/,City Chill FM,564,14,2,2026-07-23T22:00:13Z,PT2H8M2S,lkqbRIQSagg
爽快 BGM 作業用,【気分MAX】海沿いを走りたくなるドライブ爽快洋楽BGM🎧🩵｜通勤・通学・作業用,Happia. music,92,4,1,2026-07-22T22:00:06Z,PT1H48M15S,rsIzUUpQsmY
爽快 BGM 作業用,【ポケモン風BGM】勝利へ駆け抜ける南国ルートの爽快ゲーム音楽｜作業用・勉強用・ゲーム作業用,ポケモン風BGM,17,2,0,2026-07-21T21:00:33Z,PT55M14S,ivekWJ0vAlU
爽快 BGM 作業用,【カフェBGM】初夏の贅沢なパイナップルモーニングテラス BGM ☕ 爽快サマーボサノヴァ｜Sweet Pineapple Bossa 60 Min｜朝時間・読書・勉強・作業用音楽,Yui Music Cafe,35,2,0,2026-07-20T22:30:27Z,PT1H3M3S,T8wif9iEEdI
爽快 BGM 作業用,【今、動き出す。】聴くと一瞬でテンションMAX！🌈爽快洋楽BGM｜通勤・通学・作業用・勉強・ジム・ドライブ,Happia. music,169,8,1,2026-07-20T22:00:11Z,PT1H29M33S,BYv8v1NN44k
爽快 BGM 作業用,[Playlist] 夏の爽快ファンキージャズ ☀️🎷 作業用・ドライブBGM｜1 Hour Mix,Jazzeroo,142,10,1,2026-07-19T23:00:33Z,PT1H9M29S,k2jaHF7CHyU
爽快 BGM 作業用,☀️ 朝から集中力アップ｜爽快作業用BGM #Shorts,WorksMusic,139,0,0,2026-07-19T22:30:10Z,PT30S,BDO7TZt2vrg
爽快 BGM 作業用,【だるい朝に効く】1曲目からスイッチが入る爽快洋楽ポップBGM🌈 | 作業用・勉強用・朝の気分上げ | Happy Boost Lab,Happy Boost Lab,126,4,1,2026-07-19T22:00:18Z,PT2H20M38S,z9cdQsJw8rU
爽快 BGM 作業用,【ポケモン風BGM】懐かしいバトルBGM｜作業用・勉強用・集中用,ポケモン風BGM,188,4,0,2026-07-19T21:00:20Z,PT56M55S,ypoDSF067Jw
爽快 BGM 作業用,【ポケモン風BGM】始まる熱いバトル音楽｜作業用・勉強用・ゲーム作業用,ポケモン風BGM,318,5,0,2026-07-18T21:00:34Z,PT55M,zNFSSdUleOE
爽快 BGM 作業用,風薫る - Fragrant Breeze 🎋 KOTO BGM 爽快・癒し・作業用 | Relaxing Japanese Koto Music,Ukiyo Cafe,35,0,0,2026-07-17T03:45:54Z,PT3M10S,_Y9HjE5ZTn8
爽快 BGM 作業用,☀️ 朝から集中力アップ｜爽快作業用BGM #Shorts,WorksMusic,182,1,0,2026-07-16T22:30:00Z,PT30S,jHRusJrsr9A
爽快 BGM 作業用,【1日のスタートに。】🌈一瞬で気分MAX｜爽快洋楽BGM・通勤通学・作業用,Happia. music,308,6,1,2026-07-16T22:00:13Z,PT1H26M27S,i6Zbw6R3wQg
爽快 BGM 作業用,【ポケモン風BGM】 爽快ゲーム音楽｜作業用・勉強用・ゲーム作業用,ポケモン風BGM,91,4,2,2026-07-16T21:00:28Z,PT1H14S,UukSurYSNls
爽快 BGM 作業用,【作業用BGM】軽やかなリズムで集中力が続く爽快インスト｜勉強・仕事・読書・プログラミング・ドライブ,WorksMusic,78,2,0,2026-07-16T11:00:07Z,PT1H,zcjToC9OzYc
爽快 BGM 作業用,✨ 気分が上がる爽快サウンド｜作業がはかどるBGM #Shorts,WorksMusic,280,0,0,2026-07-14T22:30:24Z,PT30S,oew62VZZUV0
爽快 BGM 作業用,自然に気分がすっきりする🌈軽やかに流れる爽快洋楽ポップBGM | 作業用・勉強用・ドライブ・朝の気分上げ | Happy Upbeat Vibes,テンションあがる洋楽BGM | Happy Upbeat Vibes,3902,41,1,2026-07-14T22:00:28Z,PT1H11M36S,eL28TyAFF7s
爽快 BGM 作業用,【ポケモン風BGM】爽快なバトルBGM｜作業用・勉強用・集中用,ポケモン風BGM,237,8,0,2026-07-14T21:00:27Z,PT1H17S,NcfngEgQRYw
爽快 BGM 作業用,【ドライブ用BGM】気分爽快な洋楽2時間🚗 通勤・作業にも,作業用BGM Yurappa,155,7,0,2026-07-13T20:00:37Z,PT2H3M4S,fG7D46ESzBk
爽快 BGM 作業用,【超集中】眠くなりにくい！爽快で明るいLo-Fi BGM【作業用】,よふけのオトハコ,46,0,0,2026-07-13T01:39:21Z,PT1H7M8S,9MKfBkoLQgw
爽快 BGM 作業用,【朝活】🌞朝の景色が変わる爽快洋楽BGM｜通勤・通学・作業用・気分が上がるBGM,Happia. music,245,4,1,2026-07-12T22:00:00Z,PT1H20M19S,UiN_ZtjgGDs
爽快 BGM 作業用,【爽快✨️夏🍊BGM】オレンジソーダの初夏🍊ボサノバ 2時間 | Orange Fizz Bossa Nova,AzuRE,362,5,0,2026-07-12T09:03:29Z,PT2H6M44S,nxFDkHBIc-4
爽快 BGM 作業用,【作業用BGM】爽快ドライブミックス 40分 🌃 Neon Tokyo Night Drive Mix | AnyTune,音屋-otoya bgm-,32,0,0,2026-07-10T11:41:01Z,PT40M58S,chX63_qs7Jc
爽快 BGM 作業用,【作業用BGM】夏曲メドレー2026 テンションが上がる爽快夏ヒット名曲集【ドライブ用,【DJポケモントレーナー】藤沼の一味🌙,3684,21,0,2026-07-10T08:00:16Z,PT1H29M49S,rdPeCZs6Ck4
爽快 BGM 作業用,【心音ラウンジ】真夜中の疾走 - 夜のハイウェイを駆け抜ける爽快シティポップ｜ドライブBGM・作業用・リラックス,BGM LIFE,95,2,0,2026-07-09T20:00:06Z,PT4M7S,ib3KkF9zxkk
爽快 BGM 作業用,【24時間LIVE】流すだけで気分が上がる夏の洋楽R&B Pop☀️ノリよく前向きになれる爽快プレイリスト｜作業用BGM｜Good Energy Summer,23TH Music Studio,125101,234,0,2026-07-09T01:04:07Z,P0D,u2S4PjjxTEA
爽快 BGM 作業用,【やる気スイッチON】元気が出る爽快洋楽BGM 🌈 ☁️通勤・通学・作業用・ドライブBGM,Happia. music,371,8,1,2026-07-08T22:00:22Z,PT1H14M49S,9jK3vbEsG3Y
爽快 BGM 作業用,一瞬で気分が上がる爽快洋楽ポップBGM🌈 作業用BGM・勉強用・ドライブ | テンション上がるプレイリスト | Happy Upbeat Vibes,テンションあがる洋楽BGM | Happy Upbeat Vibes,3167,27,1,2026-07-08T22:00:17Z,PT1H10M7S,69Pp3Oxwghk
爽快 BGM 作業用,【夜のドライブBGM】気分が上がる爽快BGM｜DJ Mix・EDM｜ストレス解消＆リラックス＆集中＆作業 ｜かっこいいフリー音楽,Night Sky MUSIC,4,0,0,2026-07-08T10:00:11Z,PT1H24M4S,0TWyL6y8e8U
爽快 BGM 作業用,【夜のドライブBGM】気分が爆上がる爽快洋楽BGM｜DJ Mix・EDM｜ストレス解消＆リラックス＆集中＆作業 ｜かっこいいフリー音楽,Night Sky MUSIC,107,1,0,2026-07-07T10:00:32Z,PT1H24M46S,ogYO35s5gG8
爽快 BGM 作業用,【気分UP】かわいい爽快洋楽BGM💗🎧 通勤・通学・作業用・ドライブに聴きたい洋楽プレイリスト🚙,Happia. music,248,7,1,2026-07-06T22:00:08Z,PT1H17M37S,mGtHTpdzE84
爽快 BGM 作業用,【作業用BGM】レモンの香りのように爽快に集中する30分｜勉強用・読書用・Lo-Fi,Otter Solune Records,4,0,0,2026-07-06T08:09:39Z,PT30M1S,qlIw5sgP-1g
爽快 BGM 作業用,気分が自然に上がる爽快洋楽ポップBGM🌈みんなで繋がる眩しい一日 GATHER LIGHT | 作業用・勉強用 | Happy Upbeat Vibes,テンションあがる洋楽BGM | Happy Upbeat Vibes,2621,30,1,2026-07-04T22:00:15Z,PT1H10M50S,AZ6iHUtOvr0
爽快 BGM 作業用,✨ 仕事・勉強がはかどる爽快BGM｜フル版はチャンネルで公開中！ #Shorts,WorksMusic,71,1,0,2026-07-03T12:00:06Z,PT30S,rGcGAE4f8CQ
爽快 BGM 作業用,【戦闘用BGM】Sakura Tempest｜桜吹雪を駆け抜ける爽快疾走チューン🌸作業・勉強・筋トレ用🐰,BBG- Battle Bunny Girls,47,1,0,2026-07-03T05:00:15Z,PT3M18S,kPs7PrPk3fo
爽快 BGM 作業用,【夏に聴きたい爽快EDM】青空と海を感じる洋楽プレイリスト｜ドライブ・作業用,KAZU Pop Music,1947,19,5,2026-07-02T21:30:03Z,PT2H1M26S,Hb1IW3rdgPs
爽快 BGM 作業用,【スタバBGM 】 カフェ ミュージック - 爽やかな朝、る海辺の窓辺で聴く夏7月のジャズ音楽 ☕ 集中力を高める爽快ボサノバ | 作業用・勉強用 BGM 🎉, カフェ ミュージック スタバ,34,1,2,2026-07-02T21:00:25Z,P1D,ohNOZ3m8Z5A
爽快 BGM 作業用,【集中BGM】爽快朝のケルトジャズ・カフェ - 作業用・勉強用 / Morning Celtic Jazz Cafe for Deep Work,CYBER CAFE LUNA,4,0,0,2026-07-01T05:00:36Z,PT1H37M24S,2oLyOUMjh2s
爽快 BGM 作業用,【スタバBGM 】 カフェ ミュージック - 爽やかな朝、る海辺の窓辺で聴く夏7月のジャズ音楽 ☕ 集中力を高める爽快ボサノバ | 作業用・勉強用 BGM, カフェ ミュージック スタバ,91,2,0,2026-06-29T02:28:51Z,P0D,pAdW91thHus
爽快 BGM 作業用,高速列車とジャズフュージョン。爽快。作業用BGM。High-speed trains and jazz fusion. Exhilarating. Background music for work.,Schnau Healing Cafe,35,0,0,2026-06-29T00:30:01Z,PT1H1M32S,43PvSF-q8sA
爽快 BGM 作業用,【洋楽Playlist】走り出したくなる爽快な夏の洋楽メドレー | 作業用BGM | Summer Vibes,Otoakari Cozy Vibes,2770,29,3,2026-06-29T22:00:27Z,PT2H2M48S,h1fKM8jLfB8
爽快 BGM 作業用,【Playlist】爽快爆アゲ洋楽MIX☀️真夏のテンションMAX！ドライブ＆作業用BGM｜Refreshing Golden Beats × Groove＆Groove,Sunny Pop Room,487,8,0,2026-06-29T21:30:23Z,PT2H7M23S,zaXxFDyUke0
爽快 BGM 作業用,【スタバBGM 】 カフェ ミュージック - 爽やかな朝、る海辺の窓辺で聴く夏7月のジャズ音楽 ☕ 集中力を高める爽快ボサノバ | 作業用・勉強用 BGM, カフェ ミュージック スタバ,91,2,0,2026-06-29T02:28:51Z,P0D,pAdW91thHus
爽快 BGM 作業用,高速列車とジャズフュージョン。爽快。作業用BGM。High-speed trains and jazz fusion. Exhilarating. Background music for work.,Schnau Healing Cafe,35,0,0,2026-06-29T00:30:01Z,PT1H1M32S,43PvSF-q8sA
爽快 BGM 作業用,【朝の神曲】朝から動きたくなる爽快洋楽BGM🩵🎧通勤・通学・作業用,Happia. music,508,7,1,2026-06-28T22:00:38Z,PT1H9M42S,ckGICzWV8EQ
爽快 BGM 作業用,自然に気分が上がる🌈心はずむ爽快洋楽ポップBGM｜作業用・勉強用・ドライブ・朝の気分上げ｜Happy Upbeat Vibes,テンションあがる洋楽BGM | Happy Upbeat Vibes,3688,26,3,2026-06-28T22:00:27Z,PT1H3M27S,Md5cg-jXC9E
爽快 BGM 作業用,【途中広告なし】【スタバ bgm】7月に聴きたい爽快なカフェジャズミュージック☕朝のカフェ時間を彩る爽やかなボサノヴァBGM✨一日を心地よく始めるモーニングカフェBGM,Morning Bossa BGM,19788,35,0,2026-06-28T15:25:12Z,P0D,O2IsDv2rQwk
爽快 BGM 作業用,【作業用BGM】集中力が自然と続く爽快インスト｜仕事・勉強・読書・プログラミングに,WorksMusic,115,2,1,2026-06-28T11:00:28Z,PT1H,SlWTVke3vqs
爽快 BGM 作業用,🌤️ 集中したい時に流したい爽快インストBGM #作業用BGM #Shorts,WorksMusic,40,0,0,2026-06-28T10:30:12Z,PT30S,PaMA03icuUM
爽快 BGM 作業用,【作業用BGM】爽快カフェボサノバ｜テンション上がる朝のFeel Good BGM ☕,Feel Good Groove,3,0,0,2026-06-28T02:33:34Z,PT1H1M29S,MkYuoCJUNas
爽快 BGM 作業用,【洋楽Playlist】雨上がりの青空とドライブBGM｜気分が晴れる爽快ポップソング🌈｜Feel Good Driving Songs After the Rain,Feel Good Tunes,144,2,0,2026-06-28T00:00:11Z,PT1H13M30S,q1ePxs_2ftY
爽快 BGM 作業用,【City Pop Instrumental】Glass Horizon 夏の朝の爽快ドライブ！希望に満ちた80sフュージョン 🚗🌅 - Bright Morning Drive,Restia moon,8,0,0,2026-06-27T23:43:54Z,PT2M34S,gGBcXPbFvig
爽快 BGM 作業用,[プレイリスト] 気分が爽快になる曲、カフェで聴くのにぴったりの音楽、作業用のBGM、カフェジャズ,O2 Breeze,163,8,6,2026-06-27T22:15:01Z,PT3H2M6S,5jTAKTN4HtY
爽快 BGM 作業用,一瞬で気分が上がる🌈 夏の青空を駆け抜ける爽快洋楽ポップBGM | 作業用・勉強用・ドライブ・朝の気分上げ | Happy Upbeat Vibes,テンションあがる洋楽BGM | Happy Upbeat Vibes,3735,36,3,2026-06-26T22:00:16Z,PT1H4M28S,rm--dwmsu_A
駆け抜ける BGM,【ドライブBGM】駆け抜ける街並みに合わせたい1曲 Track03 #Shorts #nightdrive #housemusic #chillvibes #emotional,Yama-Toma,1015,4,1,2026-07-26T11:00:04Z,PT31S,i6jyWl1EmMA
駆け抜ける BGM,【ドライブBGM】嵐の峠を駆け抜けるユーロビートプレイリスト,anonymous midnight radio,395,8,0,2026-07-26T10:00:07Z,PT1M22S,I2nrB3rGBzU
駆け抜ける BGM,【PlayList】真夏を駆け抜ける GIRLS ROCK｜女性ボーカル・ドライブ・ランニングBGM,Sound Pantry,3,0,0,2026-07-26T10:00:30Z,PT1H2M19S,F9atphxS-6A
駆け抜ける BGM,【アニソン系BGM和風ロックPlaylist】色をまとって駆け抜ける和風ロック｜疾走・女性ボーカル｜76分,和奏ロック堂 | Japanese Rock BGM,61,1,0,2026-07-26T09:00:36Z,PT1H16M,Wy-yaSa4BSw
駆け抜ける BGM,【ドライブBGM】嵐の峠を駆け抜けるユーロビートプレイリスト,anonymous midnight radio,54,3,0,2026-07-26T08:00:37Z,PT1H13M53S,oyb0_NvdS4I
駆け抜ける BGM,【ポケモン風BGM】南国ルートを駆け抜ける爽快バトルBGM｜作業用・勉強用・ゲーム作業用,ポケモン風BGM,29,1,0,2026-07-25T21:00:02Z,PT50M54S,FXUsMExfELQ
駆け抜ける BGM,【オリジナル曲】Golden Sway｜夕暮れの海岸線を駆け抜けるチルドライブBGM 🌅🚗,黄昏巨人,20,0,0,2026-07-25T11:18:43Z,PT3M12S,9zz8bcsh0NI
駆け抜ける BGM,【作業用BGM】夜を駆け抜けるユーロビートMIX Vol.2,RED LINE,0,0,0,2026-07-25T10:00:24Z,PT1H4M52S,SkdJy9Fy8EM
駆け抜ける BGM,【フリーBGM】下り坂を駆け抜ける青春ペダル🌟まったり/かわいい/チル/ほのぼの【作業・配信・勉強】1時間耐久,marimonBGM,9,1,0,2026-07-25T08:00:20Z,PT1H4M39S,VPwhLFfaGmQ
駆け抜ける BGM,Hip Hop Playlist 2026 vol.2 | 夜の街を駆け抜けるチルヒップホップ | 作業用・ドライブ・ワークアウトBGM,Groove Beats Room,10,2,0,2026-07-24T13:00:33Z,PT1H10M3S,rB9tjg7gPwo
駆け抜ける BGM,【作業用BGM】夜明けまで駆け抜けるAIアニメOP風メドレー｜中毒性×重低音×疾走感 × Emotional J-Rock,夜詠み,96,1,0,2026-07-24T10:00:38Z,PT37M5S,qyN_X2URok4
駆け抜ける BGM,【洋楽Playlist】Friday Night Drive｜夜を駆け抜けるHIPHOP 🔥 ダンス・ドライブ・作業用BGM｜Motivation & Urban Vibes,chamutime,23,7,1,2026-07-24T09:00:10Z,PT31M42S,U8-LxJVHE34
駆け抜ける BGM,【作業用BGM】陽だまりの路地裏、自転車で駆け抜ける夏休み 🚲 𝐒𝐮𝐦𝐦𝐞𝐫 𝐁𝐨𝐬𝐬𝐚 𝐍𝐨𝐯𝐚 𝐉𝐚𝐳𝐳 ｜リラックス・読書・おうちカフェ（4時間）,OTO BOSSA,1,0,1,2026-07-24T00:00:32Z,PT2H9M8S,aeh6p29fS7o
駆け抜ける BGM,{リラックス、軽作業}CITY POP Cheer Up!｜夏を駆け抜ける爽快シティーポップBGM,one_BGM,1,0,0,2026-07-23T16:36:55Z,PT1H16M,IO4TFDd4UDs
駆け抜ける BGM,青が終わる前に｜夏を駆け抜けるロックナンバー【AI音楽】,ZEROKILLMAN チャンネル【The BLACK WANDERLAND】AIロックバンド,72,2,5,2026-07-23T14:08:19Z,PT4M40S,rmF-e7B_Sg0
駆け抜ける BGM,【作業用BGM】夜を駆け抜けるユーロビートMIX｜Night Drive Eurobeat,RED LINE,0,0,0,2026-07-23T12:00:33Z,PT1H19M53S,RB7-nddNyus
駆け抜ける BGM,【鳥肌注意】風の草原 ｜草原を駆け抜ける爽快なAI音楽【オリジナルMV】,Night & Whisper / たかくんと愉快なAIたち,182,1,0,2026-07-23T11:28:57Z,PT22S,-2eTFbomMEQ
駆け抜ける BGM,BGM アズールレーン イベント 天空を駆け抜ける音符,Feixiaoフェイシャオ,1,0,0,2026-07-23T09:00:28Z,PT1M59S,7jCKdlsDWT0
駆け抜ける BGM,【ドライブBGM】夏の夜を駆け抜ける、1989年のエモいシティポップ | Tokyo Night Cruise City Pop Playlist,Hologram Resort,241,5,1,2026-07-22T12:16:37Z,PT1H2M7S,QTbxz_Cl4gY
駆け抜ける BGM,サマージャーニー｜灼熱の旅路を駆け抜ける変拍子サマーバトルロック【フリーBGM / 歌なし / マスロック / アニソン風 / 戦闘 / 疾走感】,Otakara BGM (お宝BGM),251,19,0,2026-07-22T11:00:32Z,PT3M39S,SX0YmS-lZP8
駆け抜ける BGM,【鳥肌注意】ネオンブルー｜光り輝く夜を駆け抜けるAI音楽【オリジナルMV】,Night & Whisper / たかくんと愉快なAIたち,40,4,2,2026-07-22T10:00:38Z,PT3M20S,aRLRVc-f3uM
駆け抜ける BGM,【作業用BGM】海沿いを駆け抜ける、晴天の休日ドライブ・ツーリングBGM 14曲 / Sunny Coast Drive & Riding Vibes,Yoshi Bike Life,8,0,0,2026-07-22T00:52:28Z,PT1H1M11S,nXD30Ous2BQ
駆け抜ける BGM,【ポケモン風BGM】勝利へ駆け抜ける南国ルートの爽快ゲーム音楽｜作業用・勉強用・ゲーム作業用,ポケモン風BGM,17,2,0,2026-07-21T21:00:33Z,PT55M14S,ivekWJ0vAlU
駆け抜ける BGM,【Bass Groove Music】重低音スラップが駆け抜けるファンクセッション｜集中・リラックス用BGM,BASS BEAT BOOM,376,13,0,2026-07-21T20:36:42Z,PT1H26M56S,NPA3lPsiXO8
駆け抜ける BGM,【夜のBGM】真夜中の湾岸線を駆け抜ける！　Midnight Bayshore Drive,BGM玉手箱〜BGM Treasure Box〜,23,0,0,2026-07-21T16:44:50Z,PT1H15M13S,K1Ky-XdOA-4
駆け抜ける BGM,【癒やし】ラベンダー畑を駆け抜けるトロッコ列車と爽やかな音楽｜LAVENDER TRAIN,AI_Uchi,245,3,0,2026-07-21T06:27:22Z,PT17S,15PGOY3Y8n4
駆け抜ける BGM,【オリジナルBGM】佐賀の夏を駆け抜けるソウルフルファンク - Summer Light Gateway - SAGA Moments,無限の余白 Project,40,0,0,2026-07-20T10:33:13Z,PT3M38S,bj5_AlZyxOA
駆け抜ける BGM,夏疾風 / Natsu Hayate - 夏を全力で駆け抜ける和風ロック / Japanese Rock AKATSUKI -暁-【J-Rock / 作業用BGM】,Japanese Rock AKATSUKI -暁-,634,34,14,2026-07-20T10:15:16Z,PT3M37S,iZKwx6agvyA
駆け抜ける BGM,夕暮れのワインディングロードを駆け抜ける,anonymous midnight radio,113,1,0,2026-07-20T10:00:27Z,PT1M12S,ebINyWtWMWc
駆け抜ける BGM,【サーフィンBGM】WAVE CHASER｜青い波を駆け抜ける夏の爽快ロック【フリーBGM】,ジルBGMチャンネル,33,3,2,2026-07-20T08:00:26Z,PT2M51S,jdqkzMglJ40
駆け抜ける BGM,【ユーロビートBGM】夕暮れのワインディングロードを駆け抜ける,anonymous midnight radio,527,8,0,2026-07-20T08:00:10Z,PT1H15M49S,maInu5YKRN4
駆け抜ける BGM,【作業用BGM】【ドライブBGM】【1時間】ユーロビート・駆け抜ける夜【著作権フリー・No Copyright】,GeminiMusic-Japan,140,5,1,2026-07-20T01:00:12Z,PT1H9S,YxOsGEc973U
駆け抜ける BGM,【ナイトドライブBGM】夜の街を駆け抜ける、未来への鼓動 | Retro Futuristic & Synthwave,Mono Sound | クリエイターのための高品質BGM,36,1,0,2026-07-20T01:00:08Z,PT3M6S,hXcontebzho
駆け抜ける BGM,"【80s City Pop 昭和レトロ】終わらない夢を抱きしめて駆け抜ける, 最高の夏海 🌊 #シティポップ  #citypop #作業用bgm #80年代 #広告なしbgm",エモイ・レコード (Emoi Records),1542,13,0,2026-07-19T10:00:36Z,PT32S,PFTpjKHp0xw
駆け抜ける BGM,【アニソン系BGM和風ロックPlaylist】雪・風・花びらが駆け抜ける和楽器ロック｜疾走・女性ボーカル｜81分,和奏ロック堂 | Japanese Rock BGM,263,4,0,2026-07-19T09:52:26Z,PT1H21M15S,6dPSWrwXfyY
駆け抜ける BGM,【作業用BGM】重低音×疾走感 J-Rock EDM mix｜潮風が駆け抜ける、覚醒。｜Focus Music,Focus Overdrive,318,9,3,2026-07-19T08:00:01Z,PT1H59M45S,YrLtBuPUZiE
駆け抜ける BGM,【作業用BGM】一瞬を駆け抜ける儚き美麗旋律 / 疾走ゴシック×メロスピ / Meilira 3rd mini album,Meilira,79,5,0,2026-07-19T07:28:04Z,PT31M24S,npXUA-3YcPQ
駆け抜ける BGM,【夜ドライブBGM】都会の夜景を駆け抜ける AOR・R&B インスト｜Night Drive Music,Sound TAXI,15,0,0,2026-07-17T15:15:46Z,PT1H5M34S,W_rOkdkc_sI
駆け抜ける BGM,【作業用BGM和風ロックPlaylist】尺八と箏が駆け抜ける和楽器ロック｜疾走・女性ボーカル｜77分,和奏ロック堂 | Japanese Rock BGM,340,11,0,2026-07-17T09:00:24Z,PT1H17M33S,71lQ8hMH0IQ
駆け抜ける BGM,夜の峠を、駆け抜ける。｜80s ユーロビート 走り屋ナイトドライブ — 80s Eurobeat Night Drive #Shorts, Lee & Koo Retro BGM,171,0,1,2026-07-17T09:00:14Z,PT17S,VyzQ1EGDT3Q
駆け抜ける BGM,夏を駆け抜けるEDM Playlist ☀️【作業用 / ドライブBGM】 Endless Summer Drive,ライチ,82,3,0,2026-07-17T08:30:03Z,PT42M32S,T62kvbKhlr4
駆け抜ける BGM,海が見える坂道をスケボーで駆け抜ける爽快感 🌊🛹Riding Down to the Ocean: The Ultimate Summer Vibes 🌊🛹,The Muse Gallery,14,3,0,2026-07-17T08:09:36Z,PT15S,_uvvvIUEYX0
駆け抜ける BGM,BGM アズールレーン イベント 天空を駆け抜ける音符,Feixiaoフェイシャオ,0,0,0,2026-07-16T09:00:37Z,PT1M27S,Oa1KKjXYdc0
駆け抜ける BGM,ユーロビート 作業用BGM｜夜の峠を駆け抜ける、走り屋の哀愁 — 80s Eurobeat / Hi-NRG Drive Instrumental, Lee & Koo Retro BGM,115,0,2,2026-07-16T08:55:26Z,PT59M14S,HQLhUUPQ8_0
駆け抜ける BGM,【ドライブBGM】ネオン輝く未来都市を駆け抜ける、80年代の郷愁 | Synthwave & Retro Future,Mono Sound | クリエイターのための高品質BGM,58,0,0,2026-07-15T01:30:18Z,PT3M21S,UQ1hngvWGqA
駆け抜ける BGM,「沖縄の海を駆け抜ける、夏の極上ドライブBGM 🌴🌊」 #作業用bgm #icequeenmoon #relaxingjazz #focusmusic, Ice Queen Moon,10,1,0,2026-07-14T13:29:06Z,PT20S,mxUnTEwlOnU
駆け抜ける BGM,【Playlist】かわいい声でクールに駆け抜ける 10曲｜作業用BGM｜Future core × Bass House｜Vocal｜BLOOM & BLADE,電脳少女RECORDS,837,23,5,2026-07-14T10:00:10Z,PT1H4M19S,nHEv-ppw6ls
駆け抜ける BGM,【ユーロビートBGM】満月のネオンハイウェイ駆け抜ける洋楽プレイリスト,anonymous midnight radio,395,6,0,2026-07-13T08:00:14Z,PT1H14M48S,KH0zBkwGwYI
駆け抜ける BGM,【しまなみ海道を駆け抜ける】カッコいいJazz Fusion BGM 🌊🎷 爽快サックスで仕事・ドライブ・作業がもっと楽しくなる！,CompactSwingjp,928,21,5,2026-07-12T21:00:31Z,PT2H9M45S,TfmGNnwCfxI
駆け抜ける BGM,【作業用BGM】Eurobeat × EDM｜女性ボーカルが角島大橋を駆け抜ける戦闘覚醒MIX｜稲妻のシーラインと嵐の初戦,峠最速Eurobeat,217,3,1,2026-07-12T19:00:33Z,PT2H26M3S,7ah6STuUHeo
駆け抜ける BGM,🌴 夏の東京ベイを駆け抜けるシティポップ｜夕暮れドライブ・夜景・リラックスBGM 🌊🎧,T0KY0 Sunset FM,73,2,1,2026-07-12T11:01:05Z,PT2H18M29S,7oIGM-Zv5rw
駆け抜ける BGM,【ドライブBGM】紅葉峠を全開で駆け抜ける,anonymous midnight radio,5582,77,0,2026-07-12T08:00:13Z,PT1H14M37S,V7iJ1CPoAn4
駆け抜ける BGM,24/7LIVE【ドライブBGM】深夜の峠を駆け抜ける洋楽playlist。,anonymous midnight radio,1289,28,0,2026-07-10T21:54:59Z,P0D,cPPJFS_TUvo
駆け抜ける BGM,【作業用BGM】Eurobeat × EDM｜女性ボーカルが蒜山高原を駆け抜ける戦闘覚醒MIX｜紅蓮のダウンヒルと散る前の刹那,峠最速Eurobeat,326,8,3,2026-07-10T19:00:33Z,PT2H16M21S,IkDYcSEpafs
駆け抜ける BGM,眠らない街を駆け抜ける、15秒の逃避行  #shorts #月夜の図書室 #作業用bgm #anime#80s #citypop,月夜の図書室~Tsukiyo Library~,237,2,0,2026-07-10T17:00:04Z,PT15S,8KbarCIMRQY
駆け抜ける BGM,【作業用BGM】首都高を駆け抜けるノスタルジーユーロビートMIX｜NEO TOKYO CHASER,Rose Garden Music - 集中・勉強・仕事が捗る作業用BGM - ,70,0,0,2026-07-10T11:00:13Z,PT41M,P5hPzbnx20E
駆け抜ける BGM,【心音ラウンジ】真夜中の疾走 - 夜のハイウェイを駆け抜ける爽快シティポップ｜ドライブBGM・作業用・リラックス,BGM LIFE,95,2,0,2026-07-09T20:00:06Z,PT4M7S,ib3KkF9zxkk
駆け抜ける BGM,【作業用BGM】Eurobeat × EDM｜女性ボーカルが霧島スカイラインを駆け抜ける戦闘覚醒MIX｜噴煙の烈火と煮え立つ初戦,峠最速Eurobeat,134,5,1,2026-07-09T19:00:31Z,PT2H22M23S,_PwI8ezgkcI
駆け抜ける BGM,BGM アズールレーン イベント 天空を駆け抜ける音符,Feixiaoフェイシャオ,6,0,0,2026-07-09T09:00:14Z,PT5M1S,frU0SSDqczg
駆け抜ける BGM,【ロックマン10】鋭き双刃が駆け抜ける！ブレードマンステージBGM【8bit】,ねろたん,54,5,4,2026-07-08T12:00:03Z,PT9M38S,KxniuZ2wwPI
駆け抜ける BGM,24/7LIVE【ドライブBGM】深夜の峠を駆け抜ける洋楽playlist,anonymous midnight radio,1408,17,0,2026-07-08T05:11:00Z,P0D,yWv4uC59_2s
駆け抜ける BGM,【フリーBGM】魔獣の森を駆け抜ける時のBGM | Shadow Blade Symphony【かっこいい・戦闘・疾走】,BGM Studio Noi,662,27,2,2026-07-07T09:00:27Z,PT3M34S,aTTLloqxjs8
駆け抜ける BGM,【東方ユーロビート】夜を駆け抜ける幻想郷ドライブ！疾走感MAX東方EUROBEAT 1時間メドレー【作業用・ドライブBGM】,JUNN MUZIC,659,12,0,2026-07-07T09:00:03Z,PT1H2M32S,uHxEdiEaYdw
駆け抜ける BGM,Summer Drive City Pop 爽快な海岸線を駆け抜ける都会派シティポップ｜Groovy Summer Instrumental,MIDNIGHT HIGHWAY RADIO,204,10,0,2026-07-06T12:24:15Z,PT6M9S,kQS1iPobxrs
駆け抜ける BGM,【重低音BGM】限界を、超えていけ。締切を駆け抜ける Deep Focus 集中ピアノ｜hiro BGM｜重厚・Piano×和楽器｜全20曲 1時間耐,hiro BGM Channel,181,5,0,2026-07-05T11:00:25Z,PT52M54S,MBqW1L5ez2M
駆け抜ける BGM,透明街路｜光の芯を駆け抜けるサイクリング｜作業用BGM・Movement Music,ムーブの時間,15,0,0,2026-07-05T03:00:39Z,PT15M51S,KkE19i-vkYI
駆け抜ける BGM,【夜のドライブBGM】煌めく都会を駆け抜ける、孤独な合成心音 | Synthwave & Futuristic Pulse,Mono Sound | クリエイターのための高品質BGM,27,0,0,2026-07-04T14:30:25Z,PT3M29S,cTSSj7iYtsA
駆け抜ける BGM,Neon Rush - 夜を駆け抜けるシティポップ・ファンク【インスト】,MIDNIGHT HIGHWAY RADIO,52,0,0,2026-07-04T12:34:50Z,PT1M30S,A3zR4zFlFhw
駆け抜ける BGM,ラル｜夏の校舎を駆け抜ける青春反乱ポップロック【フリーBGM / 歌あり / アニソン風 / 疾走感 / エモい / かっこいい】,Otakara BGM (お宝BGM),480,15,0,2026-07-04T11:00:37Z,PT4M20S,U5nyhON8a7c
駆け抜ける BGM,夏になっていました｜夏空を駆け抜ける青春ガールズロック【フリーBGM / 歌あり / アニソン風 / 恋愛 / エモい / 爽快感】,Otakara BGM (お宝BGM),632,26,0,2026-07-03T11:00:30Z,PT4M54S,WSZdPjfWjts
駆け抜ける BGM,Blue Exhaust Nitroburst：メタリックベースで駆け抜ける1時間 [作業用BGM],試閃風鈴-しせんふうりん-,44,2,0,2026-07-03T11:00:27Z,PT1H8M27S,2uMy0Z-Hsoc
駆け抜ける BGM,Smooth Jazz BGM｜高速で駆け抜けるネオンのエレクトロスウィング｜作業用・勉強用｜Night Drive Jazz,JazzRecords,455,18,1,2026-07-03T11:00:34Z,PT1H9M39S,u8rqQvfQ6p0
駆け抜ける BGM,【戦闘用BGM】Sakura Tempest｜桜吹雪を駆け抜ける爽快疾走チューン🌸作業・勉強・筋トレ用🐰,BBG- Battle Bunny Girls,47,1,0,2026-07-03T05:00:15Z,PT3M18S,kPs7PrPk3fo
駆け抜ける BGM,駆け抜ける音,Music Otorea,4,0,0,2026-07-03T02:07:32Z,PT49S,TPZZuD2Jc7w
駆け抜ける BGM,Coastline Groove —— 80sジャパニーズ・シティポップで駆け抜ける真夏の海岸線【作業用・ドライブBGM】,No Pop in Bosphorus,12,1,0,2026-07-03T02:04:36Z,PT1H28M14S,65_n1GMJHe0
駆け抜ける BGM,ポップ🎷スカ 🍋夏を駆け抜ける【作業用BGM】1時間| AzuRE - Sunny Shuffle,AzuRE,23,0,0,2026-07-02T23:26:14Z,PT1H2M26S,b9yna0OA_Vc
駆け抜ける BGM,【戦闘用BGM】Aurora Sprint｜オーロラを駆け抜ける超疾走チューン💚作業・勉強・筋トレ用🐰,BBG- Battle Bunny Girls,122,5,0,2026-07-02T23:00:29Z,PT4M1S,qBxg0xly54s
駆け抜ける BGM,【Summer Rock】夏の始まりを駆け抜けるJ Rockアルバム｜作業・ドライブBGM,Pulse Vibes_BGM Kyushu,42,3,1,2026-07-02T23:00:25Z,PT1H3M34S,7QSAAJzzYbI
駆け抜ける BGM,Midnight Bayside Drive 🚗 東京湾を駆け抜ける80sシティポップ | Jazz Fusion,MIDNIGHT HIGHWAY RADIO,72,0,0,2026-07-02T12:35:21Z,PT2M31S,R5tnYDP3Y7E
駆け抜ける BGM,BGM アズールレーン イベント 天空を駆け抜ける音符,Feixiaoフェイシャオ,8,0,0,2026-07-02T09:00:38Z,PT1M59S,bKkwR5d20r8
駆け抜ける BGM,【Playlist】烈火のごとく駆け抜ける重低音J-Rock EDM mix｜パワーアップ感×作業用BGM 覚醒集中,Focus Overdrive,221,8,8,2026-06-30T08:00:37Z,PT1H48M30S,1nKVsINniEg
駆け抜ける BGM,【ドライブBGM】深夜を駆け抜ける洋楽Playlist  |  全開ユーロビート！,anonymous midnight radio,3949,57,2,2026-06-30T08:00:09Z,PT1H7M13S,h5ZvDAOXp6M
駆け抜ける BGM,New York Lights ✨ニューヨークの夜を駆け抜けるBGM,今日も続く、ふたりの旅と音楽,29,0,0,2026-06-30T05:28:33Z,PT15M21S,AJjVFfdUkoo
駆け抜ける BGM,Harbor Lights Express ⚓ 夏の港を駆け抜ける City Pop Fusion,MIDNIGHT HIGHWAY RADIO,115,2,0,2026-06-29T14:04:45Z,PT7M37S,TqZZX3kbTFs
駆け抜ける BGM,Skyline Mirage 🌆 夜景を駆け抜ける極上 City Pop Fusion【Instrumental】,MIDNIGHT HIGHWAY RADIO,87,4,0,2026-06-29T13:06:53Z,PT6M41S,2gJzR5Iz_kw
駆け抜ける BGM,【作業用BGM】哀愁の夜を駆け抜ける 80s 哀愁バラード名曲集｜女性ボーカル・コンピレーションアルバム 【Casablanca】,Casablanca,106,6,1,2026-06-29T11:00:14Z,PT1H39M4S,hThBMdlnncU
駆け抜ける BGM,【蒼き炎は消えない】クールな旋律が駆け抜ける戦闘BGM｜蒼き残火,戦闘音楽工房 - Epic Battle Music,868,36,0,2026-06-29T09:00:26Z,PT2M29S,sD0Qrr5mOlg
駆け抜ける BGM,【1時間耐久】月曜の午後を駆け抜ける、Japanese Chill Beats 🎧｜集中・仕事・作業用BGM,chill girl music,14,0,0,2026-06-29T05:08:40Z,PT42M56S,BCjGO_Kf8YQ
駆け抜ける BGM,【爆速ピアノジャズ】駆け抜ける超絶技巧Piano Trio｜High Speed Jazz Fusion #PianoJazz #StudyMusic #FocusMusic,LBTL | Loop & Blue Tokyo Lounge,483,6,1,2026-06-28T22:00:08Z,PT1M,FqV2UAWaaE4
駆け抜ける BGM,【爆速ピアノジャズ】駆け抜ける超絶技巧Piano Trio｜High Speed Jazz Fusion #PianoJazz #StudyMusic #FocusMusic,LBTL | Loop & Blue Tokyo Lounge,107,1,0,2026-06-28T12:49:58Z,PT36S,7QSmXDeIaj4
駆け抜ける BGM,【ヴァイオリンBGM】疾走感×ハネリズム！スイングヴァイオリンで駆け抜ける冒険の旋律,ビージ🌷マネフォミー楽しみ隊員です🌷,40,0,0,2026-06-28T10:04:25Z,PT4M45S,W1dCKaMTz4k
駆け抜ける BGM,夏のハワイを駆け抜ける爽やかシティポップBGM｜海沿いドライブ・Tropical Coastal Drive Music,店舗で使えるBGMチャンネル,53,1,0,2026-06-27T21:00:21Z,PT1H10M53S,n9avSn-83XI
駆け抜ける BGM,Summer Drive City Pop | 爽快な海岸線を駆け抜ける都会派シティポップ｜Groovy Summer Instrumental,MIDNIGHT HIGHWAY RADIO,643,9,0,2026-06-27T13:53:16Z,PT2M12S,uEQeZGUPZUg
駆け抜ける BGM,【和風Playlist】蒼刃の疾走｜女性ボーカル×三味線×重低音で駆け抜ける和風ロックBGM, A.S Works,3855,117,4,2026-06-27T12:00:12Z,PT1H14M7S,1nBFG8tj3y8
駆け抜ける BGM,Smooth Jazz BGM｜ネオンを駆け抜けるアシッド・ジャズ＆ファンク｜作業用・勉強用｜Night Drive Jazz,JazzRecords,1183,35,4,2026-06-27T11:00:06Z,PT1H11M44S,gq5taU9Vjtc
駆け抜ける BGM,BGM アズールレーン イベント 天空を駆け抜ける音符,Feixiaoフェイシャオ,9,0,0,2026-06-27T09:00:16Z,PT1M40S,eyACNKhNqg0
駆け抜ける BGM,一瞬で気分が上がる🌈 夏の青空を駆け抜ける爽快洋楽ポップBGM | 作業用・勉強用・ドライブ・朝の気分上げ | Happy Upbeat Vibes,テンションあがる洋楽BGM | Happy Upbeat Vibes,3735,36,3,2026-06-26T22:00:16Z,PT1H4M28S,rm--dwmsu_A
シネマティック BGM,【中国時代劇風BGM】Silken Resolve｜弦と古琴が描く、芯の強さを秘めた決意,中国ドラマの余韻BGM,0,0,0,2026-07-26T11:00:31Z,PT3M6S,AQdbmbN5pQQ
シネマティック BGM,❤️‍🩹 Emotional Waltz Piano｜Cinematic Instrumentals｜Dark Academia｜ Focus Music｜雨の日睡眠用BGM｜ピアノ音楽｜癒しのピアノ,LoversWaltz,3,2,0,2026-07-26T09:00:16Z,PT57M25S,Yy0GIdV1uu8
シネマティック BGM,【シネマティック昭和】映画のワンシーンのような哀愁の70年代音楽,哀愁の純喫茶BGM,3,0,0,2026-07-25T17:00:09Z,PT1H10M57S,Hhg6L_IP3NA
シネマティック BGM,星砂のラビリンス｜幻想アラビアン×シネマティック｜よっしー音楽ラボ,よっしー音楽ラボ,6,0,0,2026-07-25T15:32:39Z,PT3M9S,M1D2XRsobmQ
シネマティック BGM,Veil of Ashes【作業用BGM / Work BGM】| 閃光の彼方に,閃光の彼方に,7,0,0,2026-07-25T12:16:07Z,PT3M5S,VzNKRqxNCqw
シネマティック BGM,堕落湿度 | ねっとりとした夜に聴くWET SONG | Short音楽動画　#shorts #music,VOXLUV Clips,122,0,0,2026-07-25T11:15:37Z,PT9S,EYxeC8pRilM
シネマティック BGM,Demon Slayer - Encounter (Infinity Castle) | Intense Focus BGM (1 Hour Tense Cinematic Ambient),Flow State Tokyo,929,13,2,2026-07-25T11:00:35Z,PT1H2M59S,mIRvzK450ZQ
シネマティック BGM,【シネマティック音楽ドラマ】「私たちはもう一度、恋に落ちる」1959年春のロンドン、たった一日の奇跡｜ロンドン・ノスタルジック・ミュージック,ロンドン・ノスタルジック・ミュージック,50,0,1,2026-07-25T10:57:34Z,PT4M23S,A1aqiTcHot8
シネマティック BGM,【フリーBGM】禁断の一手が、世界を壊す。｜ONE FORBIDDEN MOVEWILL SHATTER THE WORLD｜Epic Dark Fantasy OST,Silent Mod - 壮大ラスボス戦BGM工房,514,0,0,2026-07-25T10:30:20Z,PT1M9S,-IuZUN4QILc
シネマティック BGM,[4K Tokyo Drive] Midnight Cruise: City Lights & Chill BGM【4K】深夜の東京、静寂と光のシネマティック・ドライブ　眠れない夜に贈る至福のひととき,TOKYO Taxi Driver Artist,151,1,0,2026-07-25T10:00:17Z,PT31S,sOiAM_NI_G8
シネマティック BGM,鶴の恩返し ～千年越しの恋～｜和風AIシネマティックMV,妖魔録 - Yoma Roku,87,4,2,2026-07-25T10:00:07Z,PT3M26S,ys9mKYdhvUw
シネマティック BGM,【フリーBGM】禁断の一手が、世界を壊す。 / One Forbidden Move Broke the World | Epic Dark Fantasy OST,Silent Mod - 壮大ラスボス戦BGM工房,3,0,0,2026-07-25T10:00:24Z,PT3M8S,mmVYqptOrH0
シネマティック BGM,Fireworks over the Sumida River | 夏の終わりの和風シネマティック音楽 – Raika,Raika – The Blue-Eyed Ronin,48,2,1,2026-07-25T05:28:30Z,PT2M33S,LlySH-7Ubzo
シネマティック BGM,真夏の朝に聴きたいスティールパンSP!! |あなたの朝が映画のワンシーンになるBGM | SteelPanMusic That Makes Your Summer Morning Cinematic.,OTONOBA,1062,19,0,2026-07-24T21:00:28Z,PT1H11S,mp6wBAo0Gw8
シネマティック BGM,Shadow in Velvet【作業用BGM / Work BGM】| 閃光の彼方に,閃光の彼方に,12,0,0,2026-07-24T14:28:56Z,PT2M49S,j6peUTUtKVg
シネマティック BGM,[Fantasy BGM] Rosebound Garden | Cinematic Guitar & Piano for Focus and Work,Seven Tales BGM,0,0,0,2026-07-24T12:00:28Z,PT1H42M6S,XTb7y90ymZo
シネマティック BGM,【作業用BGM】深夜に一人で浸る、昭和ハモンドオルガン・ジャズ,Velvet Lounge Kyoto,11,0,0,2026-07-24T11:30:11Z,PT1H52S,rYA_e3vpZO0
シネマティック BGM,【フリーBGM】ハリウッド映画の予告で流れそうな壮大なBGM「Awakening」【Epic Trailer Music/壮大/かっこいい/トレイラー】,EpicOrderSounds,68,3,0,2026-07-24T11:30:59Z,PT1M50S,f8-ZoyW2pPI
シネマティック BGM,【和太鼓×神々BGM】夜だけが世界を照らした｜月読命 - Tsukuyomi,和楽器ラボ - Wagakki Lab,24,2,1,2026-07-24T11:00:20Z,PT31M1S,X0xXVLAn2OA
シネマティック BGM,【4K Cinematic】社長秘書の朝｜一流秘書Yuunaの静かな始業前ルーティン｜知性と品格が宿るExecutive Secretary Story｜癒し・映画風・シネマティック｜通常 サイズ,Eternity Tv Next,3974,85,3,2026-07-24T11:00:17Z,PT9M50S,4ueUf2C48_Y
シネマティック BGM,【4K Cinematic】社長秘書の朝｜一流秘書Yuunaの静かな始業前ルーティン｜知性と品格が宿るExecutive Secretary Story｜癒し・映画風・シネマティック｜携帯２ サイズ,Eternity Tv Next,2269,47,9,2026-07-24T11:00:06Z,PT9M50S,qmc7xGAz3O8
シネマティック BGM,【重低音BGM】遅れてきた分、駆けろ。巻き返しの Deep Focus 集中ピアノ｜戦国六武将「政宗」｜重厚・Piano×和楽器｜全20曲 1時間耐久,hiro BGM Channel,84,2,0,2026-07-24T11:00:12Z,PT1H6M2S,u_WYJBMgMYU
シネマティック BGM,流すだけで映画みたいな夜になる、チルピアノBGM｜作業・読書・リラックス｜Cinematic Piano,Chill More Hours,225,12,0,2026-07-24T10:30:36Z,PT3M1S,6b7oSrPUzow
シネマティック BGM,昭和レトロ喫茶店BGM｜1986年、待ち合わせの席｜スローワルツ＆スロータンゴ,fe,29,0,0,2026-07-24T10:17:59Z,PT2H20M33S,0wNbzPFKLuk
シネマティック BGM,UNICORN — Four Visions｜4つのシネマティック・アレンジ【GUNDAM UC BGM】,Hoshi AI Music,4209,134,3,2026-07-18T05:28:27Z,PT13M47S,9DO-qn45oH0
シネマティック BGM,クライマックスの雨｜AIで作ったシネマティックBGM,Yuo,1,0,0,2026-07-16T01:32:37Z,PT2M35S,6D3MHhlNypQ
シネマティック BGM,【フリーBGM】最後の希望。｜ONE LAST HOPE | Epic Cinematic Fantasy｜ Epic Final Boss Battle,Silent Mod - 壮大ラスボス戦BGM工房,72,1,0,2026-07-04T08:23:38Z,PT2M54S,8emBJyaax3o
シネマティック BGM,流すだけで映画みたいな夜になる、チルピアノBGM｜作業・読書・リラックス｜Cinematic Piano,Chill More Hours,521,28,1,2026-07-24T10:00:16Z,PT1H4S,gkjKFA-wOUQ
シネマティック BGM,蒼空の奇跡｜感動のアニメソング｜壮大なシネマティックJ-POP｜オリジナル楽曲,青空ノート,44,2,0,2026-07-24T08:29:00Z,PT3M57S,EWKFUmZ9uMc
シネマティック BGM,Angel's Ladder #music #シネマティック音楽 #悲しい音楽 #疾走感 #嵐の音楽 #AI音楽 #Shorts,イル ,263,1,0,2026-07-24T08:00:36Z,PT31S,AapOvqbXUEs
シネマティック BGM,ミッドナイトの囁き | シネマティックミステリー | Velvet Noir Lounge,GhibliPulse,0,0,0,2026-07-24T08:00:32Z,PT28M,e5rX_gJDz3c
シネマティック BGM,ミッドナイトの囁き | シネマティックミステリー | Velvet Noir Lounge,GhibliPulse,0,0,0,2026-07-24T08:00:11Z,PT28M,aIY-2_3lcR0
シネマティック BGM,【Royalty-Free BGM】『Scholar theme』JRPG冒険シネマティックファンタジーオーケストラ３【Cinematic Fantasy BGM・作業用BGM】,【著作権フリーBGM】ぷるっと企画チャンネル,15,2,0,2026-07-24T08:00:32Z,PT1M48S,6urvkCfz4qo
シネマティック BGM,『Moonfall Requiem - 崩れゆく月が奏でる最後の誓い -』#epicmusic  #ゲーミングBGM  #シネマティック音楽  #ごろごろスタジオ,ごろごろスタジオ[song],13,3,0,2026-07-24T03:15:13Z,PT1H55M32S,Mv3SNMN9G0U
シネマティック BGM,【4K Chill】Tokyo Sunset Drive: Haneda to Kiba & Chill BGM【4Kリラックス】曇り空の夕景。羽田〜木場、心落ち着くハイウェイクルーズ,TOKYO Taxi Driver Artist,4,0,0,2026-07-23T11:04:47Z,PT31S,Hw_isg9P12k
シネマティック BGM,【重低音BGM】最後まで、突き抜けろ。不屈の Deep Focus 集中ピアノ｜戦国六武将「幸村」｜重厚・Piano×和楽器｜全22曲 1時間耐久,hiro BGM Channel,39,1,0,2026-07-23T11:00:30Z,PT1H10M15S,mWrTuHd8wmk
シネマティック BGM,心まで溶けて｜夏の朝から夕暮れへ流れる透明感チルロック【フリーBGM / 歌なし / エモい / 癒し / 夏 / シネマティック】,Otakara BGM (お宝BGM),156,13,0,2026-07-23T11:00:23Z,PT5M15S,dYv3W7VeOUs
シネマティック BGM,【フリーBGM】神の遺産を奪うのか、人を信じるのか｜THE GOD'S LEGACY STEAL IT OR TRUST HUMANITY｜Epic Dark Fantasy OST,Silent Mod - 壮大ラスボス戦BGM工房,313,0,0,2026-07-23T10:30:28Z,PT1M7S,h4BeMYzZBAE
シネマティック BGM,【フリーBGM】神の遺産を奪うのか、人を信じるのか。 | Epic Dark Fantasy OST,Silent Mod - 壮大ラスボス戦BGM工房,7,0,0,2026-07-23T10:00:39Z,PT2M14S,M3JvEEfixTA
シネマティック BGM,【4K Chill】Tokyo Midnight Drive: Relaxing City Lights & Chill BGM【4K】真夜中の東京、眠れない夜に贈る。静寂のシネマティック・ドライブ,TOKYO Taxi Driver Artist,13,1,0,2026-07-23T10:00:19Z,PT29S,7gEUJbMwmuw
シネマティック BGM,"【原神】塵、雨の如く(ウージエン生態圏入口)～シネマティックRemix～ / Dust Cascade""Ungien's Circle"" ~Cinematic Remix~【アレンジ】",HiSalcA -Music Channel-,66,3,0,2026-07-23T09:00:12Z,PT4M36S,qwH8wRQO5HM
シネマティック BGM,【Cinematic Celtic / 異世界ケルトBGM】The Eternal Garden - 永遠の庭【癒しBGM】3時間,Bard's Journey,42,0,1,2026-07-23T09:00:16Z,PT3H41M38S,sIrgKweS2oQ
シネマティック BGM,吉原の月 EP.1 「初めての灯り」| シネマティックOST,Soluven,413,5,0,2026-07-23T04:50:39Z,PT41S,s5oTkJvYNcc
シネマティック BGM,Dark Jazz & Noir Trip-Hop // Cinematic Music for Lonely Night Drives,Midnight Noir,3470,63,7,2026-07-22T13:00:38Z,PT2H8M12S,1DcS_j4TYkI
シネマティック BGM,❤️‍🩹 Emotional Piano｜Cinematic Instrumentals｜Dark Academia Piano｜ Sleep Music｜雨の日睡眠用BGM｜ピアノ音楽｜癒しのピアノ,LoversWaltz,92,3,0,2026-07-22T12:13:32Z,PT58M25S,NqnuNsprR2s
シネマティック BGM,美人秘書の静かな朝。 #AI美女 #秘書 #癒しBGM,シネマティックAI美女画廊 - Relaxing BGM -,62,0,0,2026-07-22T12:00:27Z,PT23S,PGvbiwzmAjI
シネマティック BGM,癒しのネイチャーポップ 🎹 Cinematic Emotional Pop 🌊 Gentle Ocean Echoes | Relaxing Chill Pop,Gentle Echo Ambient Pop ,24,1,1,2026-07-22T11:00:29Z,PT42M57S,KrnjulSNAcM
シネマティック BGM,【重低音BGM】常識ごと、焼き払え。革新を突き詰める Deep Focus 集中ピアノ｜戦国六武将「信長」｜重厚・Piano×和楽器｜全20曲 1時間耐久,hiro BGM Channel,4,0,0,2026-07-22T10:30:09Z,PT57M,hO00entVA-s
シネマティック BGM,【4K Chill】Tokyo Daytime Drive: Refreshing Blue Sky & Chill BGM【4Kリラックス】澄み渡る空。羽田〜渋谷、心洗われるシネマティック・ドライブ,TOKYO Taxi Driver Artist,254,1,0,2026-07-22T10:00:01Z,PT31S,b-Q2XXmpFag
シネマティック BGM,Wall Of Light ✨ Epic Cinematic Rock #shorts #rock #作業用bgm,TSURU,0,0,0,2026-07-22T05:01:10Z,PT1M1S,gtYBLazCwBo
シネマティック BGM,【2時間】 Morning JazzおしゃれなJazz Hop・作業用・勉強用・リラックスBGM☀️ Weekend Bakery Walk,Osaka Cozy Studio,23,1,0,2026-07-21T21:00:22Z,PT2H30M25S,QwipUlNTwWE
シネマティック BGM,【あなたの朝が映画のワンシーンになるBGM-3時間まとめ-】何気ない朝をドラマチックに彩る特別な音楽  | Music That Makes Your Morning Cinematic.,OTONOBA,360,10,0,2026-07-21T21:00:07Z,PT3H,JloETd5Exs4
シネマティック BGM,【エピックファンタジーBGM】天空都市エーテリア 🏙️ シネマティック全6章｜作業用・集中用に,Neural OS Radio,22,0,0,2026-07-21T13:48:14Z,PT23M50S,fuQ9jGX5_pk
シネマティック BGM,【4K Chill】Tokyo Midnight Drive: Relaxing City Lights & Chill BGM【4K】真夜中の東京、眠れない夜に贈る。静寂のシネマティック・ドライブ,TOKYO Taxi Driver Artist,5,0,0,2026-07-21T11:49:07Z,PT11M2S,5sE4QKNDoFg
シネマティック BGM,"【フリーBGM】封印の底で、神が目を開く。 | Deep Beneath the Seal, the God Opens Its Eyes |Epic Dark Fantasy OST",Silent Mod - 壮大ラスボス戦BGM工房,184,0,0,2026-07-21T10:30:17Z,PT1M13S,X_WQGHWRruU
シネマティック BGM,Cinematic Tokyo Night: Relaxing Drive  & Chill BGM  シ【ネマティック東京ナイト 】リラックスドライブと癒しBGM #Cinematic#sleep,TOKYO Taxi Driver Artist,1283,6,0,2026-07-21T10:06:13Z,PT31S,1GStuEvWqHg
シネマティック BGM,【フリーBGM】深海神殿の覚醒 | Awakening of the Abyssal Temple | Epic Dark Fantasy OST,Silent Mod - 壮大ラスボス戦BGM工房,9,1,1,2026-07-21T10:00:22Z,PT3M14S,HE0TvYMK6zA
シネマティック BGM,Cinematic Tokyo Night: Relaxing Drive  & Chill BGM  シ【ネマティック東京ナイト 】リラックスドライブと癒しBGM #Cinematic#sleep,TOKYO Taxi Driver Artist,214,4,0,2026-07-21T09:36:17Z,PT25M,pR3Rmk7EbL8
シネマティック BGM,【Cinematic Celtic / 異世界ケルトBGM】The Twilight Border - 黄昏の境界【作業用BGM】3時間,Bard's Journey,10,1,1,2026-07-21T09:00:10Z,PT3H2M21S,dP6rHbMQQ0A
シネマティック BGM,【フリーBGM】Cinematic Nostalgia【Lo Fi チルアウト シネマティック 作業用 没頭 エモい】 #nocopyrightmusic #lofi #フリーbgm,Sound Eve / フリーBGM,26,1,0,2026-07-21T03:00:25Z,PT1M48S,uBTbbfusZD0
シネマティック BGM,北極圏フィヨルドの24時間孤独 🌌 シネマティック・アンビエントとノルウェージャンフォレストキャット｜大自然への没入｜作業用BGM,Zen Heart Flow State,27,1,0,2026-07-21T00:00:19Z,PT59S,WsT6Cl9pw4A
シネマティック BGM,吉原の月 EP.3 「月下の誓い」| シネマティックOST,Soluven,54,4,1,2026-07-20T21:58:40Z,PT3M55S,HcwPZfzuWUQ
シネマティック BGM,【作業用・フリーBGM】 AIで生成 シネマティックで広大な空の旅のBGM,AI BGM library ,7,0,0,2026-07-20T14:50:44Z,PT2M52S,Gp1CyK6BUZM
シネマティック BGM,【重低音BGM】義を貫け、迷わず。雑念を断つ Deep Focus 集中ピアノ｜戦国六武将「謙信」｜重厚・Piano×和楽器｜全20曲 1時間耐久,hiro BGM Channel,64,4,0,2026-07-20T11:00:38Z,PT57M55S,KYJChaolW4E
シネマティック BGM,【ドラマ仕立てBGM】大正ロマン・大正浪漫「大銀座の賞金稼ぎ」,昭和Vibes BGM ,1205,4,0,2026-07-20T08:45:22Z,PT20S,_hOz1xAtPxo
シネマティック BGM,🌌 Milky Way Summer Night | Cinematic Instrumental Music Under the Stars • 3 Hours,JUNI.C,98,3,0,2026-07-20T01:00:25Z,PT2H44M31S,emphg-fMjhA
シネマティック BGM,The Fire We Carry 🔥 | Epic Tribal Cinematic Suite – Emotional Orchestral & Vocal Journey,Pat e Oltre”– Visioni e Storie,19,1,2,2026-07-19T18:30:34Z,PT8M31S,juHc5Rc00VQ
シネマティック BGM,【未来創造用BGM】すべてがうまくいき始めた感覚のための音楽｜Everything Is Working Out｜1 Hour Music for Future Visualization,The Soundtrack of Your Future,32,3,0,2026-07-19T11:54:22Z,PT1H2M41S,64xo8Qf6etc
シネマティック BGM,四季のピアノメドレー｜春夏秋冬を感じる癒しの音楽 🌸☀️🍂❄️   Four Seasons Piano Medley   Relaxing Music,Calm Room,70,2,1,2026-07-19T11:00:22Z,PT2H8M35S,0ldTT9zSUg4
シネマティック BGM,【重低音BGM】疾く、動け。最短で仕留める Deep Focus 集中ピアノ｜戦国六武将「信玄」｜重厚・Piano×和楽器｜全20曲 1時間耐久,hiro BGM Channel,79,2,0,2026-07-19T11:00:15Z,PT54M17S,qzgb4gyjJjQ
シネマティック BGM,夕立シネマティック,SPACEY PLASTIC - Topic,13,0,0,2026-07-19T10:04:42Z,PT3M46S,o2imkY6V8as
シネマティック BGM,【フリーBGM】World Invasion【シネマティックベース/敵勢力テーマBGM】,【フリーBGM制作】rh_yme,25,1,0,2026-07-19T09:00:07Z,PT2M51S,PKrDkA01HxQ
シネマティック BGM,❤️‍🩹 Emotional Piano｜Cinematic Instrumentals｜Dark Academia Piano｜ Sleep Music｜雨の日睡眠用BGM｜ピアノ音楽｜癒し,LoversWaltz,20,3,0,2026-07-19T08:31:14Z,PT57M15S,1YtslXMwNiI
シネマティック BGM,Hold the Light 🌅 Cinematic BGM #shorts #cinematic #作業用bgm,TSURU,0,0,0,2026-07-19T03:48:29Z,PT1M1S,MI8rr6tiHtA
シネマティック BGM,【フリーBGM】雷神演舞【和風シネマティック ヘヴィメタル パワフル ドラム ギターリフ】,Sound Eve / フリーBGM,18,0,0,2026-07-19T03:30:23Z,PT2M48S,75PqeipaaOk
シネマティック BGM,幻想のベイルート  リラックス音楽で世界旅行Around the World in Music Cinematic Soundscape  Beirut Mosaic Skies,Demmiy BGM,0,0,0,2026-07-19T03:27:11Z,PT1H19M54S,j5P4jgHF_UU
シネマティック BGM,🎺 テンションが上がる、大人のビッグバンドジャズ | Cinematic Big Band Jazz,Amber Radio,81,0,1,2026-07-19T03:09:08Z,PT57M37S,5anfAT4TOTg
シネマティック BGM,【感情爆発】UNBREAKABLE / 立ち上がれ、翼を張れ | 映画級シネマティック×重低音ロック　#shorts #symphonicmetal #femalefrontedmetal   #ai,Yozoraのうた,179,1,1,2026-07-19T02:45:33Z,PT39S,UTfR25J8KWM
シネマティック BGM,映画みたいな朝になるBGM｜かけ流すだけで心地よく始まる、爽やかなシネマティック音楽,Chill More Hours,206,11,0,2026-07-18T22:30:20Z,PT3M1S,_Jwr-GpLclI
シネマティック BGM,映画みたいな朝になるBGM｜かけ流すだけで心地よく始まる、爽やかなシネマティック音楽,Chill More Hours,251,9,0,2026-07-18T22:00:38Z,PT1H5M1S,4R-zzcgX1nU
シネマティック BGM,【無料/Free】シネマティック・サイバーアクション動画「NEO-NINJA」【実写風/縦型OP/BGM付き】 #suno #ai #動画生成ai,入り江わに@生成曲とたまに川柳,24,0,0,2026-07-18T16:05:30Z,PT26S,R4mkL9_rt_o
シネマティック BGM,カフェ店員の癒しの一日。 #AI美女 #カフェ #作業用BGM,シネマティックAI美女画廊 - Relaxing BGM -,29,0,0,2026-07-18T12:00:34Z,PT23S,DmBH_OExkXI
シネマティック BGM,【フリーBGM】怪物ではなく、守護者だった| NOT A MONSTERBUT A GUARDIAN| Epic Dark Fantasy OST,Silent Mod - 壮大ラスボス戦BGM工房,458,2,0,2026-07-18T10:30:31Z,PT1M6S,6HEnFbfFFtU
シネマティック BGM,【重低音BGM】一撃で、終わらせろ。最速で燃焼する Deep Focus 集中ピアノ｜風林火山「雷」｜重厚・Piano×和楽器｜全20曲 1時間耐久,hiro BGM Channel,86,1,0,2026-07-18T10:30:30Z,PT56M41S,2rdUJq1CZag
シネマティック BGM,【フリーBGM】深海の神 - 深淵の守護者 - | Deep Sea God - Guardian of the Abyss  | Epic Dark Fantasy OST,Silent Mod - 壮大ラスボス戦BGM工房,11,0,1,2026-07-18T10:00:09Z,PT3M19S,RlMos9jt67M
シネマティック BGM,ALL SYSTEMS GO | Cinematic Focus Drive – Locked In / 眠くならない作業用BGM,気まぐれ朗読のあきら,20,0,0,2026-07-18T10:00:00Z,PT1M1S,mfAWMh60G1g
シネマティック BGM,【Cinematic Celtic / 異世界ケルトBGM】The Moonflower Field - 月見草の野【睡眠用BGM】3時間,Bard's Journey,20,0,1,2026-07-18T09:00:03Z,PT3H25M36S,xABVmgy7LYA
シネマティック BGM,"""The Cabin at World's End   |  Cinematic Ambient Piano |.",Forest Whisper8,88,2,0,2026-07-18T08:00:28Z,PT29M7S,-Uo0pmkKcUI
シネマティック BGM,吉原の月 EP.2 「扇の間で」| シネマティックOST,Soluven,514,5,1,2026-07-18T04:12:13Z,PT3M23S,osaQTKkM5jc
シネマティック BGM,【睡眠用シネマティックBGM】QUIET CAMPFIRE 〜焚き火のひととき〜 / 西部劇の夜を思わせる癒しの音楽,NICOIR,7,1,0,2026-07-18T01:33:09Z,PT2M44S,5WrRr-PF6gc
シネマティック BGM,【作業用BGM】深海で整う音楽｜途中広告なし｜Low Frequency Cinematic Ambient｜作業・勉強・睡眠・瞑想・リラックス｜The Ocean Memory,Anthems for Life,65,6,5,2026-07-18T00:02:53Z,PT1H14M23S,pcf87DBwUUY
シネマティック BGM,雨が降る朝を、映画のワンシーンに変えるBGM--3時間まとめ- | Cinematic Ambient  Rainy Day Music,OTONOBA,633,21,0,2026-07-17T21:00:22Z,PT3H5M36S,DQZl7mU2KqM
シネマティック BGM,星の向こうへ｜Cinematic Journey,夜灯AIミュージック,5,0,0,2026-07-17T13:52:52Z,PT1M31S,8lIa7TZZlgk
シネマティック BGM,メランコリックな夜 | シネマティックなダークジャズサウンドスケープ | Dark Velvet Jazz,Dark Velvet Jazz,70,2,0,2026-07-17T12:24:58Z,PT4M,kzPcoMKr7JM
シネマティック BGM,【AI美女×作業用BGM】カフェ店員の一日｜Cinematic AI Beauty Lookbook,シネマティックAI美女画廊 - Relaxing BGM -,146,4,0,2026-07-17T12:00:32Z,PT8M2S,l8Dj5q6dr7M
シネマティック BGM,Final Fantasy IX - Melodies of Life | Epic Focus & Study BGM (1 Hour Ethereal Orchestral Opera),Flow State Tokyo,1416,53,5,2026-07-17T11:00:10Z,PT1H1M17S,ZUW8tPy9UMY
シネマティック BGM,【フリーBGM】感情を殺すな｜ Don't Kill Your Emotions｜Emotional Dark Fantasy,Silent Mod - 壮大ラスボス戦BGM工房,214,0,0,2026-07-17T10:30:36Z,PT1M3S,Fw5lZPTB0R8
シネマティック BGM,【Cinematic Celtic / 異世界ケルトBGM】The Harvest Moon - 実りの満月【睡眠用BGM】3時間,Bard's Journey,63,1,1,2026-07-17T09:00:24Z,PT3H11M50S,cmTH2HB06DQ
シネマティック BGM,星の向こうへ — Cinematic Journey,夜灯AIミュージック,2,0,0,2026-07-17T09:00:21Z,PT1M31S,rGfQz67gcQU
シネマティック BGM,【勝負曲・エピックBGM】TURNING TIDE 〜絶望からの逆転〜 / 逆境を燃やす壮大シネマティック・インスト,NICOIR,41,0,0,2026-07-17T00:00:22Z,PT3M49S,Yp1ce4dL8Tk
壮大 BGM 作業用,【BGM】-壮大で幻想的な-劇伴風BGM集vol.1┊オリジナル曲┊映画みたいなファンタジー音楽,RiA-りあ-,6,0,0,2026-07-26T12:56:07Z,PT53M42S,1gGt6ZhfzvM
壮大 BGM 作業用,【LIVE】孤高の侍｜24時間 壮大な和風エピック音楽・古の武士道・作業用・睡眠用・瞑想BGM,音楽と茶道,11,0,0,2026-07-26T10:58:35Z,P0D,LV28ITYBnJM
壮大 BGM 作業用,冒険の扉が今、開かれる｜壮大なファンタジーBGM集　作業・ゲーム・読書・TRPG,one_BGM,2,0,0,2026-07-25T14:25:21Z,PT2H15M30S,KhhPr9fFjTU
壮大 BGM 作業用,【作業用BGM】Aurorism - Code Authorizer | 激しく儚く壮大なMETALを聴きたいときに♪,さらさら,67,8,4,2026-07-23T10:00:35Z,PT39M20S,TI7qwXBwq-Q
壮大 BGM 作業用,感情が爆発する作業用・集中用・神エピックBGM♪ Goosebumps Epic Music♪,おぢぽよのBGMギャラクシー ODI☆POYO's Background Music Galaxy,75,4,0,2026-07-21T10:18:23Z,PT1H12M10S,FUhI5SPTmbU
壮大 BGM 作業用,【作業用BGM】天空の城塞に響く壮大なBGM|作業用・勉強用 1時間ループ概要欄【エピック音楽】,音楽とショートを楽しもう,16,1,0,2026-07-21T04:19:48Z,PT57M49S,2ttVLRh2gpc
壮大 BGM 作業用,戦国の夜に響く侍の伝説｜24時間 和風エピック音楽・魂を震わせる壮大BGM・作業用・睡眠用・瞑想,音楽と茶道,56,1,0,2026-07-20T10:37:28Z,PT1H54M41S,J-_1L-Zylv0
壮大 BGM 作業用,女神転生I・II 「ダイダロスの塔BGM」壮大(以上)にアレンジしてみた,0yumi0,78,4,7,2026-07-19T22:46:23Z,PT2M16S,VwflIeormh0
壮大 BGM 作業用,侍の魂、孤独なる武士道｜24時間 和風エピック音楽・壮大な戦国BGM・作業用・睡眠用・瞑想・集中用,音楽と茶道,70,1,0,2026-07-18T10:00:26Z,PT1H10M32S,Xsi3MFnGWOI
壮大 BGM 作業用,【Suno AI】EP『すずめの夜廻』5曲全曲まとめ【壮大シネマティック/作業用BGM】,momonga5356,15,1,0,2026-07-18T09:00:34Z,PT24M44S,svFlFgMazwo
壮大 BGM 作業用,【ケルト音楽】🎵 作業用・睡眠用・学習用 など ｜⚔️ 王国を守るために剣を掲げる魔法剣士｜Epic Fantasy BGM,ケルト音楽魔法- BGM,53,0,0,2026-07-18T04:01:17Z,PT1H2M41S,A2jgYhkrhmA
壮大 BGM 作業用,【LIVE】孤高の侍｜24時間 壮大な和風エピック音楽・古の武士道・作業用・睡眠用・瞑想BGM,音楽と茶道,103,1,0,2026-07-16T23:42:25Z,PT11H55M,Fr0JZ9DGOXw
壮大 BGM 作業用,Epic Space Anime Saxophone II 🎷 銀河をゆく壮大サックスジャズ【作業用BGM・勉強用BGM】,Osaka JAZZ,40,1,0,2026-07-16T10:00:01Z,PT22M25S,aUWuaNWIrFw
壮大 BGM 作業用,【作業用エピック】STORM RISING 〜星海の戦士〜 / 心が燃える壮大なバトルシネマティック,NICOIR,22,2,0,2026-07-16T09:32:50Z,PT4M40S,DXBEKINpSr0
壮大 BGM 作業用,【作業用BGM】天空の城へ！ジブリ風オーケストラ 壮大な冒険BGM 2時間耐久 | 勉強・読書・睡眠用 (Ghibli Style Orchestral Music),Cozy BGM Lounge,3,1,0,2026-07-16T08:00:00Z,PT1H56M39S,Bt1OoMRI5Fw
壮大 BGM 作業用,【作業用シネマティックBGM】THE LONE WANDERER 〜荒野の守り人〜 / 心を奮い立たせる壮大な映画音楽,NICOIR,27,2,0,2026-07-16T00:00:22Z,PT3M42S,6dpuHWotp9U
壮大 BGM 作業用,【ケルト音楽】壮大な世界観に浸る《90min》世界の始まりを記した祭壇【作業用/読書用/勉強用BGM】,Aetherial Celtic,88,3,0,2026-07-15T10:00:22Z,PT1H31M46S,lz2ZSKjet0Q
壮大 BGM 作業用,【壮大ハイファンタジー物語】星導の旅人 ⚔️ シネマティック全6章＋オーケストラBGM｜作業用・睡眠用に,Neural OS Radio,20,1,0,2026-07-14T02:38:14Z,PT28M30S,dXDMvxWizJg
壮大 BGM 作業用,【異世界ファンタジーBGM】Episode.67 星降りの丘【作業用・勉強用BGM】“Calming Fantasy Music – Relaxing & Soothing Soundscape”,World Adventures,50,0,0,2026-07-13T08:30:15Z,PT53M33S,Pu4YNTD09mc
壮大 BGM 作業用,【壮大ハイファンタジー物語】星導の旅人 ⚔️ シネマティック全6章＋オーケストラBGM｜作業用・睡眠用に,Neural OS Radio,20,1,0,2026-07-13T04:21:57Z,PT28M30S,pXyymiZr_j4
壮大 BGM 作業用,クリエイター妄想脳BGM作業用カプリス,宮古島発信 フユオバア,29,1,1,2026-07-12T20:59:24Z,PT36M33S,MTGhyKANkrE
壮大 BGM 作業用,【異世界ファンタジーBGM】Episode.66 星を読む少女【作業用・勉強用BGM】“Calming Fantasy Music – Relaxing & Soothing Soundscape”,World Adventures,78,1,0,2026-07-10T09:00:04Z,PT1H8M32S,NuKp0alZUYg
壮大 BGM 作業用,【作業用】異世界に転生した気分になれる壮大なファンタジーBGM【神曲ケルト】,Healing Fantasy,181,4,0,2026-07-10T06:00:05Z,PT1H52S,Vg9R7wOYPvM
壮大 BGM 作業用,【作業用・フリーBGM】AIで生成 壮大・幻想的な中華BGM②,AI BGM library ,19,0,0,2026-07-09T09:11:31Z,PT1M59S,O-liN65DswU
壮大 BGM 作業用,【作業用・フリーBGM】AIで生成 壮大・幻想的な中華BGM,AI BGM library ,33,0,0,2026-07-09T09:10:30Z,PT2M59S,jdkTk6cDHqA
壮大 BGM 作業用,青い炎 - ピアノ　　【1時間耐久】ピアノが紡ぐ壮大なシネマティックBGM【Epic Cinematic / Ambient / 勉強・作業用・睡眠用】,Astral Voyage Japan,98,5,2,2026-07-09T02:51:31Z,PT1H3M33S,qFLZDkCMK1o
壮大 BGM 作業用,【作業用BGM】壮大なラスボス戦風オーケストラ,アロワナ🐟,43,1,0,2026-07-07T05:29:30Z,PT16M13S,LTwfPLtMW-0
壮大 BGM 作業用,2.   今日も最高 #fantasy #寝落ち音楽#chill #music #作業用 #bgmi,Background Music Studio,270,3,1,2026-07-05T14:31:58Z,PT51S,L40CcGTH6Og
壮大 BGM 作業用,【異世界ファンタジーBGM】Episode.64 少年の決意【作業用・勉強用BGM】“Dawn of Battle – Epic Fantasy War Music”,World Adventures,44,2,0,2026-06-28T09:00:26Z,PT1H13S,2NQo76VLz3k
壮大 BGM 作業用,【和風BGM】「八幡」神と鬼が相対す壮大な物語の和風曲【作業用・勉強用BGM】,八雲音楽工房 【和風BGM】,14,3,0,2026-06-28T06:30:16Z,PT51M15S,s6rOMGKtyRI
壮大 BGM 作業用,【MAD/GMV】ヴァンピール(VAMPIR)／【フリーBGM】蒼き戦旗と古の風 Ver 1｜戦場に響く、壮大なケルト風ファンタジーBGM！【作業用・戦闘・RPG】AI編集,特技は穴掘りナノ,40,5,2,2026-06-27T16:58:23Z,PT3M33S,lmkiRT0y9Yc
壮大 BGM 作業用,【異世界ファンタジーBGM】Episode.63 威圧する眼光【作業用・勉強用BGM】“Battle Against the Black Wolf Fang – Epic Fantasy Music”,World Adventures,42,0,0,2026-06-27T09:00:28Z,PT1H12S,p2H3tAQ8uXE
epic cinematic music,Batida Fantasma 👻 | Epic Cinematic Portuguese Music | Dark Emotional Soundtrack | No Copyright Vibes,Nanst,1,0,0,2026-07-26T18:58:52Z,PT2M50S,U2unwJJA49Q
epic cinematic music,POMPEII | Epic Cinematic Music | Original Soundtrack (4K) Ultra HD,PLAi Studio,0,0,0,2026-07-26T18:00:06Z,PT3M9S,egNxIWm-Sz0
epic cinematic music,Titan's Legacy | Epic Cinematic Music for Power and Destiny,Epic Ascension Music,0,0,0,2026-07-26T18:00:05Z,PT1H3M58S,RIZKi1eWc6w
epic cinematic music,Echoes of Infinity | Indian Classical × Western Fusion | Epic Cinematic Music | Original Song (4K),Manas Babu _Official _Studio,4,1,0,2026-07-26T17:36:15Z,PT7M25S,gr6c5cxrBgI
epic cinematic music,Requiem - ( Dark Epic Choral Music)  Full Album  Epic Cinematic Orchmestral,Vox Cantos,2,0,0,2026-07-26T17:00:31Z,PT1H34M48S,YYlCxluJfWM
epic cinematic music,Worldbreaker | Massive Epic Cinematic Trailer Music,Dawnfall AI,0,0,0,2026-07-26T16:00:19Z,PT2M43S,U45iGLX0fC4
epic cinematic music,Shahnoza Vohidova ✨ Oʻzbek Sevgi Qoʻshigʻi | Uzbek Love Song • Epic Cinematic Music,AI Feddy Studio,229,1,0,2026-07-26T15:55:01Z,PT3M50S,tYKbg_1w0kY
epic cinematic music,🇵🇱 Poland | Epic Cinematic Orchestral Music | The Spirit of Poland,StoryWave Music,36,4,0,2026-07-26T15:45:31Z,PT2M50S,GoHc9G18a_4
epic cinematic music,Epic Cinematic Background Music Vol. 18 [No Copyright - Royalty Free] Nova Revenant,Zylo – Music for Creators,2,0,0,2026-07-26T15:45:16Z,PT3M6S,XduQ74Wqud0
epic cinematic music,Epic Cinematic Background Music Vol. 18 [No Copyright - Royalty Free] Nova Revenant,Zylo – Music for Creators,32,1,0,2026-07-26T15:45:03Z,PT25S,jHrs7kFT-0U
epic cinematic music,💥Heart of Courage💥 #music #shorts,𝐞𝐦𝐩𝐢𝐫𝐞 𝐦𝐮𝐬𝐢𝐜,0,0,0,2026-07-26T15:41:02Z,PT35S,Q9s-SvuuHDY
epic cinematic music,Sky Fire Anthem - Epic Cinematic Power Music 2026 | شعلة السماء,دوزان - Dawzan,120,1,0,2026-07-26T15:02:39Z,PT52S,RfuNB27CwKo
epic cinematic music,SERAPHIS — Epic Cinematic Music | Majestic Orchestral Symphony (Full Album),Ajlirz,18,1,0,2026-07-26T15:00:06Z,PT1H2M35S,Q9YpqbO0Ii8
epic cinematic music,I Am Not the Silence | Dark Epic Cinematic Music,Glowborn Vision,96,23,4,2026-07-26T15:00:18Z,PT5M6S,Ieti53_yc_Y
epic cinematic music,Path of Glory (epic cinematic music ),sommerwind,2,0,1,2026-07-26T14:59:08Z,PT3M56S,Iidoo6IdYRo
epic cinematic music,Epic Music 2026 / Cinematic Orchestral Trap #shorts  #music #epicmusic #cinematicmusic,XYON,1288,18,2,2026-07-26T14:05:37Z,PT25S,yu7Kuoo48DI
epic cinematic music,Epic Cinematic Trailer Music | No Copyright Background Music | Royalty Free Instrumental,NoCopyrightMusicIndia,0,0,0,2026-07-26T14:05:13Z,PT3M30S,rTpjaCES8fk
epic cinematic music,Hati yang Tak Pernah Reda - Emotional Epic Cinematic Music | NAAOKI OFFICIAL,NAAOKI Official,0,0,0,2026-07-26T14:00:38Z,PT4M8S,la377LYqbbo
epic cinematic music,Copyright Free | Orchestral Trailer Music | Epic Cinematic March Soundtrack,MahaTunes,5,0,0,2026-07-26T13:50:07Z,PT3M31S,uv6ZgZuf0qE
epic cinematic music,Pure driving therapy with epic cinematic music #relaxingdrive #thecrewmotorfest #epicmusic,Unwinding Rides,21,0,0,2026-07-26T13:34:21Z,PT1M1S,cE2sndgdlbw
epic cinematic music,Rise Above The Storm - Epic Cinematic Orchestral Music,KING_LOVEff,0,0,0,2026-07-26T12:30:08Z,PT2M11S,nNnVJEgfEv0
epic cinematic music,Epic Cinematic - After Dark,Nocturne'Aria,144,0,0,2026-07-26T12:05:06Z,PT25S,0IIPrCtTiEc
epic cinematic music,ODIN | The Allfather's Sacrifice - Epic Cinematic Viking Music,Mythic Rise,0,0,0,2026-07-26T10:44:20Z,PT0S,HhCvApFgM5I
epic cinematic music,One Guitar. One Moment. Infinite Power. | Ø ⚡ Epic Cinematic Rock,ZERO Evolution,267,3,0,2026-07-26T11:41:28Z,PT17S,7q-1gmuihYM
epic cinematic music,Bulgaria Relaxation Film in 4K - Epic Cinematic Music - 4K Video Ultra HD,Relaxation Landscapes Film Music,453,8,1,2026-07-22T16:12:18Z,PT3H8M38S,t_hGWzPHhis
epic cinematic music,RISE AGAIN | Epic Cinematic Motivational Music | ECHONOVA_KL,EchoNova_KL,109,18,7,2026-07-22T14:56:38Z,PT3M40S,E72UH3VVYQ8
epic cinematic music,Epic Cinematic Music | Eternal Vow Theme - Powerful Epic Music Mix and Trailer Soundtracks,Heroic Epic Vibes,538,12,2,2026-07-22T10:03:07Z,PT2H1M40S,WFmIW-yXazE
epic cinematic music,Samurai Battle Festival ⚔️ |  Epic Cinematic Japanese EDM Music,NeonRift Beats,8,2,0,2026-07-26T10:45:09Z,PT3M23S,RQx3l8ZFvB8
epic cinematic music,Mahadev in the Sci-Fi Multiverse | Epic Cinematic Visuals #mahakal #bajrangbali #scifiart,Srishti Vision,0,0,0,2026-07-26T10:25:27Z,PT14S,cIvIkIQsy7M
epic cinematic music,KURMA AVATAR – PART 2 | Kurma Avatar Ka Divya Prakatya | Epic Cinematic AI Film | Krishna Vani,KrishnaVani_Official,10,5,0,2026-07-26T09:30:25Z,PT9M17S,iGiZDqlwC_M
epic cinematic music,The Ghost King Awakens - Epic Dark Cinematic Music 🎧 #music #sidhu #video #Darkmusic #epicsong,Sidhu,1,0,0,2026-07-26T09:10:02Z,PT2M25S,baKKTM_D6Cs
epic cinematic music,Frozen Horizon | Epic Cinematic Orchestral Music(short version),Tzyma,26,0,0,2026-07-26T09:00:15Z,PT1M29S,1gOW0ctLm5E
epic cinematic music,Ash Over Europe | Epic Cinematic Music,BLACK PULSE,11,1,0,2026-07-26T07:45:49Z,PT3M30S,LCSyBP-Dgjw
epic cinematic music,Come To Me|Epic Cinematic Music | Wild Fields,Wild FieldsUA,1251,26,0,2026-07-26T07:16:41Z,PT19S,WAmYJ0-tQrQ
epic cinematic music,Blood and Thunder | Epic Cinematic Music | Dark Fantasy | Heroic Orchestral Soundtracks,siyah Wolf,2,1,0,2026-07-26T06:29:33Z,PT3M34S,fS1kbXRclCA
epic cinematic music,Indian Instrumental Fusion | Epic Cinematic Music | No Copyright Music for Powerful Content,Copyright Free Music,4,0,0,2026-07-26T06:30:05Z,PT1M29S,MzEoKipM7kg
epic cinematic music,Celestial Garden | Epic Cinematic Fantasy Music | Aeloria,Aeloria Music,3,1,1,2026-07-26T05:00:48Z,PT2M38S,Igeq5Av8gbY
epic cinematic music,Jai Bajrangbali 🚩 | Sankat Mochan Hanuman Ji | Epic Cinematic 4K #Shorts #bajrangbali,Chaitanya Avhad,1195,49,0,2026-07-26T04:00:28Z,PT16S,OECey6ZZ2YI
epic cinematic music,🇵🇱 Poland | Epic Cinematic Music #shorts #orchestralmusic  #soundtrack #epicsoundtrack #instrumental,StoryWave Music,53,5,0,2026-07-26T03:45:35Z,PT45S,zRchHATqvag
epic cinematic music,"🎵 Fantasy Cinematic, Epic, Cinematic Music ""Sable Crown  "" | 99 BPM | 2026",Lunar Pain Cinematic Music,23,0,0,2026-07-26T01:30:39Z,PT3M15S,7jxfVkO28Is
epic cinematic music,Epic Cinematic Tribal Chase Music with Driving Percussion and Dark Atmosphere,ADU PUKUL,32,0,0,2026-07-26T01:00:35Z,PT54S,COIUU7-rePI
epic cinematic music,WERKUDORO (BIMO) – Javanese Gamelan x EDM Fusion | Epic Cinematic Music | Ultra Bass,Swarawana,374,17,2,2026-07-26T00:49:29Z,PT6M49S,AHSfkaadHBU
epic cinematic music,Draupadi Ki Pukar | Krishna Saves Draupadi | Epic Cinematic Devotional Song | Mahabharat 2026,Rakesh Sharma,58,2,0,2026-07-26T00:30:14Z,PT1M,62mCnXEf4_w
epic cinematic music,Hero Signal ⚡ | Epic Future Bass & Melodic EDM 2026 | Original Music by DJ RAYMUD,RAYMUD,59,1,2,2026-07-25T23:18:29Z,PT38S,PbhdsLxTdCg
epic cinematic music,Feel the Fire 🔥 | Epic Cinematic Music | Powerful Vocal Anthem (Official Music Video) #shorts,Usa Music Short,10,0,0,2026-07-25T22:00:38Z,PT30S,hQkzwgMzZuk
epic cinematic music,Rise of Legends | Epic Cinematic Orchestral Music,Epic Cinematic,193,7,0,2026-07-25T22:00:24Z,PT3M59S,iuqyWoPZFtY
epic cinematic music,Epic Cinematic Music – Oceans of Fire | The Frequency of Creation (Track IV) | Orchestral-Electronic,IA Song ,2,0,0,2026-07-25T21:41:58Z,PT3M27S,q-xCC4hXgok
epic cinematic music,The Fallen Angel's Last Stand | Epic Cinematic Music,ShahrzadAimusic,28,2,0,2026-07-25T18:24:31Z,PT3M26S,a_ws9o7J85E
epic cinematic music,IRON WILL | Epic Cinematic Dark Trap Motivational Anthem | Powerful Deep Male Voice,WaveMotelRecords,11,0,0,2026-07-25T17:53:52Z,PT2M23S,1jpKvXpeIoI
epic cinematic music,Epic Cinematic Music:  Rise of the Usurper King • Dark Medieval War Music,Epic Cinematic Music Channel ,6,1,0,2026-07-25T17:05:57Z,PT4M1S,et0RXee2Jdk
epic cinematic music,THE FIRE THRONE 🔥 | Epic Cinematic Hero Entry BGM | Ajith Mass Theme | Powerful Orchestral #bgm,Ashissh,22,1,0,2026-07-25T16:31:43Z,PT2M45S,FYZjCFNT-E0
epic cinematic music,"#DreamTrackAI Epic cinematic jungle music, powerful drums, mysterious atmosphere, heroic adventure",Armanin,405,22,3,2026-07-25T16:32:14Z,PT11S,2kbwdtkwT-U
epic cinematic music,🔥 Best Live Concert Moments 2026 | Cinematic Performance | Epic Music Vibes #Shorts,Your's Video 2.O,1396,40,2,2026-07-25T16:02:28Z,PT39S,ZyZUCVe_4Oc
epic cinematic music,Ashes Into Stars  | Epic Cinematic Pop Anthem 2026 | EchoVibe Music,Heart Touching Songs,17,0,0,2026-07-25T16:00:17Z,PT3M21S,Y2JeQNt7rWQ
epic cinematic music,The Promise | Emotional Epic Cinematic Music,Far Reach,7,0,0,2026-07-25T16:00:18Z,PT3M38S,NLPUofGXS0w
epic cinematic music,Echoes of PORTUGAL 🇵🇹 – Mufx.K (Official Music Video) | Epic Cinematic World Music #youtube #shorts,TIMELESS CHRONICLES,744,26,0,2026-07-25T15:51:30Z,PT3M1S,e1xkpmyGRF8
epic cinematic music,The Crystal Waltz – Kamila Malik | Epic Cinematic Symphonic Classical Violin Solo #epicmusic #waltz ,Kamila Malik,19,2,0,2026-07-25T15:30:06Z,PT3M1S,Zu53YQa5ShA
epic cinematic music,Gym Edit Template CapCut Audio ⚡ Epic Cinematic Background Music for Fitness Creators,BASS VISION ,65,1,0,2026-07-25T15:00:15Z,PT16S,HQjmyRJEOo4
epic cinematic music,"""Epic cinematic Lord Mahadev meditating  Mount Kailash, glowing divine aura, mystical clouds, ultra-",@SurajVerse,1476,127,0,2026-07-25T13:53:12Z,PT11S,_zkYu_1lO1I
epic cinematic music,WE ARE THE HEROES ⚒️🔥 | Epic Cinematic Viking Music | Fast-Paced Battle Music | Viking Song Mix,Fjord Legacy | Viking Phonk,2,0,0,2026-07-25T13:00:10Z,PT1H31M16S,x32H-L9KMA4
epic cinematic music,If Amazing Grace was Epic Cinematic Battle Music (Minor Key Cover) #christian #epic #battle #music,Christ Content,30,1,0,2026-07-25T13:00:23Z,PT36S,IDs3jrUZuEo
epic cinematic music,🌿 Spirit of Papua | The Birth of Raja Ampat | Epic Cinematic Music,MysticNusantaraWave,357,30,4,2026-07-25T12:00:24Z,PT3M31S,p-WtTmRIBUY
epic cinematic music,Epic Cinematic Viking Anthem | Emotional Norse Warrior Song #Viking #Valhalla #VikingMusic #EpicMusi,KELVORN,171,3,0,2026-07-25T11:30:36Z,PT22S,J8F4FeB9A88
epic cinematic music,"Free Epic Cinematic Music for Videos - ""Weight of the Iron Sky""",Sonixira Studio,8,6,0,2026-07-25T11:07:51Z,PT2M20S,5pW_vL6P9HM
epic cinematic music,⚔️ Wonder Woman Edit 👑 | Epic 18DP Music | DC Cinematic Edit #shorts,CINEMA ,1108,22,0,2026-07-25T11:01:53Z,PT16S,GYI2iQHlKTk
epic cinematic music,Bloodbound ⚔️ Epic Viking Rap | Nordic Cinematic Music #vikings #norse #dubstep #epicmusic,Klaen Venn,1042,18,0,2026-07-25T11:00:26Z,PT37S,eD26Qi6ZV1Q
epic cinematic music,Hybrid Orchestral Epic Cinematic During The Storm - Chaotic Cinematic Music,Veiled Empire,1,0,0,2026-07-25T10:08:09Z,PT5M18S,93xhmV6pVNo
epic cinematic music,Epic Cinematic Background Music Vol. 17 [No Copyright - Royalty Free] Nightflare,Zylo – Music for Creators,152,2,0,2026-07-25T10:00:26Z,PT23S,oN8TGG-wSn4
epic cinematic music,Epic Cinematic Background Music Vol. 17 [No Copyright - Royalty Free] Nightflare,Zylo – Music for Creators,27,0,0,2026-07-25T10:00:23Z,PT3M1S,HbejRwpykaA
epic cinematic music,Into the Fire | Epic Cinematic Rock | Powerful Inspirational Music,Dj Skemea,48,1,0,2026-07-25T09:35:23Z,PT4M3S,kGjFEObNPWw
epic cinematic music,A Slow Turn | Epic Cinematic Emotional Music | Copyright Free Background Music,EchoVerse Music,113,0,0,2026-07-25T09:00:29Z,PT31S,hvrSLpLs8aI
epic cinematic music,🚩 जब प्रकट हुए श्री बजरंग बली 🔥 | Epic Cinematic Hanuman VFX | Jai Bajrang Bali 🙏#shorts #yt,Divine Raj Creations,1239,40,0,2026-07-25T08:36:19Z,PT17S,IQKMjw_pNXQ
epic cinematic music,HEART ATTACK – Demi Lovato (Epic Cinematic Orchestral Version) | Orchestral Empire,Orchestral Empire,971,39,2,2026-07-25T08:15:31Z,PT4M25S,oAS7vc1bqNI
epic cinematic music,Light Through Eternity — Walking Into Forever | Cinematic Fantasy Music | Aeloria #fantasy #epic,Aeloria Music,1228,50,5,2026-07-25T07:43:55Z,PT31S,QeCzlTEMJ_I
epic cinematic music,Moonlit Empire - Epic Cinematic Turkish Hüzün | Turkish Sad Music,Broken Radio ,172,8,2,2026-07-25T07:00:15Z,PT30M42S,14Ni_d3J9VU
epic cinematic music,Intense Fight  | Epic Cinematic  Background Music { Original Mix },OST Music Factory,66,8,5,2026-07-25T06:13:10Z,PT1M35S,7HA0Daj_LCQ
epic cinematic music,EPIC CINEMATIC MUSIC | The Rise of a Hero ⚔️ Powerful Orchestral Fantasy Music,Rebel Studio,63,4,0,2026-07-25T06:00:31Z,PT3M20S,V3EKla3yE6E
epic cinematic music,⚡ Shiva Tandavam Awakens Mahadev | Epic Himalayan Shiva Cinematic 🔱 #ShivaTandavam,tunetrendzz01,6743,882,4,2026-07-25T05:30:20Z,PT41S,NrDFlHUp_aE
epic cinematic music,🔥 महाकाल गर्जनम् 🔥⚡ महाकाल गर्जनम् | सुनते ही रोमांचित हो जाएंगे | Powerful Mahadev Bhajan #shorts,ShilpeeOfficial,770,35,0,2026-07-25T05:06:38Z,PT28S,vrQ_lNxgmfw
epic cinematic music,"《黎明的遠征》｜希望與勇氣的史詩交響樂 Epic Cinematic Music｜Epic Hope, Courage & Ambition Vol.1",華語時光音樂館,100,3,1,2026-07-25T05:00:19Z,PT7M2S,SlreLiWxDMA
epic cinematic music,🇿🇦 South Africa | Epic Cinematic Music #shorts #orchestralmusic #epicorchestra #soundtrack,StoryWave Music,61,4,0,2026-07-25T03:45:14Z,PT45S,PLrCsjqOYis
epic cinematic music,👽Desert Rhythm vs Frozen Monster | Epic Cinematic Music😱#YouTubeShorts#MonsterAwakens#Viral😱,AI Snap USA,0,0,0,2026-07-25T03:03:58Z,PT4M5S,QRpBT6KS_0s
epic cinematic music,THRONE OF THE STORM ⚔️🌩️ | Only Legends Rise | Epic Cinematic Rap Anthem #Shorts,Nightfall Echo,88,0,1,2026-07-25T03:00:13Z,PT44S,IidrLceYPVk
epic cinematic music,Epic Cinematic Tribal Apocalypse Music with Explosive Impacts and Dark Doom Atmosphere,ADU PUKUL,148,0,0,2026-07-25T01:00:20Z,PT22S,xZIeFPtiy6I
epic cinematic music,Shadow of Pagoda - Ancient Chinese War Music | Epic Cinematic Sound,Towards Epic Chinese,150,6,0,2026-07-25T00:32:57Z,PT1H2M37S,NSmpziH0AWc
epic cinematic music,Epic Cinematic Music - Gravity's Hymn | The Frequency of Creation Track III | Orchestral/Electronic,IA Song ,5,0,0,2026-07-24T23:55:19Z,PT2M32S,s-aPpIsgbCU
epic cinematic music,Never Knew You — Epic Cinematic Remix #shorts #cinematicmusic #music #epicsoundtrack,THRENNAR,48,1,0,2026-07-24T23:41:40Z,PT19S,kr5d39riLmI
epic cinematic music,Where Hearts Still Beat – Epic Orchestral Cinematic Music,NovaAura,135,9,0,2026-07-24T23:00:17Z,PT1M11S,iaF35hpkWCE
epic cinematic music,Iron Chant | Epic Female Vocal Performance 🎤🔥 | Cinematic Music Shorts,Usa Music Short,1676,67,0,2026-07-24T22:00:24Z,PT14S,XzWolRLhHQo
epic cinematic music,The Last Siege | Epic Cinematic Music Remix,Echoes Of The Force,6935,7,3,2026-07-24T22:00:05Z,PT4M,6oqa540-Frg
epic cinematic music,Void- Epic Cinematic Music,Heeba,5,0,0,2026-07-24T21:47:45Z,PT3M25S,Xg7cF8_kjdk
epic cinematic music,Pov you just composed an epic cinematic soundscape #music #musician #composer #fyp #youtubeshorts,Tobin Randall,705,2,0,2026-07-24T21:27:48Z,PT1M5S,7_yXON0mNak
epic cinematic music, I Found The Edge Of Infinity ✨ | Epic Cinematic Orchestral Music | KATRIN SORA,KATRIN SORA,37,1,0,2026-07-24T21:02:30Z,PT2M45S,MgCjCrD2KWQ
epic cinematic music,Blood and Honor | Epic Viking Battle Song | Cinematic Music 2026,DreamWave Music,79,0,0,2026-07-24T19:14:57Z,PT4M2S,PP2jorD_xRs
epic cinematic music,Story of a Warrior ⚔️ | Epic Cinematic Music | Powerful Motivation,OnYourRhythm,9,0,0,2026-07-24T19:04:24Z,PT2M4S,zEeTX9fomaY
epic cinematic music,Conquering the Peaks by TimTaj — Epic Motivational Cinematic Music,TimTaj,29,0,0,2026-07-24T18:45:14Z,PT3M1S,ZT3HGpSvbUY
epic cinematic music,Eclipse - Titanic Resolve (1-Hour Epic Cinematic Music Mix for Focus & Creativity),visidee-ai,7,0,0,2026-07-24T18:17:09Z,PT1H1M46S,C9JYcl1S_vo
epic cinematic music,18 000 Worlds- Epic Cinematic Song 🌌✨,Vibe Realm,314,5,0,2026-07-24T18:15:22Z,PT24S,2UFzIkCVy3U
epic cinematic music,THE LAST TITAN ⚔️ Epic Cinematic Music | Original Soundtrack | 4K Ultra HD,PLAi Studio,36,0,0,2026-07-24T18:00:17Z,PT4M37S,QrzFvHWmmyE
epic cinematic music,Above the Clouds ☁️✨ | Epic Cinematic View #shorts #afrohouse #music #aimusic #deephouse,MusicNova.,55,3,0,2026-07-24T17:51:38Z,PT46S,TPaT9Fi798I
オーケストラ 戦闘 BGM,【和風戦闘BGM】限界を、喰らえ。Devour Your Limits｜緋鬼姫 HIONIHIME｜和楽器×オーケストラ,緋鬼姫-HIONIHIME,138,5,1,2026-07-26T01:10:35Z,PT41M27S,7TI-Yqiafnw
オーケストラ 戦闘 BGM,【1時間】戦闘曲BGM/SRPG/RPG/ゲーム/オーケストラ/Epic Orchestral Battle Music - Break The Destiny,Sacred Orchestra,2,0,0,2026-07-24T11:55:17Z,PT1H3M37S,AgqA5xulKQU
オーケストラ 戦闘 BGM,【和風戦闘BGM】迷いを、斬れ。Cut Through Doubt｜緋鬼姫 HIONIHIME｜和楽器×オーケストラ,緋鬼姫-HIONIHIME,43,0,1,2026-07-23T20:52:34Z,PT40M19S,zI8OoTVRoN0
オーケストラ 戦闘 BGM,【有料BGM素材】Quantum Reflection｜疾走感あるエレクトロ戦闘BGM｜透明感/綺麗【ロイヤリティフリーBGM】,Prismatic Tone,631,40,2,2026-07-23T08:00:00Z,PT3M18S,M19TrL5iCno
オーケストラ 戦闘 BGM,【和風戦闘BGM】内なる鬼を、放て。Unleash Your Inner Oni｜緋鬼姫 HIONIHIME｜和楽器×オーケストラ,緋鬼姫-HIONIHIME,24,0,1,2026-07-22T21:04:04Z,PT40M30S,xnJatElTOOM
オーケストラ 戦闘 BGM,【オーケストラ戦闘BGM】師弟の決戦｜熱い作業用バトルBGM｜ラスボス・ボス戦,KOUKA Fantasy Music – 光華隊,4,0,0,2026-07-22T14:25:51Z,PT39M34S,gAyntDjA4tA
オーケストラ 戦闘 BGM,【RPGバトルBGM】葬送バトルシリーズ 血月覇獣ヴォルグラズ戦 重厚オーケストラの戦闘メドレー,Battle Music Girls,55,2,3,2026-07-22T11:47:49Z,PT58M37S,SpGp87EbdVE
オーケストラ 戦闘 BGM,【作業用BGM / 戦闘曲】Bittersweet Boss Battle｜Epic Orchestral Rock Boss Battle Music【60 Min】,WhiteWhaleBGM / しろくじらBGM,32,2,0,2026-07-22T11:00:14Z,PT1H3M17S,eahz-LrpAw8
オーケストラ 戦闘 BGM,【戦闘BGM】神が見捨てた聖女に悪魔だけが手を差し伸べる｜BLUE ROSE HERESY -黒き祝福に染まる聖女-【フリーBGM・ゴシック・ダーク・かっこいい・作業用・ゲーム実況】,Rhymix Studio,108,8,0,2026-07-22T08:00:08Z,PT4M30S,JfWBUHquDiY
オーケストラ 戦闘 BGM,Into the Fray｜Epic Japanese Battle Music (和風戦闘BGM),Gameflow Tunes Tokyo,2307,79,6,2026-07-21T12:00:07Z,PT47M28S,zXGLfeASFTc
オーケストラ 戦闘 BGM,【作業用・戦闘BGM 1時間】蒼き騎士の凱旋｜勝利へ駆ける壮大なオーケストラ戦記｜Epic Fantasy Music,Arcathrive,0,0,0,2026-07-21T10:23:03Z,PT1H4S,BWHsS8Pfw0w
オーケストラ 戦闘 BGM,ヒューマンバグ大学 BGM 【「電撃戦」戦争・戦闘・軍事系オーケストラ 】,夜月,607,7,11,2026-07-21T10:16:58Z,PT1M50S,P0x2hmzUUZ4
オーケストラ 戦闘 BGM,【作業用BGM／1時間】戦闘モードに入る疾走系JRPGバトルメドレー｜YutoRhythm Battle Mode Vol.2,ゆとリズム yuto-rhythm,142,4,0,2026-07-18T13:00:34Z,PT1H31S,Ai7fB6AJ1Yc
オーケストラ 戦闘 BGM,【1時間】戦闘曲BGM/SRPG/RPG/ゲーム/オーケストラ/Epic Orchestral Battle Music - Arcadia,Sacred Orchestra,4,0,0,2026-07-18T12:01:32Z,PT1H3M45S,X0sofPmWmzo
オーケストラ 戦闘 BGM,【フリーBGM】ラストバトル4【JRPG/オーケストラ系ミックス/ロック/バトル/戦闘/ラスボス/壮大/神秘的/かっこいい】[ 素材(そざい)、音源(おんげん)、無料、free ],音空間,96,0,0,2026-07-17T14:43:50Z,PT4M22S,656APKaX2gY
オーケストラ 戦闘 BGM,Make Your Move｜Epic Japanese Battle Music (和風戦闘BGM),Gameflow Tunes Tokyo,2413,98,8,2026-07-17T12:00:11Z,PT41M5S,Cv3FueqSJE8
オーケストラ 戦闘 BGM,【戦闘BGM】黒薔薇が咲くたび死者が目を覚ます｜GOTHIC OF THE DEAD -死者に咲く黒薔薇-【フリーBGM・ゴシック・ダーク・かっこいい・作業用・ゲーム実況】,Rhymix Studio,173,15,2,2026-07-17T08:00:22Z,PT3M57S,fJiR41fEHck
オーケストラ 戦闘 BGM,【ゼノブレイド2】戦闘!!｜和ロック×ケルト×ピアノオーケストラ AIアレンジ【作業用BGM】,Catget,233,7,0,2026-07-17T07:00:04Z,PT5M31S,5ElZNSgFp6Y
オーケストラ 戦闘 BGM,Switch to Battle Mode｜Epic Japanese Battle Music (和風戦闘BGM),Gameflow Tunes Tokyo,3435,108,6,2026-07-14T12:00:35Z,PT41M,BoScVsz3hnw
オーケストラ 戦闘 BGM,【2026 Remaster】摩訶摩訶（マカマカ ）通常戦闘BGM｜クセになる名曲をリマスター【SFC】,CHAOS OPERA,301,10,0,2026-07-13T12:34:29Z,PT1M47S,5WH6ds4JPm4
オーケストラ 戦闘 BGM,【造語合唱曲】ボス戦闘曲/ゲーム/RPG/アクション/オーケストラ/ロック/Epic Orchestral Rock Battle Music - Destruction,Sacred Orchestra,9,0,0,2026-07-13T12:31:16Z,PT3M58S,WCzvWkdKitM
オーケストラ 戦闘 BGM,【BGM】強欲なる収奪 - 異形なる簒奪者 #ダーク #ダークファンタジー#ラスボス #戦闘 #ボス戦 #民族音楽 #悪役 #WorldFusion #蛇 #財宝 #轟絶 #モンスト#shorts,クェルボ公爵,373,3,1,2026-07-13T08:00:34Z,PT59S,qZzIBxOGTqg
オーケストラ 戦闘 BGM,【BGM】強欲なる収奪 - 異形なる簒奪者【ダーク/ダークファンタジー/ラスボス/戦闘/ボス戦/民族音楽/モンスト/悪役/WorldFusion/轟絶/蛇/財宝】BGMアレンジ　轟絶BGM　モンスト,クェルボ公爵,92,1,1,2026-07-13T08:00:27Z,PT3M4S,esjaiGGTD3o
オーケストラ 戦闘 BGM,重厚な戦闘曲【フリーBGM】dark orchestral BGM / Force of Darkness_2【作業用BGM・素材】 #shorts,【著作権フリーBGM】ぷるっと企画チャンネル,25,2,0,2026-07-12T14:00:14Z,PT30S,m-MYiYLHe9E
オーケストラ 戦闘 BGM,【フリーBGM】緊迫感ある変拍子！闇のドラゴン現る「black dragon battle」[戦闘BGM//ダーク/ボスバトル/緊張感/オーケストラ/パイプオルガン｜Epic Orchestra],劉 恵,60,0,0,2026-07-12T13:00:12Z,PT3M14S,OP8iV-kbVwQ
オーケストラ 戦闘 BGM,通常戦闘BGM（カット・ユア・ウェイ） / AIオーケストラ風アレンジ（Instrumental）【グランストリーム伝紀】,TK-studio,260,6,0,2026-07-12T09:00:19Z,PT2M24S,awo1wVs-Niw
オーケストラ 戦闘 BGM,【BGM】傲慢なる黒翼 - 異形なる簒奪者【ダーク/ダークファンタジー/ラスボス/戦闘/ボス戦/モンスト/悪役/ロック/轟絶】BGMアレンジ　轟絶BGM　モンスト,クェルボ公爵,175,4,3,2026-07-10T22:00:34Z,PT2M20S,K3uu02mYdmg
オーケストラ 戦闘 BGM,Seize Your Destiny｜Epic Japanese Battle Music (和風戦闘BGM),Gameflow Tunes Tokyo,4580,116,12,2026-07-10T12:00:25Z,PT43M27S,nWIhplxxIq4
オーケストラ 戦闘 BGM,【フリーBGM】ラストバトル3【JRPG/オーケストラ系ミックス/バトル/戦闘/ラスボス/難敵/重圧/かっこいい/テンポ速め】[ 素材(そざい)、音源(おんげん)、無料、free ],音空間,39,1,0,2026-07-10T11:38:31Z,PT3M10S,OJvq19hnZx8
オーケストラ 戦闘 BGM,【フリーBGM】Counter Offensive【バトル/かっこいい/オーケストラロック/疾走感/サントラ風/戦闘シーン】,EpicOrderSounds,128,6,0,2026-07-10T11:00:25Z,PT1M44S,zo6p0Q1-ios
オーケストラ 戦闘 BGM,【作業用BGM】戦闘交響曲｜黒き騎行,もふまるBGM ,93,2,0,2026-07-07T09:00:12Z,PT45M31S,Zn08Zx8WOiE
オーケストラ 戦闘 BGM,【フリーBGM】ラストバトル2【JRPG/オーケストラ系ミックス/バトル/戦闘/ラスボス/強敵/壮大/勇敢/威圧/重圧/かっこいい】[ 素材(そざい)、音源(おんげん)、無料、free ],音空間,67,1,0,2026-07-06T13:04:47Z,PT3M39S,FvdN54vWI6o
オーケストラ 戦闘 BGM,【作業用BGM】空中戦ボスバトル ～電脳決戦～ 30分,つかさの音楽ミュージアム,54,0,0,2026-07-06T02:00:03Z,PT30M7S,yA52HAj323c
オーケストラ 戦闘 BGM,【原神】寂夜に昇る月の刃 ～オーケストラ風 Remix～ / Selenic Ascension ~Orchestra-Style Remix~【アレンジ】,HiSalcA -Music Channel-,457,8,4,2026-07-05T09:00:01Z,PT3M48S,BEIQhKuUw8s
オーケストラ 戦闘 BGM,【和風戦闘BGM 】合戦の刻｜The hour of Battle 全10曲【和×TRAP/EDM/オーケストラ・KPの声を邪魔しない】,音楽提供-夜語堂-BGMchannel,105,5,1,2026-07-05T04:26:26Z,PT52M18S,hI05lTh72c8
オーケストラ 戦闘 BGM,【ドラクエ6】勇気ある戦い（通常戦闘BGM）エレクトーン耳コピ演奏 / Dragon Quest VI Battle Theme,あまくち / amakuchi Electone,16429,724,123,2026-07-04T12:00:06Z,PT2M51S,HphdQhm5oTo
オーケストラ 戦闘 BGM,【戦闘曲風アレンジ】抜錨/ナナホシ管弦楽団【AIcover×ラスボス戦】【リテイク】,Seagull World,43482,718,9,2026-07-04T08:47:45Z,PT3M35S,6m_Bt6EcRbc
オーケストラ 戦闘 BGM,修羅 -SHURA- 龍、天に昇る｜和風EPIC 戦闘BGM #shorts #和楽器 #epicmusic,Bunmaa-BGM channel,210,2,0,2026-07-04T06:04:22Z,PT1M1S,GfgGogPbwow
オーケストラ 戦闘 BGM,【フリーBGM】ラストバトル1【JRPG/オーケストラ系/バトル/戦闘/ラスボス/強敵/壮大/勇敢/勇気/かっこいい/明るい】[ 素材(そざい)、音源(おんげん)、無料、free ],音空間,59,1,0,2026-07-03T13:28:54Z,PT4M16S,99yAVWYuJL0
オーケストラ 戦闘 BGM,Fight Without Limits｜Epic Japanese Battle Music (和風戦闘BGM),Gameflow Tunes Tokyo,21482,506,12,2026-07-03T12:00:18Z,PT42M19S,wtHKqhGO-c4
オーケストラ 戦闘 BGM,【フリーBGM】絶対に突破させてはいけない防衛戦のBGM | The Last Bastion   Heroes Against the Underworld【かっこいい・戦闘・ヒロイック】,BGM Studio Noi,1143,34,4,2026-07-03T09:00:38Z,PT3M54S,-U95HHaM7i8
オーケストラ 戦闘 BGM,【作業用BGM】天使の戦歌 Epic Orchestra 27分ノンストップ｜迫力オーケストラBGM【AI Music / Melody Lab】,Melody Lab,75,1,0,2026-07-02T10:30:19Z,PT27M26S,JDhWnCQ7_-8
オーケストラ 戦闘 BGM,【作業用BGM】鬼ヶ島絵巻-日本妖怪playlist【和風戦闘 メタル かっこいい】,妖怪楽譚 | YOKAI GAKUTAN,89,6,0,2026-07-01T12:56:01Z,PT1H4M23S,X2sbIou9mcg
オーケストラ 戦闘 BGM,Born to Win｜Epic Japanese Battle Music (和風戦闘BGM),Gameflow Tunes Tokyo,7702,192,11,2026-06-30T12:00:01Z,PT42M30S,a_22tRIiOPU
オーケストラ 戦闘 BGM,【フリーBGM】異次元の超越者と対峙した時のBGM　Transcendent Encounter【かっこいい・戦闘・異次元】,BGM Studio Noi,887,26,0,2026-06-30T09:00:05Z,PT3M59S,dZSfpHxgIgU
オーケストラ 戦闘 BGM,【作業用BGM】何度も聴きたくなるオーケストラ|-CELESTIAL GALE-|戦闘音楽_Epic Battle Music【Game BGM】,Legendary HERO Music,50,5,3,2026-06-29T10:00:04Z,PT37M48S,7q0Fe7zRpY0
オーケストラ 戦闘 BGM,【フリーBGM】ガトリングレッド【Gatling Red】疾走感 かっこいい Jazzy 戦闘曲,P.P.K.のにゃんこラボ,138,8,6,2026-06-28T17:58:58Z,PT2M54S,dkMuued67Hg
熱血 BGM,【燃燒熱血🔥】輕快動漫風跑步音樂！一聽就想衝刺，跑者專用超燃 BGM (Anime Style Running Music & Upbeat BGM),音流_Sound Flow HK,31,2,0,2026-07-25T06:15:32Z,PT3M30S,MzQA1O3oYh0
熱血 BGM,【無料ＢＧＭ】番長登場！　熱血！　滾るぜ！【商用利用化／報告不要】,ずぼらサウンド,5,1,0,2026-07-24T11:00:19Z,PT1M56S,CS8I-aR9UEI
熱血 BGM,【筋トレ音楽×熱血エール】AIゲンが導く！アラフィフおっさんの肉体改造記録🔥 #Shorts,成長の道しるべ,960,0,1,2026-07-18T05:15:35Z,PT1M23S,bSCSYZfHevc
熱血 BGM,【観るゲームBGM】Pokémon LEGENDS Z-A「戦闘！シロー」,LUDIX -ゲーム名曲MAD製作所-,1127,8,0,2026-07-17T03:00:28Z,PT3M,0Km_a7DgMUU
熱血 BGM,【高校野球応援ソング】魂を奮い立たせる熱血メドレー｜最後まで諦めない青春の51分【作業・練習・応援BGM】,Miyazakiマン,150,4,0,2026-07-15T04:14:27Z,PT51M54S,NEwtyPKYcuM
熱血 BGM,熱血コンディション,BGM Lab. - Topic,8,0,0,2026-07-13T10:02:40Z,PT4M,mddAolp8PCM
熱血 BGM,⚽足球熱血音樂🔥|Soccer Hype Music BGM|世界足球賽 熱血激情 世界同歡 運動背景音樂 Football #soccermusic #footballmusic #2026,Soft company 音樂旅伴,160,5,1,2026-07-12T12:00:03Z,PT22S,o166YWlhXlw
熱血 BGM,【作業用BGM】灼熱のバトルフィールド 〜猛暑と畑の雑草に挑む大決戦〜【超熱血ユーロビート/Gemini】,ミルティア【AIと綴る物語世界・公式BGM】,490,0,1,2026-07-12T05:45:19Z,PT2M50S,aiz4bmyaOGw
熱血 BGM,體內沉睡的血脈覺醒！🔥超燃BGM，瞬間燃爆你的點燃熱血！ #BGM #超燃 #熱血,Cccdc,77,0,0,2026-07-12T02:01:26Z,PT21S,Gxt42iyrLE8
熱血 BGM,⚔️ 2026 一播熱血上頭｜電影配樂精選｜戰場鏡頭感 電影配樂音樂｜遊戲混剪 BGM｜每秒都有壓迫感 #電影配樂 #BGM,遠方片尾,1,0,0,2026-07-09T03:37:46Z,PT1H2M14S,khEUKmmPweA
熱血 BGM,⚽足球熱血音樂🔥|Soccer Hype Music BGM|世界足球賽 熱血激情 世界同歡 運動背景音樂 Football #soccermusic #footballmusic #2026,Soft company 音樂旅伴,151,7,3,2026-07-08T14:00:23Z,PT27S,qEhXPdGN54c
熱血 BGM,駆ける衝撃 - Redline Shock -#AI音楽 #JRock #アニソン風 #熱血ロック #作業用BGM #TuginoMao,Tugi no Mao,408,1,0,2026-07-06T21:00:06Z,PT35S,jSedlQTioSc
熱血 BGM,絕殺爆扣！90年代熱血籃球神曲 🏀 Epic Basketball Dunk #Shorts #高燃BGM,Pure Sound Vibestop | 空間氛圍音樂,42,4,1,2026-07-06T19:07:57Z,PT34S,bFOEBUMjI-Q
熱血 BGM,《Die For You》旋律太洗腦！遊戲熱血BGM推薦🔥 #遊戲音樂 #歌曲推薦 #聽歌單,素人音乐台,845,3,0,2026-07-06T18:56:33Z,PT21S,jsYjrqSfJPk
熱血 BGM,【和風ロック／作業用BGM】-魂を燃やす- 和風ロック 月華演舞 BEST II- 1時間14分｜Wafu Rock Best Collection Vol.3,    月華演舞,1458,41,10,2026-07-06T11:05:10Z,PT1H14M40S,dF9RCb6-pwM
熱血 BGM,配信BGMで一度だけ流れた伝説のジャンケンAI曲を見つけるスタンミじゃぱん【LOL/スタンミ】,熱血スタンミチャンネル【公式】,23195,243,20,2026-07-06T09:30:39Z,PT25M18S,x08UpDzo40E
熱血 BGM,未完のOP Radio｜Original Anime Opening 作業用BGM｜熱血・黑化・青春,未完のOP,8,1,0,2026-07-06T09:00:27Z,PT11H55M,Uxt-7iqIFaA
熱血 BGM,青春無悔！90年代熱血動漫風 🏀 籃球專屬高燃 BGM 歌單 | 90s Anime Style Basketball BGM ⚡ Nostalgic & Epic OST Mix,Pure Sound Vibestop | 空間氛圍音樂,269,6,1,2026-07-05T19:34:24Z,PT56M39S,uCLHo4qylsk
熱血 BGM,這首歌，配羽毛球真的絕了！🔥#羽毛球 #BGM #運動 #剪輯 #體育 #熱門 #熱血 #卡點 #精彩瞬間,新知社,297,3,0,2026-07-05T14:48:17Z,PT8S,H7kXcuATfqc
熱血 BGM,【作業用BGM】午前8時のデッドヒート 〜降水確率を越えた栄光のゴール〜【超熱血ユーロビート/Gemini】,ミルティア【AIと綴る物語世界・公式BGM】,494,1,1,2026-07-05T14:15:31Z,PT2M57S,CKAYTFccS38
熱血 BGM,⚽足球熱血音樂🔥|Soccer Hype Music BGM|世界足球賽 熱血激情 世界同歡 運動背景音樂 Football #soccermusic #footballmusic #2026,Soft company 音樂旅伴,258,5,0,2026-07-05T02:00:22Z,PT45M55S,ReBMYLm2maQ
熱血 BGM,【作業用BGM】丸腰の突撃 〜降水確率に挑む限界のスピード〜【超熱血ユーロビート/Gemini】,ミルティア【AIと綴る物語世界・公式BGM】,477,0,1,2026-07-04T08:15:17Z,PT2M56S,jcMfJaKestI
熱血 BGM,【作業用BGM】40パーセントの絶対防壁 〜降水確率に挑む堅実な防御〜【超熱血ユーロビート/Gemini】,ミルティア【AIと綴る物語世界・公式BGM】,469,2,1,2026-07-04T08:00:29Z,PT2M54S,AxvxoJVh-jM
熱血 BGM,未完のOP Radio｜Original Anime Opening 作業用BGM｜熱血・黑化・青春,未完のOP,1,2,0,2026-07-04T06:18:53Z,PT11H54M56S,8BAItNcLh6Q
熱血 BGM,未完のOP Radio｜Original Anime Opening 作業用BGM｜熱血・黑化・青春,未完のOP,7,0,0,2026-07-04T00:09:49Z,PT5M41S,NDInAG4Cq8k
熱血 BGM,未完のOP Radio｜Original Anime Opening 作業用BGM｜熱血・黑化・青春,未完のOP,4,1,0,2026-07-04T00:08:13Z,PT1H37M45S,dQhxfP17SX8
熱血 BGM,第一個想到的簡直就是天才！#鬧鐘 #主題曲 #熱血 #bgm,阿晚說娛樂,91,3,0,2026-07-03T16:21:05Z,PT36S,rM5RGzGV7Qg
熱血 BGM,未完のOP Radio｜Original Anime Opening 作業用BGM｜熱血・黑化・青春,未完のOP,8,67,0,2026-07-03T10:47:14Z,PT11H54M57S,J6xoCy0bHlQ
熱血 BGM,未完のOP Radio｜Original Anime Opening 作業用BGM｜熱血・黑化・青春,未完のOP,0,0,0,2026-07-03T03:37:42Z,PT44S,CLCBizG9WKE
熱血 BGM,燃盡所有熱血！Fever Pitch 神級混剪🔥 #音樂混剪 #超燃 #BGM,Cccdc,75,1,0,2026-07-02T22:27:54Z,PT33S,0LK12WAcD6w
熱血 BGM,《ENEMY》熱血旋律！這部短劇背景音樂太震撼，每個音符都在燃燒🔥 #ENEMY #短劇 #BGM,未被发现的声,985,4,0,2026-07-02T18:31:34Z,PT32S,-uJ14WKcy1Y
熱血 BGM,流行引力｜布袋戲武俠戰歌 4小時45分熱血EDM合輯｜史詩管弦・嗩吶・琵琶・古箏・戰鼓,流行引力 Pulse Gravity,923,24,3,2026-07-02T12:00:06Z,PT4H44M59S,fzZozNDkJrQ
熱血 BGM,"｢なぞのぐんだん｣ BGM wii ダウンタウン熱血ドッジボール / ""Shadow Corps"" Downtown Nekketsu Dodgeball",LUCY,54,1,0,2026-06-30T11:33:18Z,PT12M,Fa3gPQ9x_qw
熱血 BGM,"｢開会のテーマ｣ BGM wii ダウンタウン熱血ドッジボール / ""Title"" Downtown Nekketsu Dodgeball",LUCY,15,0,0,2026-06-30T09:58:16Z,PT3M28S,FBIxjDXu3_s
熱血 BGM,Paraguay | World Cup 2026 | 瓜拉尼火 | Paraguay Football Anthem BGM | Leia Soundscape,Leia Soundscape,35,0,0,2026-06-30T04:00:27Z,PT6M56S,mTrJcAlKk_I
熱血 BGM,【作業用BGM】戦闘音楽 Epic Battle Music / Rock Background Music｜熱血戦闘BGM集『夜明けの戦場へ』,Asura Anime Music,94,6,0,2026-06-30T01:00:32Z,PT1H2M36S,je6ZfdNRixI
熱血 BGM,"🎵 Stream/Download ""At The Critical Moment"" | 廣告微電影勵志熱血配樂 | Commercial Vlog Music | 救火英雄",Hop Pop Plus ,7,0,0,2026-06-29T05:15:47Z,PT30S,bP-6blyVfnE
熱血 BGM,くにおｻｯｶｰ【決勝戦対四満忠実業】BGMｱﾚﾝｼﾞ,てくのすじゃぽーん,45,4,0,2026-06-28T09:28:34Z,PT1M44S,9AkhpAh96gY
熱血 BGM,【胸熱BGM】アニメの主人公になれる疾走感J-ROCK / 全力で駆け抜ける作業用音楽,森の遊び場,3,0,0,2026-06-28T00:00:04Z,PT2H6M7S,qs2CjV96boQ
熱血 BGM,"｢神社｣ BGM wii ダウンタウン熱血ドッジボール / ""Jinja"" Downtown Nekketsu Dodgeball",LUCY,24,1,0,2026-06-27T17:45:18Z,PT7M56S,grpjDGAmueU
熱血 BGM,【ラスボス級BGM】救いの名のもと全てを裁く「千手迦羅遮のテーマ」【ダーク/民族風/和風ロック/女性コーラス】,めろぽけ - Melody Pocket Music,17789,549,19,2026-06-27T09:05:01Z,PT3M39S,GnA2aY4yiUw
熱血 BGM,🔴 LIVE 24/7【作業用BGM】テンション爆上げ！懐かしのロボットアニメ風 戦闘バトルBGM｜覚醒・出撃・最終決戦,NatsuMusic,2480,69,0,2026-06-26T21:27:33Z,P0D,mXdjg8Y4HF4
アニメ OP 風 BGM,蒼鋼のライトチェイス ｜ Robot Anime ロボットアニメ風 オリジナルOP曲,NipponAi BGM & JOURNEYS,3,2,0,2026-07-26T13:00:07Z,PT5M15S,Ocr3JAXb6HM
アニメ OP 風 BGM,【アニメOP・ED風】人狼『かっこいい・切ない・OP風・ED風』【フリーBGM】,Aiz¿lё_Kaëraﾟ,29,4,0,2026-07-26T12:26:11Z,PT4M4S,KbGH5Ys7SzU
アニメ OP 風 BGM,デジタルワールド｜電脳世界を切り裂く超高速ボカロ風バトルロック【フリーBGM / 歌あり / アニソン風 / サイバー / 覚醒 / 中毒性】,Otakara BGM (お宝BGM),109,12,0,2026-07-26T11:00:27Z,PT3M27S,xUO61BJXJ-I
アニメ OP 風 BGM,【作業用BGM】凍える夜を走り抜けるAIアニメOP風メドレー｜中毒性×重低音×疾走感 × Emotional J-Rock,夜詠み,13,0,1,2026-07-26T10:46:37Z,PT36M33S,dpoigb4WDw8
アニメ OP 風 BGM,烈拳宿命 ｜ 日本アニメOP風 Japanese Anime Opening inspired song,NipponAi BGM & JOURNEYS,2,0,0,2026-07-26T10:00:04Z,PT5M29S,V-grdo_7zJ0
アニメ OP 風 BGM,デジタルワールド｜電脳世界を切り裂く超高速ボカロ風バトルロック【フリーBGM / 歌あり / アニソン風 / サイバー / 覚醒 / 中毒性】 #shorts,Otakara BGM (お宝BGM),427,9,1,2026-07-26T04:20:18Z,PT22S,4x3YhPNBeDE
アニメ OP 風 BGM,『Flying shout』- twfno1｜アニメOP風テンションが上がるオリジナル曲 #anime #アニソン #jpop #音楽 #エモい曲,twfno1(TWF),132,1,0,2026-07-25T13:25:57Z,PT19S,EA-WGULJWgY
アニメ OP 風 BGM,鋼嵐ブレイブサーキット｜KOU-RAN BRAVE CIRCUIT ｜ ロボットアニメ風 Robot Anime オリジナル熱血OP,NipponAi BGM & JOURNEYS,5,0,0,2026-07-25T13:00:11Z,PT4M31S,ZjiSIKQ6n1w
アニメ OP 風 BGM,【作業用BGM】深夜テンションが加速するAIアニソン風メドレー｜中毒性×重低音×疾走感 × Emotional J-Rock,夜詠み,78,1,1,2026-07-25T10:12:13Z,PT43M9S,RFU-Re1p2_4
アニメ OP 風 BGM,【アニメOP・ED風】デウス・エクス・マキナ『かっこいい・切ない・OP風・ED風』【フリーBGM】#shorts  #bgm #music,Aiz¿lё_Kaëraﾟ,61,2,0,2026-07-25T10:01:30Z,PT1M,4f-G0VjWLAM
アニメ OP 風 BGM,蒼天にほどける運命 ｜ 日本アニメOP風 Japanese Anime Opening inspired fantasy song,NipponAi BGM & JOURNEYS,12,0,0,2026-07-25T10:00:39Z,PT5M18S,FRa87BILgHk
アニメ OP 風 BGM,【アニメOP・ED風】記憶の中の雨『かっこいい・切ない・壮大・OP風・ED風』【フリーBGM】#shorts  #bgm #music,Aiz¿lё_Kaëraﾟ,1344,5,1,2026-07-25T03:01:10Z,PT1M3S,djQrIYJSOIQ
アニメ OP 風 BGM,【架空アニメOP】Eternal Dawn Saga ― 黎明の誓約 ―｜中毒性×重低音×疾走感 × Emotional J-Rock｜作業用BGM, Sound Chronicle BGM,134,9,6,2026-07-24T13:27:27Z,PT52M7S,ieXh_oTH-II
アニメ OP 風 BGM,【アニメOP・ED風】デウス・エクス・マキナ『かっこいい・切ない・OP風・ED風』【フリーBGM】,Aiz¿lё_Kaëraﾟ,105,11,4,2026-07-24T12:16:33Z,PT5M18S,PmZbWhKWZ0Q
アニメ OP 風 BGM,夏の上昇気流｜青空を突き抜ける爽快サマーロック【フリーBGM / 歌なし / アニソン風 / 疾走感 / 透明感 / エモい】,Otakara BGM (お宝BGM),175,12,6,2026-07-24T11:00:38Z,PT3M34S,spPGxrZRaRY
アニメ OP 風 BGM,【作業用BGM】夜明けまで駆け抜けるAIアニメOP風メドレー｜中毒性×重低音×疾走感 × Emotional J-Rock,夜詠み,96,1,0,2026-07-24T10:00:38Z,PT37M5S,qyN_X2URok4
アニメ OP 風 BGM,蒼い出発線 ｜ 日本アニメOP風 Japanese Anime Opening inspired by Blue Period,NipponAi BGM & JOURNEYS,24,0,0,2026-07-24T10:00:11Z,PT4M47S,62foqlPb5JQ
アニメ OP 風 BGM,星標 ーほししるべー／ASTRAVEIL（MV）アニメOP風,ASTRAVEIL,10734,12,1,2026-07-24T09:00:01Z,PT3M49S,fGePIjQNC9M
アニメ OP 風 BGM,『Flying shout』- twfno1｜アニメOP風テンションが上がるオリジナル曲,twfno1(TWF),19,0,0,2026-07-23T14:23:55Z,PT4M8S,FKRVdOrrB18
アニメ OP 風 BGM,【作業用BGM】心拍数が上がるAIアニメOP風メドレー｜中毒性×重低音×疾走感 × Emotional J-Rock,夜詠み,125,1,1,2026-07-23T12:20:09Z,PT35M7S,Odsk6L5LF-E
アニメ OP 風 BGM,【星彩ランナー】オリジナル曲×AI | 疾走感あふれるアニメOP風ロック | Original Anime Rock/ぽんまる　#shorts #music,ぽんまる AI Music Lab,132,1,0,2026-07-23T12:00:10Z,PT41S,jbnW08-YXVc
アニメ OP 風 BGM,【星彩ランナー】オリジナル曲×AI | 疾走感あふれるアニメOP風ロック | Original Anime Rock/ぽんまる　#music #jrock ,ぽんまる AI Music Lab,6,0,0,2026-07-23T12:00:39Z,PT4M20S,rKjVwRvZDw0
アニメ OP 風 BGM,NEON CARNAGE｜夜奔のルール 日本アニメOP風 Japanese Anime Opening Inspired,NipponAi BGM & JOURNEYS,11,0,0,2026-07-23T10:00:20Z,PT4M4S,LMiuUVIsNEE
アニメ OP 風 BGM,AIが作ったアニソンOP風BGM・J-POP　曲のタイトル『月下ノ誓イ』　ソレイルさんコラボver,fiona AI Music Studio,91,6,0,2026-07-22T14:07:09Z,PT3M36S,BOTz2UGpx5w
アニメ OP 風 BGM,アニメOP風BGM#ai ,らるふのAI曲生成チャンネル,53,0,0,2026-07-18T13:23:00Z,PT3M13S,XaXlaD-oJTw
アニメ OP 風 BGM,アニメOP風BGM#ai,らるふのAI曲生成チャンネル,43,0,0,2026-07-18T13:20:39Z,PT3M23S,NnasICL7CEs
アニメ OP 風 BGM,【作業用BGM】サビで鳥肌が立つAIアニメOP風メドレー | オリジナル5曲【j-rock/anime】| Anime Song,Chloe Music,141,2,0,2026-06-26T23:58:25Z,PT23M24S,XELLonLqMhQ
アニメ OP 風 BGM,【アニメOP・ED風】記憶の中の雨『切ない・OP風・ED風』【フリーBGM】,Aiz¿lё_Kaëraﾟ,55,3,0,2026-07-22T12:51:22Z,PT5M48S,eeaw1pNUeag
アニメ OP 風 BGM,【作業用BGM】ラスボス戦みたいなAIアニメOP風メドレー｜中毒性×重低音×疾走感 × Emotional J-Rock,夜詠み,171,2,1,2026-07-22T10:00:07Z,PT35M29S,j58YbFFmGDg
アニメ OP 風 BGM,【Playlist】Beyond the Cloudline ―風の槍―｜Anime OP × Epic Orchestral Rock × Skybound Journey｜,Re:Birth Music Channel,213,7,2,2026-07-22T10:00:29Z,PT1H13M18S,4NtAzCjZjSc
アニメ OP 風 BGM,冒険スパークロード ｜ 日本アニメOP風 Japanese Anime Opening inspired song,NipponAi BGM & JOURNEYS,13,0,0,2026-07-22T10:00:17Z,PT4M51S,DL4nH7xsUWo
アニメ OP 風 BGM,アニソンOP風オリジナル ２人の距離,アニソン風音楽@なぎ,6,0,0,2026-07-22T09:00:33Z,PT3M36S,VHsdYVSbm80
アニメ OP 風 BGM,後指-Backstab Anthem-【架空アニメOP風】【オリジナル曲】,Stray wølfs,16,0,0,2026-07-21T09:00:28Z,PT3M50S,Am6GSjaYUdQ
アニメ OP 風 BGM,【シンフォニックJ-Rock】風律｜風が紡ぐ八つの物語 🌬️ 壮大なアニメOP・作業用BGM,Mythic Fantasy,790,19,5,2026-07-20T16:00:15Z,PT50M7S,1d0sery-T7w
アニメ OP 風 BGM,【創作アニメ主題歌】白夜の残響者｜High-Energy Anime Rock Playlist,kapi anison music,1396,40,9,2026-07-20T12:10:10Z,PT1H2M25S,F7lCP3CtMyc
アニメ OP 風 BGM,影と手がかりのスパイラル ｜ 日本アニメOP風 Japanese Anime Opening inspired by Detective Conan,NipponAi BGM & JOURNEYS,53,0,0,2026-07-20T10:00:23Z,PT4M31S,kaK9ZEWT-A4
アニメ OP 風 BGM,アニソンOP風オリジナル 逆境,アニソン風音楽@なぎ,33,1,0,2026-07-20T09:00:36Z,PT3M14S,R1DX9m7rXFY
アニメ OP 風 BGM,Anime Style Music ｜切なさと疾走感のユーロビート・EDM・ アニメOP風プレイリスト｜作業用BGM・ドライブ・J-POP,Music Studio - Chill Time Café,181,2,0,2026-07-20T07:41:28Z,PT29M5S,BL0PsWqo4Lw
アニメ OP 風 BGM,「パッチワークスター」【J-POP AI曲】,まんまるAI音楽,408,5,0,2026-07-19T21:00:07Z,PT39S,EhPqdbG44IU
アニメ OP 風 BGM,少年アニメOP風の曲たくさん用意しました！ #作業用bgm  #jpop #jrock,ろくろくさん,361,2,1,2026-07-19T16:32:20Z,PT1M13S,Fnnuo-TcEas
アニメ OP 風 BGM,【Playlist】聴くだけで主人公になれる少年アニメOP風プレイリスト｜アニソン | テンションが上がる｜かっこいい｜J-POP & J-ROCK Mix【作業用BGM】,ろくろくさん,483,17,1,2026-07-19T12:22:09Z,PT1H9M45S,8txh69vNe_s
アニメ OP 風 BGM,【歌詞あり】アニメOP風ロックBGM｜働き盛りの30代・40代の気持ちを代弁｜黒盾のヴァンガード,Legendary HERO Music,79,3,2,2026-07-19T11:00:37Z,PT1H25M56S,Gl2H4Qk7Lqw
アニメ OP 風 BGM,「パッチワークスター」【J-POP AI曲】 ～欠片をつないで輝く未来へ～,まんまるAI音楽,81,5,2,2026-07-19T10:18:53Z,PT4M16S,84uxuUUM67s
アニメ OP 風 BGM,翡翠の約束と蒼の旅路 ｜ 日本アニメOP風 Japanese Anime Opening inspired by Ranking of Kings,NipponAi BGM & JOURNEYS,102,1,0,2026-07-19T10:00:05Z,PT5M20S,2Hcm3r6T3jw
アニメ OP 風 BGM,アニソンOP風オリジナル ここから,アニソン風音楽@なぎ,24,3,0,2026-07-19T09:00:24Z,PT3M16S,9w_44QJYGGc
アニメ OP 風 BGM,落下痕-Fall Off-【架空アニメOP風】【オリジナル曲】,Stray wølfs,14,1,0,2026-07-19T09:00:17Z,PT5M15S,d8RhzbsaZ_A
アニメ OP 風 BGM,GLORIA IGNITION｜AI Singer Rain【シンフォニックロック / シンフォギアOP風/ オリジナルMV】, 「公式」AIシンガー レイン Produced by YUKKY ,569,19,1,2026-07-18T15:00:09Z,PT5M39S,_PHVcEV_XKM
アニメ OP 風 BGM,【Royalty-Free BGM】『Unleash the true warrior within!』オリジナル曲・アニメOP風エモ曲・アニソン風J-ROCK【激アツ・エモJ-POP・作業用BGM】,【著作権フリーBGM】ぷるっと企画チャンネル,139,10,3,2026-07-18T13:30:29Z,PT3M43S,rZcWM_N37Hs
アニメ OP 風 BGM,【作業用BGM】夜が明けるまで止まらない疾走系AIアニメOP風メドレー｜j-rock anime【playlist】,夜詠み,110,2,1,2026-07-18T10:00:30Z,PT35M25S,nTFXi472JRg
アニメ OP 風 BGM,黒閃衝動 ｜ 日本アニメOP風 Japanese Anime Opening inspired by Bleach 熱血バトル曲,NipponAi BGM & JOURNEYS,44,0,0,2026-07-18T10:00:15Z,PT3M48S,C_q4norBY2s
アニメ OP 風 BGM,アニソンOP風オリジナル 剣の誓い,アニソン風音楽@なぎ,35,3,0,2026-07-18T09:00:28Z,PT3M29S,_MGT6BoC1Yk
アニメ OP 風 BGM,【格闘アニメOP風】「Break the limit!～限界は、まだ先にある～」限界を超えろ！熱血バトルアニメOP風AIオリジナルソング,MOTISAPO_AI_MUSIC,123,3,3,2026-07-18T07:45:40Z,PT5M18S,iZw5Ed6x4bk
アニメ OP 風 BGM,【格闘アニメOP風】「Break the limit!～限界は、まだ先にある～」限界を超えろ！熱血バトルアニメOP風AIオリジナルソング,MOTISAPO_AI_MUSIC,103,0,1,2026-07-18T02:14:58Z,PT2M5S,AgA_ti-0JWw
アニメ OP 風 BGM,蒼鋼 DREAMLINE ｜ ロボットアニメ風OP Robot Anime Opening Style,NipponAi BGM & JOURNEYS,8,0,0,2026-07-17T13:00:14Z,PT4M12S,Z5VtZaumZgs
アニメ OP 風 BGM,【和風トランス】九尾の狐と月夜の神社｜ゲームOP風 作業用BGM 1時間,Legendary HERO Music,58,4,1,2026-07-17T10:00:27Z,PT43M20S,2EdsrYxkgVI
アニメ OP 風 BGM,風待ちラブレター｜Skylineの途中 ｜ 日本アニメOP風 Japanese Anime Opening 恋と青春ポップ,NipponAi BGM & JOURNEYS,62,1,0,2026-07-17T10:00:08Z,PT4M41S,rGJeQfMsuhE
アニメ OP 風 BGM,アニソンOP風オリジナル 風を追い越せ,アニソン風音楽@なぎ,28,4,0,2026-07-17T09:00:20Z,PT3M26S,f5GcKYxT3PA
アニメ OP 風 BGM,[Playlist] テンション爆上げ！疾走感あふれるアニメOP風邦ロック| Pure Adrenaline: High Energy Anime J-Rock,Zanshin Chord,175,5,3,2026-07-17T03:00:17Z,PT1H27M,0vrhthpKQGY
アニメ OP 風 BGM,「SIGHTLINE」【FPS風J-ROCK】,まんまるAI音楽,455,6,0,2026-07-16T21:00:11Z,PT49S,cZHczs6o2CQ
アニメ OP 風 BGM,"【Playlist】気持ちよすぎる！超疾走アニソン風プレイリスト / Anime Style Original J-POP, J-ROCK Mix【作業用BGM】【アニメOP風】",ろくろくさん,3282,65,4,2026-07-16T12:36:35Z,PT1H59S,gDx1qKJXfDI
アニメ OP 風 BGM,「SIGHTLINE」【FPS風J-ROCK】～違う視界が、勝利をひらく。,まんまるAI音楽,89,3,2,2026-07-16T10:00:05Z,PT3M52S,kQlPHGNNm-Q
アニメ OP 風 BGM,新緑の定石 Next Move ｜ 日本アニメOP風 Japanese Anime Opening inspired by Chihayafuru,NipponAi BGM & JOURNEYS,20,0,0,2026-07-16T10:00:30Z,PT3M22S,OxpglqdmADI
アニメ OP 風 BGM,【作業用BGM】ラスボス戦みたいなAIアニメOP風メドレー｜j-rock anime【playlist】,夜詠み,890,21,2,2026-07-16T10:00:00Z,PT41M3S,I8ImCnFfY9c
アニメ OP 風 BGM,【作業用BGM】トランス×女性ボーカル｜ホライゾン・スパーク｜Horizon Spark,加藤セイ@中間管理職,102,5,0,2026-07-16T09:00:28Z,PT49M40S,UuD3bioTS2U
アニメ OP 風 BGM,叫声-Shout it out-【架空アニメOP風】【オリジナル曲】,Stray wølfs,21,3,0,2026-07-16T09:00:30Z,PT4M45S,DptA8wtmG3E
アニメ OP 風 BGM,アニソンOP風オリジナル 朝の眩しさに,アニソン風音楽@なぎ,47,3,0,2026-07-16T09:00:25Z,PT3M22S,rQjbHCyJjF0
アニメ OP 風 BGM,緋刃の誓約 ｜ 日本アニメOP風 Japanese Anime Opening｜時代劇アクションロック,NipponAi BGM & JOURNEYS,100,0,0,2026-07-15T10:00:25Z,PT4M36S,EX8OVa9S0WY
アニメ OP 風 BGM,アニソンOP風オリジナル 一輪の花,アニソン風音楽@なぎ,17,1,0,2026-07-15T09:00:02Z,PT3M19S,LZkhuxZYjXo
アニメ OP 風 BGM,first love（忍者アニメOP風）,転調ニキ,12,0,0,2026-07-15T07:07:39Z,PT1M29S,xBkeNuyDZvI
アニメ OP 風 BGM,【アニメオープニング風BGM】ジャズロック/時計の外側,黒猫の音楽室,33,0,0,2026-07-15T01:07:19Z,PT4M38S,twlgMxVQaPk
アニメ OP 風 BGM,Heart Wave (風狼 Remix)　(流星のロックマン(アニメ) OP,風狼のユウヤ,11,1,0,2026-07-14T13:20:18Z,PT4M3S,3XrK7AtPc64
アニメ OP 風 BGM,【架空アニメOP】DRAGON KNIGHTS ― 竜騎士団 ―｜中毒性×重低音×疾走感 × Epic Fantasy J-Rock｜作業用BGM, Sound Chronicle BGM,186,11,3,2026-07-14T13:00:01Z,PT1H16M41S,UpIF_O4kAEg
アニメ OP 風 BGM,NEON Runaway｜夜を裂け 日本アニメOP風 Japanese Anime Opening｜Tokyo Revengers inspired,NipponAi BGM & JOURNEYS,91,0,0,2026-07-14T10:00:22Z,PT4M26S,1WDRbbaarlE
アニメ OP 風 BGM,アニソンOP風オリジナル 住む世界が違う,アニソン風音楽@なぎ,24,1,0,2026-07-14T09:00:14Z,PT3M38S,PLoxk1ZyXT4
アニメ OP 風 BGM,紅蓮コード｜Guren Code ロボットアニメ風OP曲 Robot Anime Opening Style,NipponAi BGM & JOURNEYS,15,0,0,2026-07-13T13:00:18Z,PT4M51S,s_o1smVpPhg
アニメ OP 風 BGM,【Playlist】青空のような爽快な気分になれるアニメOP風BGM｜天空を駆けるヴァルキリー戦闘曲【1時間】,Legendary HERO Music,164,9,4,2026-07-13T10:00:10Z,PT1H12M14S,yG2MqEwBBYk
アニメ OP 風 BGM,真実未満のアリバイ ｜ 日本アニメOP風 Japanese Anime Opening inspired by Monster,NipponAi BGM & JOURNEYS,52,1,0,2026-07-13T10:00:32Z,PT4M12S,aXzoUF2eAfU
アニメ OP 風 BGM,【ドラ笑い】「ひまわりの約束」をジャンプ系アニメのOP曲風にしてみた結果ww【AIアレンジ】,転調ニキ,6,0,0,2026-07-13T05:02:15Z,PT1M2S,Bt6TBoLsgxU
アニメ OP 風 BGM,流星チューニング / NEON CITY【80s City Pop × Synth Pop Anime OP】,空想J-POP図鑑,9,0,0,2026-07-12T15:00:08Z,PT4M44S,TLBXar5M_W8
アニメ OP 風 BGM,黒鋼のミッドナイト・オース ｜ ロボットアニメ風 OP曲 Robot Anime Opening Inspired,NipponAi BGM & JOURNEYS,67,1,0,2026-07-12T13:00:20Z,PT4M30S,_g-Kv4xRq4Q
アニメ OP 風 BGM,紅拳宿命 ｜ 日本アニメOP風 Japanese Anime Opening ｜ 熱血バトルロック,NipponAi BGM & JOURNEYS,123,3,0,2026-07-12T10:00:35Z,PT4M18S,A4tUv8VM4gw
アニメ OP 風 BGM,【作業用BGM】かっこいい女性ボーカル好きのためのAIアニメOP風メドレー｜j-rock anime【playlist】,夜詠み,458,8,1,2026-07-12T10:00:17Z,PT25M56S,QY88J0lJ5fk
アニメ OP 風 BGM,【作業用BGM】異世界転生したくなるAIアニメOP風メドレー｜j-rock anime【playlist】,夜詠み,344,7,1,2026-07-11T14:21:12Z,PT36M19S,GHXdfHQUoDk
アニメ OP 風 BGM,【創作アニメ主題歌】沈都の誓守｜High-Energy Anime Rock Playlist,kapi anison music,2458,65,5,2026-07-11T12:19:15Z,PT1H30M58S,_UgPxikTMWA
アニメ OP 風 BGM,サマークラフト｜夏を組み上げる僕らの青春爽快ロック【フリーBGM / 歌あり / アニソン風 / 疾走感 / スラップベース / かっこいい】,Otakara BGM (お宝BGM),654,24,5,2026-07-11T11:00:16Z,PT4M28S,xVQRTLoju6A
アニメ OP 風 BGM,血盟刻印 ｜ 日本アニメOP風 Japanese Anime Opening ｜ Fate Zero inspired,NipponAi BGM & JOURNEYS,27,0,1,2026-07-11T10:00:28Z,PT4M57S,xwHEsngv3nU
アニメ OP 風 BGM,あの日見た世界 - shijinkidori【作業用BGM / アニメOP風】,shijinkidori,10,0,0,2026-07-11T09:00:24Z,PT4M18S,yOZSY6mnGuM
アニメ OP 風 BGM,【アニメOP・ED風】星誓『壮大・かっこいい・OP風・ED風』【フリーBGM】,Aiz¿lё_Kaëraﾟ,270,10,2,2026-07-10T12:30:50Z,PT4M3S,Urd6ca5O4wc
アニメ OP 風 BGM,夏のブルーフィルム｜青春アニメOP風 J-POPプレイリスト 🎸🌤️,jpopsiki,214,3,0,2026-07-10T11:46:09Z,PT47M38S,rxcQ7ql27jU
アニメ OP 風 BGM,【Playlist】疾走感のあるアニメOP風ソング｜吹っ切れるJ-POPメドレー Vol.33｜作業・ドライブ・気分転換BGM / ARISA / オリジナルソング,ARISA Music,171,7,12,2026-07-10T11:00:37Z,PT1H7M19S,xs07as0cmBo
アニメ OP 風 BGM,やってみようぜ！｜挑戦したくなる夏の青春応援ロック【フリーBGM / 歌あり / アニソン風 / 爽快感 / 元気が出る / 男女ボーカル】,Otakara BGM (お宝BGM),711,32,0,2026-07-10T11:00:12Z,PT4M31S,V9Saq1Z0QLc
アニメ OP 風 BGM,ローズ色の距離と青い告白 ｜ 日本アニメOP風 Japanese Anime Opening Romance Pop Rock,NipponAi BGM & JOURNEYS,39,3,0,2026-07-10T10:00:19Z,PT4M53S,siFcnfyjDUA
アニメ OP 風 BGM,【Playlist】00年代V系アニソンOP風 / 脳を揺らすJapanese Dark Heavy Rock / Anime OST Y2K,Kokone Processor,411,19,6,2026-07-10T08:00:06Z,PT1H18M25S,kKM3mJIwuHw
アニメ OP 風 BGM,架空アニメOP風「限界突破！」サビ公開 #shortsYeah.,SHIMARIN,1337,3,0,2026-07-09T15:00:05Z,PT25S,IOX0ucIIldk
アニメ OP 風 BGM,【op風mv】ELDORADO【NEKIPROJECT】,NEKIPROJECT,179,4,0,2026-07-09T14:49:52Z,PT1M21S,gu0kPssN-rc
アニメ OP 風 BGM,影証コード ｜ 日本アニメOP風 Japanese Anime Opening ｜ ミステリー都市ノワール,NipponAi BGM & JOURNEYS,31,0,0,2026-07-09T10:00:06Z,PT3M43S,IjKRG7BCD-w
アニメ OP 風 BGM,残響否定-Forgive Me Not-【架空アニメOP風】【オリジナル曲】,Stray wølfs,21,0,0,2026-07-09T09:00:36Z,PT3M38S,iNgUweDj_2o
アニメ OP 風 BGM,⚡ 閃光アクセラレーション｜オリジナル Drum & Bass × Rock 🎸 アニメOP風・女性ボーカル・疾走感MAX,青空ノート,18,1,0,2026-07-08T17:21:55Z,PT3M18S,oklk8eheTXc
アニメ OP 風 BGM,夏うた J-POP Shorts｜アニメOP風・作業用BGM・気分が上がる曲｜Japanese Summer Pop｜Rooftop,B-side音樂台,167,4,0,2026-07-08T14:24:49Z,PT33S,R9S5xDNa7RA
アニメ OP 風 BGM,スカイライン宣言 ｜ 日本アニメOP風 Japanese Anime Opening ｜ Planetes風オリジナルOP曲,NipponAi BGM & JOURNEYS,36,1,0,2026-07-08T10:00:03Z,PT4M10S,VT99cA9G1x0
オリジナルアニソン,オリジナルアニメサントラ-白夜ノワール- #作業用bgm  #jpop #エモ動画 #jrock #アニソン,ろくろくさん,275,1,1,2026-07-26T15:04:58Z,PT1M3S,UxicBmxQsIA
オリジナルアニソン,【架空アニソン】壮大すぎる！異世界魔法アニメサントラ-白夜ノワール-/ストーリー有り/Anime Style Original J-POP Mix【Playlist/作業用BGM】,ろくろくさん,57,9,1,2026-07-26T12:43:01Z,PT1H4M26S,w8l3WFKwc-8
オリジナルアニソン,【心を揺さぶる】アニソン風オリジナル曲プレイリスト｜存在しないアニメの主題歌,Mellow Room,6,2,0,2026-07-26T12:39:41Z,PT51M3S,Yq9zo8z-i6Y
オリジナルアニソン,最高傑作を、生きる【アニソン風／オリジナル曲】,緑ノ音楽堂,13,7,5,2026-07-26T11:00:36Z,PT4M58S,OwdhSdUPGM8
オリジナルアニソン,暁に叫べ①【AIオリジナルアニソン】ヒロインファンタジー風シンフォニック系アニソン　【AI診断】アニソン35%シンフォニックロック25%J-ROCK 20%パワーメタル10%ファンタジーサントラ10%,The Power of Burning Souls,883,8,0,2026-07-26T10:00:36Z,PT43S,6SY--3Y5tZM
オリジナルアニソン,NEOPOPアニソン | Always On Air - Future Pop Anime Song 【Anithm】,Anithm,5,1,0,2026-07-26T10:00:15Z,PT4M,PZ7UTJd-o9Y
オリジナルアニソン,【作業用BGM】アニソン 5 夜のワークBGM【オリジナル曲】,とうろくチャン,4,0,0,2026-07-26T09:41:29Z,PT4M41S,ukg1m3QeZS0
オリジナルアニソン,【作業用BGM】アニソン4 夜のワークBGM【オリジナル曲】,とうろくチャン,14,0,0,2026-07-26T07:50:52Z,PT13M29S,p7JvIllbYe8
オリジナルアニソン,「Bunch of flowers」#オリジナル曲＃JPOP#アニソン風,よなかのあきどん,20,2,0,2026-07-26T06:34:37Z,PT2M59S,yh880sA3iQE
オリジナルアニソン,【作業用BGM】アニソン　　夜のワークBGM【オリジナル曲】,とうろくチャン,16,0,0,2026-07-26T02:35:13Z,PT11M18S,CEl_PVLyNOY
オリジナルアニソン,『Flying shout』- twfno1｜アニメOP風テンションが上がるオリジナル曲 #anime #アニソン #jpop #音楽 #エモい曲,twfno1(TWF),132,1,0,2026-07-25T13:25:57Z,PT19S,EA-WGULJWgY
オリジナルアニソン,【弾き語りver.】『異世界協奏曲 / 清野研太朗』我武者羅に生きる誰かに響いてほしい。#オリジナル曲 #作詞作曲 #弾き語り #アニソン #サラリーマン四天王,清野研太朗 / けんたあろは,2251,46,3,2026-07-25T11:00:38Z,PT16S,NUrBwGqViI4
オリジナルアニソン,運命を覆す者（shortVer） #イヤホン推奨#アニソン風オリジナル曲 #めがねと幻獣たち,めがねと幻獣たち,92,1,0,2026-07-25T11:00:02Z,PT1M36S,UEq2Kr2FGNE
オリジナルアニソン,メタルの火は消えない②【AIオリジナルアニソン】メタルバンドスピリッツ【#アニソン #オリジナル曲 #AnimeSong #MelodicMetal #AnimeMetal#AIオリジナル,The Power of Burning Souls,219,2,0,2026-07-25T09:00:11Z,PT51S,T4frqUFxmSQ
オリジナルアニソン,【脳汁中毒/反逆のアニソン】Raise the Black Rebellion－黒き反逆の旗－ / AI Singer Rain【コードギアスInspired/オリジナルMV】, 「公式」AIシンガー レイン Produced by YUKKY ,303,15,3,2026-07-24T15:00:06Z,PT4M47S,ck6ffgj4b5M
オリジナルアニソン,🌸 『月華ノ宴』/ クロシロ【オリジナル曲】,クロシロ,308,2,0,2026-07-23T12:00:12Z,PT1M54S,niGZkrSfdEI
オリジナルアニソン,【オリジナル3曲+MC】花耶 アコースティック ライブ OTOROJI Street Live ,気まぐれまぁくん!,80,4,1,2026-07-23T11:15:09Z,PT15M5S,BlgfqSg83_w
オリジナルアニソン,"【アニソン】森口博子 - 晴々！（アニメ『天穂のサクナヒメ』OPテーマ, オリジナル：いきものがかり）",ラジオ深夜便 AM放送局 1242kHz,184,13,0,2026-07-23T10:03:12Z,PT3M44S,l3l1UA-msQk
オリジナルアニソン,【オリジナルMV】蒼ノ境界｜女性ボーカル × アニソンロック × ダークファンタジー【Original Song】,"Saya's Diary | AI Music, Mini Rides & My Hobbies",104,6,2,2026-07-23T09:00:47Z,PT5M8S,JaUOKvS3l-M
オリジナルアニソン,オリジナル楽曲『君へ 潜る』アニメMV（Original Song）（Anime) - ショート - (Music Video)ver.16,チャカと7人の異星王子,210,0,0,2026-07-23T08:00:21Z,PT14S,Yqx8KUiIYWQ
オリジナルアニソン,オリジナル楽曲『君へ 潜る』アニメMV（Original Song）（Anime) - ショート - (Music Video)ver.15,チャカと7人の異星王子,108,0,0,2026-07-22T12:00:37Z,PT11S,qtu5XeqtqdM
オリジナルアニソン,【オリジナルアニソン】オレンジの帰り道 (Orange Road Home) | Anime Hip-Hop × Electro Pop,Midnight Grocery,114,2,1,2026-07-22T12:01:54Z,PT34S,NLqY1kqlxaQ
オリジナルアニソン,【無職転生 クロエコ】♪未完成のまま、遠くへ【オリジナル曲】【MAD】【AMV】【クロニクルエコーズ】,ずんだもんの無職チャンネル,127,7,2,2026-07-22T09:00:03Z,PT4M5S,OpzDfpOQIlo
オリジナルアニソン,アニソンOP風オリジナル ２人の距離,アニソン風音楽@なぎ,6,0,0,2026-07-22T09:00:33Z,PT3M36S,VHsdYVSbm80
オリジナルアニソン,【オリジナルアニソン】あの夏へ｜高校球児たちの青春を描く感動の応援歌【高校野球テーマソング風】,AniVerse Music,35,1,0,2026-07-12T04:36:57Z,PT4M50S,DUB70xYwFrQ
オリジナルアニソン,アニメの主題歌っぽい曲つくりました。 #naab #アニソン #オリジナル曲 #オリジナルmv #夜に聴きたい曲,NAAB,244,1,0,2026-07-21T12:56:04Z,PT39S,yn2DpmmloQA
オリジナルアニソン,夏と言えば祭り/オリジナル曲続々と配信してます/焔レイナ #オリジナル曲,焔レイナ【HOMURA REINA】official music,379,4,4,2026-07-21T11:00:32Z,PT35S,CWnOgPs5fJQ
オリジナルアニソン,「好きになっちゃえばいいじゃん」オリジナル曲,着ぐるみの子,720,3,0,2026-07-21T10:59:23Z,PT2M52S,cE5GjfDbIig
オリジナルアニソン,忘れたくない景色。 #オリジナル曲『君へ 潜る』 #アニメ #エモい音楽 #MV（Original Song）（Anime) - ショート - (Music Video),チャカと7人の異星王子,102,1,0,2026-07-21T09:00:35Z,PT28S,5gZm4m_dZ8c
オリジナルアニソン,アニソンOP風オリジナル 言えないまま,アニソン風音楽@なぎ,7,0,0,2026-07-21T09:00:24Z,PT3M48S,tI7msryNmQs
オリジナルアニソン,心に残るメロディ『君へ潜る』 #オリジナル曲 #アニメMV『君へ 潜る』（Original Song）（Anime) - ショート - (Music Video)#エモい曲,チャカと7人の異星王子,256,2,0,2026-07-21T08:00:20Z,PT14S,A_hYbUzHgEM
オリジナルアニソン,【J-Rock】🔥 57分間の熱いアニメ｜女性ボーカルによるオリジナルオープニングソング10曲 Vol.2 🔥,Ryusei Studio | 流星スタジオ,31,0,0,2026-07-20T13:15:07Z,PT57M8S,c_sLkRGXhwA
オリジナルアニソン,オリジナル楽曲,アリコかめんDX,1,1,0,2026-07-20T12:01:31Z,PT29S,kjKzoJ1kwsU
オリジナルアニソン,【OP】オリジナルアニメソング作ってみた！曲名「混合を滅する三つの刃」#shorts #アニソン #Nideal,Nideal ch.,203,0,0,2026-07-20T12:00:05Z,PT1M58S,SsLIm7Eal5I
オリジナルアニソン,学園都市風フルアニメーションMV #邦ロック #アニソン #洋楽 #オリジナル曲 #ai音楽,無奏とかげ [AI生成楽曲配信チャンネル],48,1,0,2026-07-20T11:00:32Z,PT16S,1rk64r-wwvM
オリジナルアニソン,オリジナル曲/夏にぴったり炎上祭/焔レイナ #オリジナル曲,焔レイナ【HOMURA REINA】official music,2271,11,6,2026-07-20T11:00:12Z,PT33S,6fm4H2rBUO0
オリジナルアニソン,アニソンOP風オリジナル 逆境,アニソン風音楽@なぎ,33,1,0,2026-07-20T09:00:36Z,PT3M14S,R1DX9m7rXFY
オリジナルアニソン,潮騒のあとで/AIオリジナルソング/SunoAI V5.5 Music Video,Yasuhiro Nakata (Yasu_aiart),70,1,0,2026-07-20T03:19:08Z,PT5M31S,r2l38yiBz2U
オリジナルアニソン,FREEDOM RESONANCE 2nd   Wings of Destiny  short #オリジナル曲 #アニソン, 「公式」AIシンガー レイン Produced by YUKKY ,421,6,1,2026-07-20T02:55:17Z,PT29S,9EgRz249mQY
オリジナルアニソン,オリジナルソング『招待状』song byりおん #歌ってみた,りおん,76,0,0,2026-07-20T00:16:41Z,PT52S,Io5yWG_j7eo
オリジナルアニソン,窓／HN CREATURES #shorts #hncreatures #dtm #original #music #オリジナル曲 #歌ってみた #朱音,HN CREATURES【Original & Cover 】,325,2,0,2026-07-19T20:30:18Z,PT46S,VrGim9OBtHQ
オリジナルアニソン,昴cell 送電塔 #shorts #オリジナル曲,昴Cell,212,0,1,2026-07-19T16:56:10Z,PT1M1S,fdC12_r8rXc
オリジナルアニソン,【夏】【海の日】OCEAN SKY - Beyond the Blue Horizon -｜AI Singer Rain【オリジナルMV】, 「公式」AIシンガー レイン Produced by YUKKY ,122,9,2,2026-07-19T15:00:21Z,PT5M35S,TWW8cBn53_I
オリジナルアニソン,【オリジナル曲】コードネームはボードゲーム,あにぃ,549,4,0,2026-07-19T13:52:37Z,PT2M6S,UPUfYA7C0AY
オリジナルアニソン,【MV】♩冥闇のレクイエム-鎮魂歌-┊オリジナル曲┊幻想ファンタジー音楽＆物語,RiA-りあ-,770,0,0,2026-07-19T11:00:21Z,PT1M1S,u8iD59VJstk
オリジナルアニソン,Highway Starry Night - 流星のハイウェイ #aisinger  #オリジナル曲 #ボカロ好きと繋がりたい #アニソン #エモい #shorts,Fantasy Moonlit,267,5,0,2026-07-19T11:00:53Z,PT39S,MX4-tvKiOKo
オリジナルアニソン,傷跡 - Scar | オリジナル曲 #Shorts,サンチョ,312,4,5,2026-07-19T10:08:58Z,PT21S,kXq9XXB5SIM
オリジナルアニソン,暁に叫べ【AIオリジナルアニソン】ヒロインファンタジー風シンフォニック系アニソン　【AI診断】アニソン35%シンフォニックロック25%J-ROCK 20%パワーメタル10%ファンタジーサントラ10%,The Power of Burning Souls,137,6,0,2026-07-19T10:00:09Z,PT4M20S,odU8BolBFsw
オリジナルアニソン,【AIオリジナルアニソン】蒼き自由｜人生を変えたい全ての挑戦者へ【熱血ロック】,tan4arukari,118,4,0,2026-07-19T10:00:23Z,PT3M45S,YN_xrV-Rfy8
オリジナルアニソン,【オリジナル曲】Non Stop Love #オリジナルソング #オリジナル曲 #sunoai,紅戌みみ,329,2,1,2026-07-19T09:36:27Z,PT27S,5khzWcCt0fg
オリジナルアニソン,君のいる季節 オリジナル曲 Shrot版 芽瑠子ver.【Meruko Music】,芽瑠子【Meruko】,99,0,0,2026-07-19T09:00:16Z,PT1M7S,81Joebc6-UE
オリジナルアニソン,アニソンOP風オリジナル ここから,アニソン風音楽@なぎ,24,3,0,2026-07-19T09:00:24Z,PT3M16S,9w_44QJYGGc
オリジナルアニソン,『LAST CALL HERO』 MARIMOROMEN #オリジナル曲 #アニソン #ガールズロック #ヒーロー,MARIMOROMEN,533,5,1,2026-07-18T23:47:06Z,PT1M2S,y3gkvsfo06s
オリジナルアニソン,Instrumental　#オリジナル曲　#ゲームミュージック　作ってみた！　リスペクトAIネタやってみた！　#ドラクエ3　澪とLUNA-Velvet scream　#Bassist LENA,Bassist LENA　-Velvet scream-,151,1,0,2026-07-18T19:05:36Z,PT2M31S,ZKqmd0EYfLo
オリジナルアニソン,黎明の角笛（ショートVer）アニソン風オリジナル曲挿入歌,めがねと幻獣たち,59,3,0,2026-07-18T11:33:33Z,PT1M24S,Zyx0ffeBGYw
オリジナルアニソン,Spectrum Drive - 極彩の疾走 #aisinger  #オリジナル曲 #ボカロ好きと繋がりたい #アニソン #疾走感 #shorts,Fantasy Moonlit,62,0,0,2026-07-18T11:05:15Z,PT33S,A9-2pKbS2ks
オリジナルアニソン,重音テトにオリジナル曲歌ってもらった,RaiAzuma/あるえ Artwork & Music,265,4,0,2026-07-18T11:00:28Z,PT35S,jfuCufzaN_0
オリジナルアニソン,夏っぽい新曲、できました🌊　🎧waves #liveperformance  #オリジナル曲 #邦ロック,momoca(モモカルテット),1140,27,3,2026-07-18T10:58:15Z,PT41S,-fjsLTHQvYU
オリジナルアニソン,時の彼方へ、君を呼ぶ｜時空を越えるアニソン風バラード【女性ボーカル】,Golden Vinyl Soft Rock,3,0,0,2026-07-18T10:30:54Z,PT5M7S,wXvoA_vq1t4
オリジナルアニソン,零時のカナリア｜ダークサイバーパンク・アニソン風楽曲【女性ボーカル】,Golden Vinyl Soft Rock,12,0,0,2026-07-18T10:28:26Z,PT4M8S,ZaYzq9ru92c
オリジナルアニソン,星屑の羅針盤｜オリジナルアニソン風楽曲【女性ボーカル／シンフォニックロック】,Golden Vinyl Soft Rock,4,0,0,2026-07-18T10:26:21Z,PT4M38S,EL1syTs3bUI
オリジナルアニソン,【オリジナル曲】 Chimpanzees fall in love〜神様がいてもいなくても〜 #歌ってみた #オリジナル曲 #作詞作曲,SU~MIN,61,7,0,2026-07-18T10:00:14Z,PT1M,aT5TVCmxhMM
オリジナルアニソン,【オリジナル曲】未完成Sparks ｜ フルは動画一覧から ｜ #天羽かのん #オリジナル曲 #Shorts,Amou Kanon - Music Channel - 🎤🎸,290,3,2,2026-07-18T09:42:14Z,PT26S,Uatla4OcuSg
オリジナルアニソン,アニソンOP風オリジナル 剣の誓い,アニソン風音楽@なぎ,35,3,0,2026-07-18T09:00:28Z,PT3M29S,_MGT6BoC1Yk
オリジナルアニソン,【オリジナル曲】名のない讃歌 [Original J-Pop]  #jpop #originalsong #オリジナル曲 #femalevocal #japanesemusic,Trileaf,146,2,1,2026-07-18T08:20:56Z,PT1M,SthEiqmoSjI
オリジナルアニソン,青春アニソンを作ってみた#オリジナル曲 #青春 #ai #grok #shorts #ショート動画 #オリジナルmv,ホロ天🍣🦌個人V ,318,6,0,2026-07-18T08:00:22Z,PT1M55S,LPe3TwfNadM
オリジナルアニソン,紅蓮の愛 オリジナル曲7/8ドリーム神楽坂ライブ#ライブ映像 #歌ってみた動画 #歌い手mix師さん絵師さん動画師さんpさんと繋がりたい #歌い手好きと繋がりたい #オリジナル曲,シン・暁ノ蕾,506,0,0,2026-07-18T07:17:20Z,PT1M41S,3Jim0RU2cjc
オリジナルアニソン,#歌ってみた #アニソン #オリジナル曲@HakuiKoyori #自強號 #ppe1000 #pp自強號 #電車 150#バズれ #鉄道,Charlie TCTW . 星鐵☄️,48,0,0,2026-07-18T06:11:52Z,PT1M9S,nJaTbM1DgmE
オリジナルアニソン,魂の絆　拳掲げろ①【AIオリジナルアニソン】野球漫画のような熱血と青春を描いたオリジナルアニソン　【AI診断】少年ジャンプ 80%  昭和・平成アニソン15%パワーロック5%,The Power of Burning Souls,1144,1,0,2026-07-17T21:00:07Z,PT36S,MAR0Td-n54M
オリジナルアニソン,SAOの世界観をアスナ目線でオリジナルMVにしてみました！　　　　                 #アニメ#sao#オリジナル曲#オリジナルMV　　　,Siva0825,182,5,0,2026-07-17T12:40:21Z,PT39S,cU-xKjomCrM
オリジナルアニソン,Mad Scientist #newvideo #japanesesoundtrack #track #anime #アニソン #曲作り #オリジナル曲 #アーティスト #Japanese,The Chocolate Factory,106,2,0,2026-07-17T12:36:42Z,PT43S,cJVT1dKzMAs
オリジナルアニソン,王道アニソン風ハードロック #作曲してみた #オリジナル曲 #再生されない,N. J. Yamato　作曲してみた,270,1,1,2026-07-17T12:30:08Z,PT14S,nKF8QhzKhJI
オリジナルアニソン,【アニソン】革命道中 アイナ・ジ・エンド ダンダダン オリジナル振付 ダンスレッスン,自Break,1098,2,0,2026-07-17T12:00:38Z,PT38S,UyqUkyNQoXE
オリジナルアニソン,＃ゆきのかけら　＃オリジナル曲 　＃セルフカバー　＃歌ってみた　＃みちるのおうた　#shorts,柚木みちる,172,0,0,2026-07-17T09:00:29Z,PT31S,tof6Y5KOZNA
オリジナルアニソン,アニソンOP風オリジナル 風を追い越せ,アニソン風音楽@なぎ,28,4,0,2026-07-17T09:00:20Z,PT3M26S,f5GcKYxT3PA
オリジナルアニソン,君の魔法（Short Version） #music #j #音楽ユニット #song #オリジナル曲 #邦ロック #音楽 #アニソン #pop,THE POOLS,511,0,0,2026-07-17T05:11:51Z,PT2M32S,lV7atXDwyD4
オリジナルアニソン,コロス／HN CREATURES #shorts #hncreatures #dtm #original #music #オリジナル曲 #歌ってみた #寿,HN CREATURES【Original & Cover 】,355,3,0,2026-07-16T20:30:14Z,PT31S,eIzZQ4eB6Ws
オリジナルアニソン,"【Playlist】気持ちよすぎる！超疾走アニソン風プレイリスト / Anime Style Original J-POP, J-ROCK Mix【作業用BGM】【アニメOP風】",ろくろくさん,3282,65,4,2026-07-16T12:36:35Z,PT1H59S,gDx1qKJXfDI
オリジナルアニソン,Re Compile! 【AI オリジナル楽曲・打倒！マスキング効果！ホモフォニー版】,ぐらふ,29,1,0,2026-07-16T12:23:56Z,PT3M17S,OZB5FscES5I
オリジナルアニソン,♪交差された斧  [  closed ax  ]  ・オリジナル曲 #bgm #musicline #戦闘bgm #music #オリジナル曲#originalbgm,innocence,618,3,0,2026-07-16T12:15:47Z,PT2M36S,WqchU6LGDRc
オリジナルアニソン,王道アニソン風ハードロック #作曲してみた #オリジナル曲 #再生されない,N. J. Yamato　作曲してみた,220,0,1,2026-07-16T12:15:30Z,PT13S,fNatih-qKz0
オリジナルアニソン,【J-Rock】🔥 54分間の熱いアニメ｜女性ボーカルによるオリジナルオープニングソング10曲 Vol.1 🔥,Ryusei Studio | 流星スタジオ,219,2,0,2026-07-16T12:00:15Z,PT54M22S,7-u5p2v63rs
オリジナルアニソン,「蒼空の彼方へ」MV — Beyond the Azure Sky #オリジナル曲 #シンフォニック #幻想音楽 #EpicMusic #AnimeMusic #バラード #jpop #アニソン,Destiny.dot.3,359,7,0,2026-07-16T11:26:38Z,PT1M9S,QGFzyemP81w
オリジナルアニソン,キラキラ☆ギャラクシー/可愛いから広がっていく世界【アニソン風オリジナル曲】,にくまん.,197,7,0,2026-07-16T09:38:02Z,PT4M17S,8YRU-OH3Llo
オリジナルアニソン,アニソンOP風オリジナル 朝の眩しさに,アニソン風音楽@なぎ,47,3,0,2026-07-16T09:00:25Z,PT3M22S,rQjbHCyJjF0
オリジナルアニソン,シーソーゲーム 配信予告 #オリジナル曲 #shorts,しょうなりPチャンネル,159,0,0,2026-07-16T03:00:33Z,PT1M1S,jB0nde4cI4A
オリジナルアニソン,☁️『青空へ』フルコーラス、もうすぐ公開。最後まで届くこの物語を、ぜひ聴いてください。#YUIYUDU #青空へ #オリジナル曲 #近日公開,YUIYUDU Story Music,161,1,0,2026-07-16T02:11:33Z,PT14S,LIVd6H6CpTc
オリジナルアニソン,オリジナル曲保護猫Chibiとナオミちゃん～保護猫Sippokreはお父さん？～連作です,やすゆきチャンネル,152,2,0,2026-07-15T22:24:12Z,PT1M10S,WglBpyZnvKI
オリジナルアニソン,赤レンガの記憶　オリジナル,YSE-EA,897,2,0,2026-07-15T17:33:18Z,PT31S,c7aFLL40om0
オリジナルアニソン,AI オリジナル楽曲 ご当地ソング　北海道の歌∶『春待つ心』,重箱のスミツキ音楽学,26,0,0,2026-07-15T13:42:04Z,PT14S,LmvSEKcfqpQ
オリジナルアニソン,まいど！シンコクくん（アニメ『シンコクくん』主題歌）🎸（ #オリジナル曲 #AI #googlegemini #アニメ主題歌 #アニソン #shorts #75歳 ）🎸,むかし75漫画🎸弾き語り,19,0,0,2026-07-15T13:22:45Z,PT31S,lxQEG9NSnRs
オリジナルアニソン,王道アニソン風ハードロック #作曲してみた #オリジナル曲 #再生されない,N. J. Yamato　作曲してみた,393,2,1,2026-07-15T12:00:34Z,PT12S,OaMOTfMZ3wE
オリジナルアニソン,今、僕は新しい夢になる EIKYO#オリジナル曲 #シンガーソングライダー#ロック #ssw #ギター弾き語り,EIKYO,187,3,0,2026-07-15T11:07:59Z,PT58S,bR45ZlYpVv8
オリジナルアニソン,アニソンOP風オリジナル 一輪の花,アニソン風音楽@なぎ,17,1,0,2026-07-15T09:00:02Z,PT3M19S,LZkhuxZYjXo
オリジナルアニソン,人生のハンドル  #オリジナルメロディ #Suno #人生 #JROCK #shorts,木音(きおん),155,1,0,2026-07-15T03:37:20Z,PT1M37S,e9tYr2C2Meo
オリジナルアニソン,61歳ボーカリスト　「ポップロック」を歌う！ #オリジナル曲,PFL MIKI YouTube channel,1039,10,1,2026-07-15T03:16:01Z,PT1M,tthi34ovqdk
オリジナルアニソン,【オリジナル曲】RAISE MYSELF / REGALILIA 10th Single【パレプロ / MV】,Palette Project Channel,4491,648,63,2026-07-14T12:00:06Z,PT4M8S,AJjg23ltKs0
オリジナルアニソン,王道のアニソン風ハードロック #作曲してみた #オリジナル曲,N. J. Yamato　作曲してみた,176,0,1,2026-07-14T11:30:03Z,PT13S,6atL4APsOnk
オリジナルアニソン,オリジナルソング/続々と配信中/焔レイナ/熊対策ロックンロール #オリジナル曲,焔レイナ【HOMURA REINA】official music,213,3,6,2026-07-14T11:00:32Z,PT28S,2ZHM9DgtRxk
オリジナルアニソン,【テンション爆上げ！】王道アニソン風ハードロック | Ascension 【オリジナル曲】 | Anime-Style Hard Rock,N. J. Yamato　作曲してみた,4,0,1,2026-07-14T10:00:17Z,PT1M33S,WEWt2N11xIg
epic anime battle ost,The Ultimate Anime Battle OST Mix | 60 Minutes of Orchestral Power,Anime Sound Design,2,1,0,2026-07-26T18:15:03Z,PT56M20S,xETHHdPDxMU
epic anime battle ost,Epic Anime OST - Bionic Battle (w/Delta),Madara S.,3,0,0,2026-07-26T17:45:58Z,PT2M,sEQ9kF7eGS8
epic anime battle ost,Yoruichi Vs Askin ost (Epic String Version) #bleach #tybw #yoruichi #animemusic #animeamv,Anime Battle Music,706,19,1,2026-07-26T16:49:23Z,PT39S,MWOCxxqhR-4
epic anime battle ost,The most awaited fight in anime 🔥 #animeedit #demonslayer #jujutsukaisen,MUI SAN,697,0,3,2026-07-26T15:25:13Z,PT25S,K7fdzTlNtWo
epic anime battle ost,UnUltimate Anime Battle | Epic Sword Fight ⚔️⚡ #Anime #Shortstitled,@AnimeZoneOfficial,1393,12,0,2026-07-26T15:17:08Z,PT11S,OOTvikns3Uo
epic anime battle ost,The Honored One | Epic Anime Soundtrack ⚡ Gojo Satoru Inspired OST (Jujutsu Kaisen),Symphonic Heroics,40,5,0,2026-07-26T14:52:16Z,PT8M1S,B4UpBfntxCU
epic anime battle ost,Epic Anime Fight ⚔️ | Dark Warrior vs Shadow Beast 🔥 | 4K Anime Edit #shorts,Shadow Anime 32,4,2,1,2026-07-26T13:30:36Z,PT14S,npfW2UZGEuE
epic anime battle ost,Eren vs Female Titan | The Most Brutal Titan Fight Ever 😱 Attack on Titan #titan #anime,Anime Shorts,3309,0,1,2026-07-26T12:55:22Z,PT29S,_pexj6k_VLA
epic anime battle ost,KING KONG vs Anime Football Team ⚽🔥 Epic Soccer Battle | Giant Monster vs Anime Heroes- 4K Cinematic,IT'S@ME,2010,12,1,2026-07-26T11:30:29Z,PT41S,keCct6YA9a0
epic anime battle ost,Epic Anime Battle Music 🔥 Powerful Cinematic Orchestral Mix | Heroic & Intense Action Music,YumeKibo | Drawing ,0,0,0,2026-07-26T11:23:21Z,PT15M43S,w5vG7rcIgb4
epic anime battle ost,Gojo vs Naruto Uzumaki 🔥 The Ultimate Anime Battle! 😱 #shorts,Mason Cooper,1141,0,5,2026-07-26T09:25:12Z,PT48S,GiUiihpyHgs
epic anime battle ost,Anime Hero vs Giant Robot | Epic Battle #Shorts #anime,Gullu,657,23,2,2026-07-26T08:34:34Z,PT56S,bznLOwef-48
epic anime battle ost,Gojo vs Ghetto | The Ultimate Anime Battle Jujutsu Kaisen Forever | Epic Fight #anime #eren #cover,animeInfinity01,13,0,0,2026-07-25T13:59:19Z,PT51S,s39CmtLqQWE
epic anime battle ost,King of Curses for a Reason | epic Anime Fight 4K #jjk #demonslayer #sukuna,PainAMV,14958,0,22,2026-07-25T13:48:10Z,PT19S,HQLM8mKzoH8
epic anime battle ost,Goku vs Legendary Dragon 🐉⚡ | Epic Anime Battle #shorts,@Ankit... badgoti070,0,0,0,2026-07-25T13:36:19Z,PT11S,wR6tLSidAyA
epic anime battle ost,Epic Anime Battle Music (呪いの覚醒) ⚔️👹 #TheCurseWithin #Shorts,MultiSound_Studio,41,2,2,2026-07-25T10:06:42Z,PT1M,vt7NxRK1pLs
epic anime battle ost,Pure Sequel ⚡ INSANE Anime Rock MIX | Epic Shamisen Battle — 90 Min Nonstop for Workout & Gaming,Wabi Sound Works,5,1,0,2026-07-25T09:00:05Z,PT1H27M46S,9M6LAIZdUIg
epic anime battle ost,🔥 Ultimate Anime Action Battle ⚔️ | Cinematic AI Anime Short | Epic Fight in 4K #shorts #anime,anime show,4,0,0,2026-07-25T07:31:37Z,PT21S,C85gJib6Dzc
epic anime battle ost,Gojo vs Sukuna | Ultimate Cursed Energy Clash ⚡🔥 | Epic Anime Battle (4K),Vansh Kaushal,280,4,0,2026-07-25T06:27:29Z,PT1M1S,6NayeeoAgC0
epic anime battle ost,"#DreamTrackAI Anime battle song, epic drums, electric guitar, fearless ninja, victory, high energy.", @anime.stories13,7,0,0,2026-07-25T03:00:49Z,PT31S,zwjjPCoHAW4
epic anime battle ost,焔痕の神姫 - Flame Sigil -｜神焔が刻む運命｜Anime Opening × Emotional Fantasy Rock,Asura Anime Music,56,4,6,2026-07-25T01:00:06Z,PT4M33S,IGFaFtHqx2w
epic anime battle ost,This fight scene is absolutely peak 😨 | Vivy: Fluorite Eye's Song |#anime #shorts #viral #edit #amv,Orion Senpai,20,0,0,2026-07-25T00:30:25Z,PT32S,Qeb_MGKzXYw
epic anime battle ost,The Griffon's Charge ⚔️ Epic Dark Fantasy Battle Music for D&D | 2 Hours,Kitsune Grove: The Tavern,419,34,3,2026-07-25T00:00:04Z,PT2H1M25S,htYk3zuVMvo
epic anime battle ost,⚔️ Anime Superhero vs Ultimate Enemy 🔥 Epic AI Fight Scene | #Shorts,𝙏𝙧𝙚𝙣𝙙 𝙉𝙤𝙫𝙖,2041,0,0,2026-07-24T16:33:18Z,PT11S,GOkcvPEKsNA
epic anime battle ost,Epic Anime Battle Music 🔥 | Power Unleashed – Arc Instinct Music,Arc Instinct Music,18,1,0,2026-07-10T10:00:32Z,PT2M12S,8RFJZiqdQlE
epic anime battle ost,Rise of the Storm | Epic Battle Music - Powerful Orchestral Action Theme (Choir + Drums),Marck_sound,1367,24,0,2026-07-06T17:26:10Z,PT2M40S,TFxSBDOMUx4
epic anime battle ost,Epic Anime Battle Music,Wisdom Scroll - Topic,9,0,0,2026-07-03T10:03:28Z,PT3M33S,v1EoF2vTjCo
epic anime battle ost,attack on titan Sabse best seen#short #power #levi #trllofack #attackontitan #titan,DK. BOSS,1755,41,24,2026-07-24T16:00:08Z,PT18S,8YTPHWorQpo
epic anime battle ost,KENKI 剣姫  |Stormblade Requiem | Epic Japanese Orchestral Battle Music (Taiko × Shamisen × Orchestra),- 匠 - Japanese Drums,56,1,0,2026-07-24T15:00:12Z,PT44M18S,VCy-Uqd2UpA
epic anime battle ost,"""Best Manipulator?🕶️"" - Aizen Edit ||#shorts#viral#trending#edit#funk#aizen#bleach#manga#mangaedit",Zoomey X,1796,0,11,2026-07-24T12:13:12Z,PT17S,qwbRov8avsQ
epic anime battle ost,Goku Ultra Instinct Unleashed ⚡ Ultimate Power Awakens | Epic Anime Battle 💥 #ultra,asif ,1278,0,0,2026-07-24T10:58:22Z,PT34S,u0dm35k4kiw
epic anime battle ost,Epic Anime Battle Music 🔥 | Flames of the Guild – Arc Instinct Music,Arc Instinct Music,7,1,0,2026-07-24T10:00:36Z,PT4M28S,31dyPhR-EVo
epic anime battle ost,Nezha vs Ao Bing Epic Fight 🔥 #shorts,RAJI3337,1552,74,0,2026-07-24T04:00:02Z,PT37S,w8nyZ48NwmI
epic anime battle ost,🔥 Epic Anime Fight Edit ⚡ 4K Ultra HD | Best Action Edit #shorts,MD ANIME 69,16,0,1,2026-07-24T02:03:46Z,PT29S,z7n0r4T26_Q
epic anime battle ost,🔥 Demon Queen vs Shadow Warrior ⚔️ | Epic Anime Battle,Short Entertainment ^®,130,7,2,2026-07-24T01:18:42Z,PT31S,DCzS81EiJto
epic anime battle ost,Last Stand Rising | Epic Anime AI Song (Emotional Battle Music),Silver AI,1,0,0,2026-07-23T23:06:44Z,PT4M38S,jg0QImMC41U
epic anime battle ost,FINAL BOSS BATTLE MUSIC 💀 DARK EPIC TRAILER & ORCHESTRAL GAMING MUSIC ⚔️ FANTASY SOUNDTRACK JRPG ⚔️,Eternal Sunset Sounds,0,0,0,2026-07-23T22:00:06Z,PT5M19S,9Ps7z-1jLg8
epic anime battle ost,Epic Final Boss Battle Music – Ice Queen’s Judgment | Dark Fantasy Metal,Ratshade,9,0,0,2026-07-23T20:00:15Z,PT3M10S,IFDM7lfPtDA
epic anime battle ost,『 The Last Blade 』最後の刃 || Epic Anime Music That Feels Like A Final Battle,Anima Nøima,34,1,0,2026-07-23T19:47:56Z,PT4M3S,MpIOdldKIjk
epic anime battle ost,Epic Battle Music MIX | A magnificent and coldly precise Sci-Fi Fantasy Battle Symphony | No.241,A tale of sound - Battle music ch -,1674,71,10,2026-07-23T19:44:46Z,PT1H27M52S,v6V-8gpwQz8
epic anime battle ost,Ultimate Impact Beat ⚡ Epic Battle Music for Anime Edits | FREE TO USE,Kentoz Beats,8,0,0,2026-07-23T11:57:19Z,PT59S,ilohH2Y_YY8
epic anime battle ost,⚡ Divine Rage | Epic Anime Battle Anthem 🔥👑,Rhymora,2,0,0,2026-07-23T11:36:42Z,PT2M59S,6NwREnUTKt0
epic anime battle ost,⚫ Domain | Epic Anime Cinematic Battle Song 🔥⚔️,Rhymora,6,0,0,2026-07-23T11:37:14Z,PT2M58S,IP5JyBq1WtY
epic anime battle ost,Epic Battle Music Vol.10【Purifying Seraph】Most Dark Celestial Powerful Orchestral Rock | 作業用BGM,Final Phase,154,12,4,2026-07-23T11:30:21Z,PT59M44S,mxxIk1HDlCw
epic anime battle ost,🔥 Ashes of Victory | Epic Anime Battle Song ⚔️🎵,Rhymora,30,1,0,2026-07-23T11:32:10Z,PT2M59S,eIYT1uV1D_g
epic anime battle ost,終焉執行官 - Executor Zero -｜世界終焉の最後命令、崩壊する世界の最終兵装｜Epic Anime Opening × Apocalyptic J-Rock,Asura Anime Music,136,3,0,2026-07-23T07:00:11Z,PT20S,TgHfa9uJ1kY
epic anime battle ost,Epic Anime Battle Music ⚔️ Ice vs Fire | Crystal Saint vs Obsidian Vanguard,Eternal Creative Music,24,2,0,2026-07-23T06:09:33Z,PT9M51S,7yUJ2_iHnnY
epic anime battle ost,《万象の武尊 - Sovereign of All Forms -》👑 万象を統べる者｜Anime Opening × Elemental Sovereign Theme,Asura Anime Music,178,5,0,2026-07-23T01:00:01Z,PT14S,_liSs1sVvZI
epic anime battle ost,EPIC WAR MUSIC ⚔️ Powerful Cinematic Choir & Drums | Gaming Battle Music JRPG [No Copyright],SinnersSanctuary,8,0,0,2026-07-22T22:00:05Z,PT3M21S,yuLmwYRJXN0
epic anime battle ost,"Epic Anime Fight Shout: ""Take It!"" – Must‑Watch Power Attack!",Anime Pulse Pak,5,0,0,2026-07-22T17:16:39Z,PT12S,gjD0C0hNMqY
epic anime battle ost,Titan vs Demon Slayer ⚔️🔥 | Epic Anime Battle in a Destroyed City (4K),Sambhu anime,65,2,0,2026-07-22T16:00:53Z,PT11S,GuOt_xnYPIc
epic anime battle ost,Itachi vs Kokushibo. epic anime battle. guess who wins,Anime Clash...,1425,24,0,2026-07-22T15:20:00Z,PT11S,tEF2mPN_utk
epic anime battle ost,Frieza vs Broly  Epic Anime Battle Explodes! #animefusion #dragonballz #anime #dbz #dragonball,DREAMS TIME DBZ ANIME,2,0,0,2026-07-22T14:56:00Z,PT20S,Tky5PhZWIP0
epic anime battle ost,Drums of the Last Eclipse | Epic Anime Final Battle Music | Japanese Orchestral Instrumental,Zura Music,31,4,0,2026-07-22T13:00:05Z,PT7M9S,tSDWT57Jfvo
epic anime battle ost,【作業用BGM】Epic Background Music 戦闘BGM/Battle Rock『Railshade』,Soothing sound Mikan,2225,117,8,2026-07-22T11:50:26Z,PT1H1M11S,0gbrq8WN9Pw
epic anime battle ost,⚔️ Arise | Epic Anime Awakening Song 🔥🎵,Rhymora,3,0,0,2026-07-22T11:21:35Z,PT2M59S,nI22VZxABCo
epic anime battle ost,😈 Demon Time | Epic Dark Anime Battle Song 🔥⚔️,Rhymora,5,0,0,2026-07-22T11:20:04Z,PT2M56S,yM5QVHn6oL4
epic anime battle ost,Epic Anime Battle Edit 🔥 | Ultimate Power Clash# #shortviral #dragoball #trolledit,Trollface editor ,2121,48,2,2026-07-22T11:15:07Z,PT28S,zhQVmQFEzm4
epic anime battle ost,Giyu vs Akaza ⚔️ Epic Battle | Demon Slayer Epic Battle #DemonSlayer #Giyu #Akaza #InfinityCastle,R-AMVX,982,62,0,2026-07-22T11:05:17Z,PT1M30S,_oRxQtp_RAI
epic anime battle ost,Naruto vs Sukuna 🔥 Epic Anime Fight #shorts #anime,Elite Pulse,22,5,0,2026-07-22T01:45:41Z,PT11S,87beESXoKv4
epic anime battle ost,EPIC ORCHESTRAL MUSIC ⚔️ Legendary Battle Music & Cinematic Trailer | Gaming RPG War [No Copyright],Heartbreak Aura,9,0,0,2026-07-21T22:00:06Z,PT5M25S,sRf45NJFneY
epic anime battle ost,Marriage Toxin – Best Fight 🔥⚔️ | Epic Anime Edit #Shorts,ANIME  EMPIRE ,393,6,1,2026-07-21T13:25:31Z,PT42S,RQM9neEkrbg
epic anime battle ost,Eclipse of Destiny | Epic Orchestral Battle Music | Powerful Instrumental,Zura Music,42,3,0,2026-07-21T13:00:11Z,PT8M1S,S76lSoJ6jfc
epic anime battle ost,☠️ No Mercy | Epic Anime Battle Song ⚔️🔥,Rhymora,15,0,0,2026-07-21T12:37:51Z,PT3M2S,5QmOShj4wrc
epic anime battle ost,星図の観測者 - Astral Cartographer -｜星が導く、まだ見ぬ世界へ｜Anime Opening × Adventure Fantasy Rock,Asura Anime Music,98,5,0,2026-07-21T11:00:30Z,PT4M50S,Kt6nFAAVxuE
epic anime battle ost,"#viral ""Epic Anime Battle: Gojo vs Fire Heroine! ⚡🔥""",Reyansh Animation offical💥💥,8,2,1,2026-07-21T10:03:31Z,PT11S,PrmYhzMe0No
epic anime battle ost,💥 One Warrior vs Giant Army! 😱 | Epic Anime Battle #Shorts,Titan Realm,1250,0,0,2026-07-21T09:26:03Z,PT11S,B_zQ7oxcxVU
epic anime battle ost,🔥 Solo Leveling Monster vs Monster 😱 | Epic Anime Fight #shorts #manhwa #viral,India Manga Spotlight ,2250,0,0,2026-07-21T08:09:39Z,PT21S,e0XTGQvKChE
epic anime battle ost,機皇の心臓 - Heart of the Machine King -｜この鼓動が、眠れる王を呼び覚ます｜Anime Opening × Super Robot × Emotional J-Rock,Asura Anime Music,223,3,0,2026-07-21T04:00:23Z,PT12S,j_bizAbj6fs
epic anime battle ost,Shinobu Kocho vs Douma - Final Battle OST | Epic Emotional Soundtrack #kimetsunoyaiba  #shinobu,Gary Cabrera Suarez,999,4,0,2026-07-21T03:42:17Z,PT31S,ypJB7lQxEI8
epic anime battle ost,LAST STAND OF THE DAWN | Epic Anime Rock Battle Song (English & Korean) | Official Music Video,Lucas R Cinematic Lab.,14,1,0,2026-07-21T01:48:39Z,PT3M12S,-wdV4TYIlGQ
epic anime battle ost,🔥 Final Uchiha | Epic Anime-Inspired Battle Song ⚔️🎵,Rhymora,20,1,0,2026-07-21T00:36:17Z,PT2M52S,WIYTh_OZnQc
epic anime battle ost,Epic Anime Battle: DBZ vs Naruto vs One Punch Man #shorts,OneShotHub,943,9,0,2026-07-20T21:03:01Z,PT1M25S,PbthVsI_fz0
epic anime battle ost,Jujutsu Kaisen - Yuji's Rage Theme (Epic Rock Version),Anime Battle Music,2709,80,5,2026-07-20T19:00:34Z,PT2M52S,DvlSs8QU1e0
epic anime battle ost,attack on titan Sabse best seen#short #power #levi #trllofack #attackontitan #titan,DK. BOSS,9170,120,26,2026-07-20T16:00:01Z,PT18S,Ons-Ok7Dhls
epic anime battle ost,🔥 The Most Epic Anime Fight!,Popcorn in ,6,3,2,2026-07-20T15:04:38Z,PT28S,xRsRcLRSCpM
epic anime battle ost,Pain vs Aizen. epic anime battle. guess who wins,Anime Clash...,33,1,0,2026-07-20T14:57:37Z,PT11S,TZZVHcHxx5M
epic anime battle ost,Unbroken Warcry - Epic Orchestral Metal Battle Anthem for Warriors Who Never Surrender,Wave Echoes,964,57,19,2026-07-20T13:00:20Z,PT5M5S,ruD-OA-vxTs
epic anime battle ost,Naruto (Baryon Mode) vs Minato (Sage Mode) ⚡ Epic Anime Battle | 4K Cinematic Edit,Anime Ai ,1437,18,0,2026-07-20T11:43:07Z,PT11S,5oXCj7X725g
epic anime battle ost,🔥 Epic Anime Sword Fight ⚔️ Coldest Edit Ever 🖤 #shorts #anime#shorts #youtubeshorts,AZEXU,3,1,0,2026-07-20T11:36:43Z,PT23S,SoEvISuyNY0
epic anime battle ost,🔥 Ultra Instinct Goku vs The Ultimate Beast! 😱 | Epic Anime Battle!,Gaffar Molla,1350,19,0,2026-07-20T08:00:03Z,PT11S,hkWoIUkwGY4
epic anime battle ost,超魔神カイザリオン - Kaiserion Nova -｜鋼の魔神、覚醒せよ｜Super Robot Anime OP × Mecha Battle Rock × 熱血メカバトル音楽,Asura Anime Music,248,4,0,2026-07-20T06:00:19Z,PT24S,i7Ld1_zYMYc
epic anime battle ost,Luffy Gear 5 vs Sung Jin-Woo ⚡ Epic Anime Battle #shorts,HAYAT.STORIES,1066,0,3,2026-07-20T05:07:47Z,PT48S,suFJXl7kP0I
epic anime battle ost,👑 Demon Slayer's Best Fight? 🥶🔥 | Tanjiro vs Gyutaro #anime #tanjiro #gyutaro #viral #shortfeed,AnimeToonzzz,49,2,2,2026-07-20T04:52:39Z,PT1M4S,Lo3FX5J6u1g
epic anime battle ost,⚔️ Mecha Warriors vs Frozen Yeti-Wolf Titan | Epic Anime Battle on the Mountain Summit,Iron Legion,579,8,0,2026-07-20T01:00:00Z,PT11S,jfKiUcuhRjI
epic anime battle ost,REDLINE | EPIC ORCHESTAL BATTLE MUSIC (Cinematic),NVTHVNIEL,2065,31,1,2026-07-19T23:45:56Z,PT4M12S,S4GDnR0wC6U
epic anime battle ost,Our Names Written in the Stars - Epic Orchestral Anthem,NovaAura,52,7,1,2026-07-19T23:00:00Z,PT1M15S,EM3ynNF07co
epic anime battle ost,WHEN JOHNNY COMES MARCHING HOME - Epic Anime J-Rock Cover | NILKAI,NILKAI [Official],135,2,1,2026-07-19T21:00:06Z,PT2M44S,g4JkQA2rphE
epic anime battle ost,【鬼滅の刃】運命の刃 (Unmei no Yaiba) ⚔️ | Epic Japanese Rock Battle Song | Anime Opening Style | Demon Slayer,Real Toons Studio,0,0,0,2026-07-19T18:30:09Z,PT3M39S,QoUzz-1XBr4
epic anime battle ost,The Best anime battle!! #fyp #anime #epic #battle,LaugTV Studios ,1,1,0,2026-07-19T18:16:48Z,PT11S,spTbl1rI2cw
epic anime battle ost,Epic Dark Fantasy Rock Raise your blade | Epic Anime Battle Music Video (AMV),Vermilion Chronicles,39,4,1,2026-07-19T16:00:14Z,PT1M58S,0YSjuqcIVkM
epic anime battle ost,Sasuke vs Vegeta Live Action | The Most Epic Anime Battle Ever!  #feedshorts #naruto #vegeta,Rudy AI,52,4,0,2026-07-19T15:00:31Z,PT1M19S,tMU1VvBv_3c
epic anime battle ost,The Last Hero Standing 🔥💥 | Epic Anime Battle in a Destroyed City #Shorts,Doubao AI Generated,98,2,1,2026-07-19T14:31:08Z,PT11S,6rFMY9CM7bs
epic anime battle ost,Heavenbreaker | Epic Orchestral Metal Anthem | Final Boss Battle Music for Dark Fantasy,Wave Echoes,573,42,7,2026-07-19T13:00:15Z,PT4M47S,NyLpv8ZbC-U
epic anime battle ost,Naruto vs 3 Dragon Monsters 🐉⚡ Epic Anime Battle in 4K | AI Cinematic Fight,Anime Ai ,1367,4,0,2026-07-19T11:47:10Z,PT11S,jAePrkaLi74
epic anime battle ost,THE LAST GUILD ⚔️ Epic Fantasy Battle Theme | Anime Opening OST,COOL SYNDROME,19,1,0,2026-07-19T11:00:29Z,PT6M53S,8O6F1dLLf4c
epic anime battle ost,SKY ANNIHILATION | OST Official Release Ft. @ZeusCyberYT ,AlyerAlready ,557,16,3,2026-07-19T10:51:58Z,PT4M44S,dyZ-CCnJhFw
epic anime battle ost,Heavenbreaker | Epic Orchestral Metal Anthem | Final Boss Battle Music for Dark Fantasy,Wave Echoes,283,9,2,2026-07-19T10:45:31Z,PT30S,Xa9l1efUfc0
epic anime battle ost,Death Knight's Oath | Epic battle music,Valkyrenith - Topic,79,1,0,2026-07-19T10:03:18Z,PT3M,vfbePXhGcEI
epic anime battle ost,ONE PIECE | Whitebeard Theme • Epic Orchestral Battle OST,Lonely Ronin,1188,20,0,2026-07-19T07:54:32Z,PT3M57S,BbgmZz143Vk
和風 戦闘 BGM,【作業用BGM】和太鼓×シンセ - 日本アニメ風バトルBGM（Epic Japanese Anime Battle BGM | Taiko Drums x Synth）,Slow Hours Lofi,3,0,0,2026-07-26T14:56:44Z,PT10M1S,bu5moeSVUD4
和風 戦闘 BGM,風舞 -FUUBU- 三味線×ロック 和風戦闘BGM / Japanese Samurai Battle Rock Mix,YAMATO -Samurai Beats-,19,0,1,2026-07-26T13:28:19Z,PT1H1M38S,tN1QzPx-tqk
和風 戦闘 BGM,When You Refuse to Back Down｜Epic Japanese Battle Music (和風戦闘BGM),KITSU BEATS,0,0,0,2026-07-26T12:22:26Z,PT2H11M9S,VsVz7R--CPc
和風 戦闘 BGM,1 Hour Loop｜Push Beyond｜Epic Japanese Battle Music (和風戦闘BGM 1時間耐久),Gameflow Tunes Tokyo,139,12,2,2026-07-26T12:00:31Z,PT1H2M39S,tVTt28zyMes
和風 戦闘 BGM,薙刀の物語 ｜ Samurai Focus Beats (和風戦闘BGM),Bushido Ignite,0,0,0,2026-07-26T11:00:06Z,PT1H5M16S,5gdzNcdeR5E
和風 戦闘 BGM,KARMA - Dark Cyberpunk Drum & Bass | Deep & Creepy Soundscapes【和風】,koyuchi -Shamisen Beats-,334,50,8,2026-07-26T10:45:15Z,PT1H2M32S,CxR6jlx0A6Q
和風 戦闘 BGM,陰陽師ガールの和風ロック🦊和×戦闘曲「狐火乱舞」中毒サビ×女性ボーカル×アニメ戦闘BGM｜作業用・ゲーム用,Samurai Battle BGM【和楽器×ロック】,1,0,0,2026-07-26T08:00:33Z,PT1H1S,kFhATLTBZzE
和風 戦闘 BGM,【百人一首ロック】有名20首を戦闘BGMで覚える🔥女性ボーカル和風ロック・競技かるた・古文,Samurai Battle BGM【和楽器×ロック】,1,0,0,2026-07-26T05:00:39Z,PT4M45S,OYiP874qBhQ
和風 戦闘 BGM,【和風Playlist】Flow Stateに入る和風EDM⚡作業没入・Coding Music 60min,Natural Lo-fi Girl,33,3,1,2026-07-26T01:50:43Z,PT1H8M56S,GB-IT9tCJFM
和風 戦闘 BGM,【和風戦闘BGM】限界を、喰らえ。Devour Your Limits｜緋鬼姫 HIONIHIME｜和楽器×オーケストラ,緋鬼姫-HIONIHIME,138,5,1,2026-07-26T01:10:35Z,PT41M27S,7TI-Yqiafnw
和風 戦闘 BGM,【フリーBGM・歌あり】疾走感あふれる和風ロック「蒼の月」｜戦闘・ゲーム・映像向け｜商用利用可,NEXUS_MATERIAL 【フリーBGM･音源素材】,25,2,1,2026-07-25T22:59:29Z,PT3M7S,nT34Jb0SiC4
和風 戦闘 BGM,Win the War Within ⚔️ WAR WITHIN | Epic Samurai Battle BGM | Boss Fights,Rushblade Tokyo - Japanese Battle Music,10,2,1,2026-07-25T22:00:02Z,PT49M33S,7_gX30GjJqc
和風 戦闘 BGM,Reign of Defiance | Epic Japanese Battle Music (和風戦闘BGM),KITSU BEATS,6,0,0,2026-07-25T12:22:24Z,PT2H11M,BkGf4UxMOQQ
和風 戦闘 BGM,隠密くのいちの奔流 ｜ Epic Japanese Battle Music (和風戦闘BGM),Bushido Ignite,6,0,0,2026-07-25T11:00:35Z,PT1H7M22S,Ft7Bk1wOB0Q
和風 戦闘 BGM,【フリーBGM】Kagura Overdrive【和風ロック 三味線 爆速 戦闘曲】,Sound Eve / フリーBGM,4,1,0,2026-07-25T11:00:28Z,PT2M49S,n0AmCuiLfQc
和風 戦闘 BGM,雨舞 -UBU- 三味線×ロック 和風戦闘BGM / Japanese Samurai Battle Rock Mix,YAMATO -Samurai Beats-,55,4,3,2026-07-25T10:15:32Z,PT1H2M58S,7FBx-Ex0VTk
和風 戦闘 BGM,【アニソン系BGM和風ロックPlaylist】整っていなくていい｜戦闘系和風ロック・女性ボーカル｜76分,和奏ロック堂 | Japanese Rock BGM,156,4,0,2026-07-25T09:00:27Z,PT1H16M24S,r8AcI7r7fCc
和風 戦闘 BGM,【フリーBGM】羅刹ノ鼓動【和風ロック 三味線 激しいギター 和太鼓 戦闘曲】 #nocopyrightmusic,Sound Eve / フリーBGM,67,4,0,2026-07-25T03:00:13Z,PT2M23S,js6WWb2qEsw
和風 戦闘 BGM,Unleash the Dragon Within ⚔️ DRAGON'S WRATH | Epic Samurai Battle BGM | Boss Fights & Soulslike,Rushblade Tokyo - Japanese Battle Music,6,1,1,2026-07-24T22:00:00Z,PT43M38S,PFAoLqHT-R8
和風 戦闘 BGM,華舞 -KABU- 三味線×ロック 和風戦闘BGM / Japanese Samurai Battle Rock Mix,YAMATO -Samurai Beats-,91,3,3,2026-07-24T17:43:47Z,PT1H9M47S,gRLK5jskSjU
和風 戦闘 BGM,Run Through the Night｜Epic Japanese Battle Music (和風戦闘BGM),KITSU BEATS,4,0,0,2026-07-24T12:22:04Z,PT2H11M48S,nkcwAEE5SsE
和風 戦闘 BGM,No One Stands in Your Way｜Epic Japanese Battle Music (和風戦闘BGM),Gameflow Tunes Tokyo,675,24,12,2026-07-24T12:00:09Z,PT59M21S,vcCFgReiFnk
和風 戦闘 BGM,将軍の影 ｜ Samurai Focus Beats (和風戦闘BGM),Bushido Ignite,48,0,0,2026-07-24T11:00:29Z,PT1H7M3S,ymgt-V22qD8
和風 戦闘 BGM,Epic Japanese Battle Music【和風戦闘曲】,Miyora Studio,56,1,0,2026-07-24T10:00:37Z,PT43M7S,KgJ2JO9C4ys
和風 戦闘 BGM,SAMURAI BATTLE MUSIC ⚔️ 和風戦闘BGM | Epic Japanese Battle Music,Miyora Studio,58,2,0,2026-07-20T00:00:19Z,PT36M31S,NeCBLawbnqA
和風 戦闘 BGM,SAMURAI SHAMISEN｜和風戦闘BGM 和風ロック,Miyora Studio,44,2,0,2026-07-19T00:00:19Z,PT42M52S,Lgy9Arhtz9E
和風 戦闘 BGM,Make Your Move｜Epic Japanese Battle Music (和風戦闘BGM),Gameflow Tunes Tokyo,2413,98,8,2026-07-17T12:00:11Z,PT41M5S,Cv3FueqSJE8
和風 戦闘 BGM,【フリーBGM】雷神の怒りに立ち向かう時のBGM | 火雷天神 ― 天を裂く御霊の一閃【かっこいい・戦闘・和ロック】,BGM Studio Noi,119,12,0,2026-07-24T09:00:25Z,PT3M53S,JbhJ7i9FNlI
和風 戦闘 BGM,Samurai Girl ⚔️ 戦闘用エピック和風バトルBGM #shorts #battlebgm #gamingmusic,Samurai Battle BGM【和楽器×ロック】,126,0,0,2026-07-24T09:00:23Z,PT41S,XhbOXb_OkJ0
和風 戦闘 BGM,【アニソン系BGM和風ロックPlaylist】斬り開け｜戦闘系和風ロック・女性ボーカル｜79分,和奏ロック堂 | Japanese Rock BGM,230,3,0,2026-07-24T09:00:23Z,PT1H18M51S,gOcmymXjcBw
和風 戦闘 BGM,Walk the Warpath ⚔️ WARPATH | Epic Samurai Battle BGM | Boss Fights & Soulslike,Rushblade Tokyo - Japanese Battle Music,18,3,1,2026-07-23T22:00:27Z,PT46M59S,6WBijcRcTn8
和風 戦闘 BGM,【和風戦闘BGM】迷いを、斬れ。Cut Through Doubt｜緋鬼姫 HIONIHIME｜和楽器×オーケストラ,緋鬼姫-HIONIHIME,43,0,1,2026-07-23T20:52:34Z,PT40M19S,zI8OoTVRoN0
和風 戦闘 BGM,【Royalty-Free BGM】熱くて切ない戦闘曲、和風ダークJ-Rock、アニソン風熱く切ない和風ダークファンタジー６【エモい/妖艶/幻想的】,【著作権フリーBGM】ぷるっと企画チャンネル,24,2,0,2026-07-23T13:30:13Z,PT3M13S,hRPCSGdpuXg
和風 戦闘 BGM,When You Don’t Look Back｜Epic Japanese Battle Music (和風戦闘BGM),KITSU BEATS,0,0,0,2026-07-23T12:22:36Z,PT2H7M39S,YjYXLKkTL0k
和風 戦闘 BGM,反乱軍指揮官の進軍 ｜ Intense Work BGM (和風戦闘BGM),Bushido Ignite,35,3,0,2026-07-23T11:00:38Z,PT1H6M,7lS7uCq-E2Q
和風 戦闘 BGM,AYAME - Atmospheric Chill House Music for Relaxing & Focus【和風】,koyuchi -Shamisen Beats-,925,81,14,2026-07-23T10:45:37Z,PT1H5M14S,rTEl-L5aXSA
和風 戦闘 BGM,双舞 -SOUBU- 三味線×ロック 和風戦闘BGM / Japanese Samurai Battle Rock Mix,YAMATO -Samurai Beats-,160,5,1,2026-07-23T10:15:29Z,PT1H7M15S,1hmLng-Kj2o
和風 戦闘 BGM,【和風Playlist】電光石火の如く集中できる⚡三味線ROCKメドレー｜作業・勉強用BGM,Natural Lo-fi Girl,55,3,1,2026-07-23T05:08:39Z,PT1M11S,DnM6s9duHCE
和風 戦闘 BGM,【和風Playlist】電光石火の如く集中できる⚡三味線ROCKメドレー｜作業・勉強用BGM,Natural Lo-fi Girl,37,1,1,2026-07-23T04:52:53Z,PT1H4M8S,KvNHXer_5LI
和風 戦闘 BGM,【フリーBGM・歌あり】和の旋律×激しいギターの和風ロック「桜隠し」｜戦闘・ゲーム向け｜商用利用可,NEXUS_MATERIAL 【フリーBGM･音源素材】,88,4,1,2026-07-23T01:03:33Z,PT3M26S,ZhfciaK4J8k
和風 戦闘 BGM,SAMURAI  ⚔️ 魂を震わせる和風戦闘BGM 和風ロック,Miyora Studio,36,2,0,2026-07-23T00:00:00Z,PT49M16S,3xB-l1-x7-M
和風 戦闘 BGM,【和風戦闘BGM】内なる鬼を、放て。Unleash Your Inner Oni｜緋鬼姫 HIONIHIME｜和楽器×オーケストラ,緋鬼姫-HIONIHIME,24,0,1,2026-07-22T21:04:04Z,PT40M30S,xnJatElTOOM
和風 戦闘 BGM,CRUSHING MARCH ⚔️ 和風BGM × 三味線メタル | Samurai Music,黒百 - KOKUBYAKU Sound,55,1,0,2026-07-22T21:00:01Z,PT56M48S,Tl_T9jKVtI8
和風 戦闘 BGM,Last Stand of the Samurai｜Epic Japanese Battle Music (和風戦闘BGM),KITSU BEATS,9,0,0,2026-07-22T12:22:00Z,PT2H5M47S,3sHxgLSxm0I
和風 戦闘 BGM,FUJIN MODE ☯ Epic Japanese Wagakki BGM | 風神ノ嵐 #Shorts,天響 TENKYO,201,0,0,2026-07-22T12:18:27Z,PT48S,hK3p5EJuRrg
和風 戦闘 BGM,侍の道 ｜ Intense Work BGM (和風戦闘BGM),Bushido Ignite,5,0,0,2026-07-22T11:00:32Z,PT1H5M24S,omkmxCkX2Xw
和風 戦闘 BGM,凛舞 -RINBU- 三味線×ロック 和風戦闘BGM / Japanese Samurai Battle Rock Mix,YAMATO -Samurai Beats-,64,2,1,2026-07-22T10:15:19Z,PT1H11S,S8LVdk0lwPQ
和風 戦闘 BGM,【和風EDM】脳が覚醒する極上の重低音🎧神集中を誘う和風メドレー🔥作業・勉強用BGM,Natural Lo-fi Girl,784,10,1,2026-07-22T04:37:59Z,PT2M37S,NkGhfv0vXCQ
和風 戦闘 BGM,【和風EDM】脳が覚醒する極上の重低音🎧神集中を誘う和風メドレー🔥作業・勉強用BGM,Natural Lo-fi Girl,94,2,1,2026-07-22T04:31:54Z,PT1H4M8S,3gMTHnZVi7g
和風 戦闘 BGM,【フリーBGM】弦響雷鳴【和風J ROCK 三味線 ハイテンポ 戦闘曲】,Sound Eve / フリーBGM,20,1,0,2026-07-22T03:30:29Z,PT2M55S,7JqrLomSut4
和風 戦闘 BGM,【フリーBGM】冥府の灯火【和風ロック 三味線 激しいギター 和太鼓 戦闘曲】 #nocopyrightmusic,Sound Eve / フリーBGM,36,3,0,2026-07-22T03:00:29Z,PT2M48S,zwGKY0RDrX0
和風 戦闘 BGM,Strike From the Shadows ⚔️ SHADOW STRIKE | Epic Samurai Battle BGM | Boss Fights & Soulslike,Rushblade Tokyo - Japanese Battle Music,7,1,1,2026-07-21T22:00:15Z,PT45M4S,xCzzV1GjEkg
和風 戦闘 BGM,戦国侍BGM ⚔️ 作業が捗るエピック和風ロック #shorts #作業用bgm #samurai,Samurai Battle BGM【和楽器×ロック】,290,0,0,2026-07-21T22:00:35Z,PT41S,G519MtuG4lw
和風 戦闘 BGM,Step Into the Fire｜Epic Japanese Battle Music (和風戦闘BGM),KITSU BEATS,22,0,0,2026-07-21T12:22:38Z,PT2H6M52S,09CWosMuqsY
和風 戦闘 BGM,Into the Fray｜Epic Japanese Battle Music (和風戦闘BGM),Gameflow Tunes Tokyo,2307,79,6,2026-07-21T12:00:07Z,PT47M28S,zXGLfeASFTc
和風 戦闘 BGM,山寺の守護者 ｜ Epic Japanese Battle Music (和風戦闘BGM),Bushido Ignite,14,0,0,2026-07-21T11:00:37Z,PT1H6M49S,BxS9X8HGf58
和風 戦闘 BGM,鎧舞 -GAIBU- 三味線×ロック 和風戦闘BGM / Japanese Samurai Battle Rock Mix,YAMATO -Samurai Beats-,100,6,1,2026-07-21T10:15:04Z,PT1H7M5S,PiC_kddBUV8
和風 戦闘 BGM,【フリーBGM】羅刹ノ鼓動【和風ロック 三味線 激しいギター 戦闘曲】,Sound Eve / フリーBGM,29,2,0,2026-07-21T03:30:16Z,PT2M23S,EspFXYG-25Q
和風 戦闘 BGM,【和風Playlist】【和風Playlist】極上の重低音で神集中🔥作業効率がバグる和風メドレー⚡60min,Natural Lo-fi Girl,105,1,1,2026-07-21T03:21:38Z,PT1M14S,D4Q4WfeY4ac
和風 戦闘 BGM,【和風Playlist】極上の重低音で神集中🔥作業効率がバグる和風メドレー⚡60min,Natural Lo-fi Girl,97,3,1,2026-07-21T03:17:06Z,PT1H10M39S,eAKK1qnbOJI
和風 戦闘 BGM,BROKEN BLADE ⚔️和風戦闘曲 Epic Samurai Music,Miyora Studio,30,2,0,2026-07-21T00:00:08Z,PT45M10S,Q5m2-ZpIQ6s
和風 戦闘 BGM,サイバーパンク侍BGM ⚔️ 読書・勉強に効く集中和風ロック #shorts #勉強用bgm #studymusic,Samurai Battle BGM【和楽器×ロック】,100,0,0,2026-07-20T22:00:14Z,PT41S,PFRs8Rmy8Us
和風 戦闘 BGM,Break Me a Thousand Times ⚔️ UNBROKEN | Epic Samurai Battle BGM | Boss Fights & Soulslike,Rushblade Tokyo - Japanese Battle Music,28,3,1,2026-07-20T22:00:30Z,PT46M45S,Gll7U-pFFGw
和風 戦闘 BGM,When You Run Toward It｜Epic Japanese Battle Music (和風戦闘BGM),KITSU BEATS,127,1,0,2026-07-20T12:22:24Z,PT2H12M13S,MQPbFhuXZ9k
和風 戦闘 BGM,滝の修練僧 ｜ Samurai Focus Beats (和風戦闘BGM),Bushido Ignite,28,0,0,2026-07-20T11:00:28Z,PT1H6M32S,AD-fD3ttkz0
和風 戦闘 BGM,Hakuro (白狼) - Epic Japanese Boss Battle Themes【和風】,koyuchi -Shamisen Beats-,1919,118,7,2026-07-20T10:45:20Z,PT41M55S,CjTFP5gohJc
和風 戦闘 BGM,鴉舞 -ABU- 三味線×ロック 和風戦闘BGM / Japanese Samurai Battle Rock Mix,YAMATO -Samurai Beats-,74,4,1,2026-07-20T10:15:12Z,PT1H1M16S,skGey-djPoo
和風 戦闘 BGM,【Japanese Samurai Battle BGM】chapter:9 Last Samurai Duel BGM | Final Japanese Sword Battle Music,mine,11,0,0,2026-07-20T10:00:37Z,PT13M32S,C0cFoTxMkgY
和風 戦闘 BGM,【和風ROCK】やる気と集中力が限界突破する🔥作業・勉強用BGM⚡Japanese Rock Music】,Natural Lo-fi Girl,262,2,1,2026-07-20T06:29:02Z,PT1M31S,Hl30ng7shqs
和風 戦闘 BGM,【和風ROCK】やる気と集中力が限界突破する🔥作業・勉強用BGM⚡Japanese Rock Music】,Natural Lo-fi Girl,98,5,0,2026-07-20T06:00:10Z,PT1H7M13S,gfdl7jd7X24
和風 戦闘 BGM,【フリーBGM】冥府の灯火【和風ロック 三味線 激しいギター 戦闘曲】,Sound Eve / フリーBGM,16,0,0,2026-07-20T03:30:14Z,PT2M48S,EWIbtzL_lWY
和風 戦闘 BGM,Face the Goddess of Death ⚔️ IZANAMI | Epic Samurai Battle BGM | Boss Fights & Soulslike,Rushblade Tokyo - Japanese Battle Music,104,2,1,2026-07-19T22:00:14Z,PT47M47S,kejMuRNOqG8
和風 戦闘 BGM,【フリーBGM】花鳥疾風《和風、ロック、かっこいい》,ゆきのハートマーク,5,0,0,2026-07-19T12:13:15Z,PT2M3S,_pD5vu4w7bY
和風 戦闘 BGM,【フリーBGM】和風・陰陽師との戦闘曲【和ロック/琴/三味線/battle】 #フリーbgm #作業用bgm #music,【フリーBGM】Two Chan【素材】,261,3,0,2026-07-19T11:11:03Z,PT15S,bn3PtfPC0E8
和風 戦闘 BGM,真夜中の暗殺者のグルーヴ ｜ Workout & Training BGM (和風戦闘BGM),Bushido Ignite,35,1,1,2026-07-19T11:00:07Z,PT1H6M39S,QNUypROL2t8
和風 戦闘 BGM,梟舞 -KYOUBU- 三味線×ロック 和風戦闘BGM / Japanese Samurai Battle Rock Mix,YAMATO -Samurai Beats-,123,6,3,2026-07-19T10:15:34Z,PT1H6M29S,-Z0aqQiK2yI
和風 戦闘 BGM,ボス戦BGM ⚔️ ゲームが捗るエピック和風バトル #shorts #gamingmusic #ボス戦,Samurai Battle BGM【和楽器×ロック】,135,0,0,2026-07-19T03:00:34Z,PT41S,mU-lxIhTSTk
和風 戦闘 BGM,サイバーパンク侍BGM ⚔️ 雨の夜に染みる和風ロック #shorts #作業用bgm #chill,Samurai Battle BGM【和楽器×ロック】,74,0,0,2026-07-18T22:00:31Z,PT41S,48mgk0pUSdo
和風 戦闘 BGM,Rage Without a Sound ⚔️ SILENT FURY | Epic Samurai Battle BGM | Boss Fights & Soulslike,Rushblade Tokyo - Japanese Battle Music,45,1,1,2026-07-18T22:00:27Z,PT50M53S,bAs5cdWUWds
和風 戦闘 BGM,When the Silence Breaks｜Epic Japanese Battle Music (和風戦闘BGM),KITSU BEATS,19,2,0,2026-07-18T12:22:20Z,PT2H15M7S,NSD4FeRaVSY
和風 戦闘 BGM,雷撃の韻律 ｜ Samurai Focus Beats (和風戦闘BGM),Bushido Ignite,85,1,0,2026-07-18T11:00:21Z,PT1H5M19S,WV7viil-J2k
和風 戦闘 BGM,駿舞 -SHUNBU- 三味線×ロック 和風戦闘BGM / Japanese Samurai Battle Rock Mix,YAMATO -Samurai Beats-,118,3,3,2026-07-18T10:15:34Z,PT1H4M40S,D_WiMzT3wt0
和風 戦闘 BGM,【和風Playlist】刺激的な和風EDMで眠気を吹き飛ばす🔥Productivity Music 【作業・勉強・フリーBGM】,Natural Lo-fi Girl,217,4,1,2026-07-18T02:34:16Z,PT2M32S,a7wznZqW-iQ
和風 戦闘 BGM,【和風Playlist】刺激的な和風EDMで眠気を吹き飛ばす🔥Productivity Music 60min【作業・勉強・フリーBGM】,Natural Lo-fi Girl,112,5,1,2026-07-18T02:23:04Z,PT1H9M16S,i3AI_9aBnrE
和風 戦闘 BGM,Shamisen Battle Music ⚔️ Japanese Samurai BGM 和風ロック,Miyora Studio,54,0,0,2026-07-18T00:00:08Z,PT1H13M38S,G136GitMPg0
和風 戦闘 BGM,Stare Death in the Eye ⚔️ FEAR NOTHING | Epic Samurai Battle BGM | Boss Fights & Soulslike,Rushblade Tokyo - Japanese Battle Music,145,4,0,2026-07-17T22:00:09Z,PT45M11S,x1E8KZE0fM8
和風 戦闘 BGM,Blade of the Rising Sun｜Epic Japanese Battle Music (和風戦闘BGM),天響 TENKYO,8,0,0,2026-07-17T14:22:20Z,PT38M31S,Wi6WMmNofhA
和風 戦闘 BGM,⚔️ SAMURAI MODE 🥁 | Epic Japanese Wagakki BGM #Shorts,天響 TENKYO,21,0,0,2026-07-17T14:19:49Z,PT48S,ic29co8Bwk4
和風 戦闘 BGM,Stand with the Blade of Resolve｜Epic Japanese Battle Music (和風戦闘BGM),KITSU BEATS,19,0,0,2026-07-17T12:22:28Z,PT2H13M34S,ckc44GLTxM0
和風 戦闘 BGM,近衛兵の修練 ｜ Intense Work BGM (和風戦闘BGM),Bushido Ignite,37,1,0,2026-07-17T11:00:34Z,PT1H5M47S,_UEHQJavI_0
和風 戦闘 BGM,Karakuri - Atmospheric Japanese Drum and Bass Mix【和風】,koyuchi -Shamisen Beats-,2863,130,17,2026-07-17T10:45:26Z,PT1H3M22S,h1jj4T2pRSU
和風 戦闘 BGM,鯨舞 -GEIBU- 三味線×ロック 和風戦闘BGM / Japanese Samurai Battle Rock Mix,YAMATO -Samurai Beats-,262,7,3,2026-07-17T10:15:31Z,PT1H4M24S,MtTM7AcE63w
和風 戦闘 BGM,【ゼノブレイド2】戦闘!!｜和ロック×ケルト×ピアノオーケストラ AIアレンジ【作業用BGM】,Catget,233,7,0,2026-07-17T07:00:04Z,PT5M31S,5ElZNSgFp6Y
和風 戦闘 BGM,【和風ロック/歌詞付き】-『紅蓮斬舞』- 紅蓮の戦場を駆ける超疾走和楽器ロック｜Intense Wafu Battle Rock#Shorts #和風曲 #和風bgm#和風ロック#作業用BGM,    月華演舞,164,3,2,2026-07-17T02:53:54Z,PT1M1S,L2QNKU2Sz8k
和風 戦闘 BGM,Leave Nothing Standing ⚔️ NO MERCY | Epic Samurai Battle BGM | Boss Fights & Soulslike,Rushblade Tokyo - Japanese Battle Music,91,3,1,2026-07-16T22:00:24Z,PT43M17S,le9UidTERtI
和風 戦闘 BGM,サイバーパンク侍BGM ⚔️ 朝のテンションが上がる和風ロック #shorts #作業用bgm #morning,Samurai Battle BGM【和楽器×ロック】,122,0,0,2026-07-16T22:00:19Z,PT41S,aKcM3Het6lo
和風 戦闘 BGM,When You Refuse to Back Down｜Epic Japanese Battle Music (和風戦闘BGM),KITSU BEATS,26,1,1,2026-07-16T12:22:39Z,PT2H8M58S,p2HiDievu80
和風 戦闘 BGM,港の警戒ビート ｜ Workout & Training BGM (和風戦闘BGM),Bushido Ignite,12,0,0,2026-07-16T11:00:34Z,PT1H5M34S,g5HQDPsvSD0
和風 戦闘 BGM,蝶舞 -CHOUBU- 三味線×ロック 和風戦闘BGM / Japanese Samurai Battle Rock Mix,YAMATO -Samurai Beats-,152,8,3,2026-07-16T10:15:39Z,PT1H3M18S,YLq2VoOlvRs
和風 戦闘 BGM,【フリーBGM】Cyber Shinobi Raid【和風サイバーメタル/忍者戦闘BGM】,【フリーBGM制作】rh_yme,118,5,0,2026-07-16T09:00:30Z,PT2M51S,uKUzs5mLjwQ
サムライ BGM,Samurai Lofi HipHop Mix 🌙 Moonlit Ronin | 1.5 Hour Night Chill BGM,Ronin Records,0,0,0,2026-07-26T15:00:15Z,PT1H42M1S,ZWkDycddgC4
サムライ BGM,風舞 -FUUBU- 三味線×ロック 和風戦闘BGM / Japanese Samurai Battle Rock Mix,YAMATO -Samurai Beats-,19,0,1,2026-07-26T13:28:19Z,PT1H1M38S,tN1QzPx-tqk
サムライ BGM,薙刀の物語 ｜ Samurai Focus Beats (和風戦闘BGM),Bushido Ignite,0,0,0,2026-07-26T11:00:06Z,PT1H5M16S,5gdzNcdeR5E
サムライ BGM,Samurai Awakening | X-Aura BGM  🩸⚔️,SwaraSonic,2,0,0,2026-07-26T10:37:43Z,PT19S,PnfVjIrNKiQ
サムライ BGM,Samurai Rock BGM with High-Speed Energy ｜ Feel a rush of excitement ⚡,Rin’s Moonshadow Rock 凛ノ月影ロック,32,4,0,2026-07-26T10:00:36Z,PT3M47S,CsuIKJNOzZk
サムライ BGM,Samurai Blossom  ベルさんテーマ曲 #shorts #vtuber #short #bgm,命人-meito Ch,172,5,1,2026-07-26T10:00:17Z,PT27S,iwr3slMAwW0
サムライ BGM,【ドライブBGM】爆速ユーロビート60分MIX｜モメチン＆ナンピン侍と車＆投資あるある作業用ソング,真面目にふざけたユーロビート製作所,6,1,1,2026-07-26T08:00:00Z,PT1H2M38S,7gmSl0waUBQ
サムライ BGM,【侍JAZZ HOP BGM】Samurai Jazz Hop 🎧 Chill Lofi Beats to Study / Relax / Sleep to,Block Party Beats,7,2,0,2026-07-26T04:52:27Z,PT1H6S,ysB5KHBGZzk
サムライ BGM,影 KAGE 🗡️ Japanese Samurai BGM for Focus & Calm #shorts,Samurai Soul Beats,82,0,0,2026-07-26T00:00:34Z,PT1M,cYZTEehshSU
サムライ BGM,侍リラックス | 和風リラックス 音楽で心を整える 禅リラックス 癒しbgm 日本のリラックス音楽 瞑想 睡眠 集中力 疲労回復 琴の音 幻リラックス 究極の癒し音楽 伝統楽器の調べ,MaboroshiSamura,108,2,0,2026-07-25T22:01:26Z,PT1H24M8S,FzH7jFWSUgU
サムライ BGM,Win the War Within ⚔️ WAR WITHIN | Epic Samurai Battle BGM | Boss Fights,Rushblade Tokyo - Japanese Battle Music,10,2,1,2026-07-25T22:00:02Z,PT49M33S,7_gX30GjJqc
サムライ BGM,雨舞 -UBU- 三味線×ロック 和風戦闘BGM / Japanese Samurai Battle Rock Mix,YAMATO -Samurai Beats-,55,4,3,2026-07-25T10:15:32Z,PT1H2M58S,7FBx-Ex0VTk
サムライ BGM,Samurai Rock BGM for Strength Against Adversity | Find the strength to rise ⚔️,Rin’s Moonshadow Rock 凛ノ月影ロック,61,3,0,2026-07-25T10:00:15Z,PT5M5S,LJ3lNM84qt0
サムライ BGM,【速攻で作業モードに！】侍ロックBGM『IGNITION: ZERO』 和楽器×ロック×ユーロビート×フォンク #作業用bgm #edm #rock #instrumental #集中,しゃっきんミュージック,845,2,0,2026-07-25T09:50:42Z,PT1M1S,-oDzY-p_-v4
サムライ BGM,戦国侍BGM ⚔️ テンション上がる和風ロック #shorts #作業用bgm #battlebgm,Samurai Battle BGM【和楽器×ロック】,6,0,0,2026-07-25T09:00:02Z,PT41S,iB5UAsxIzRw
サムライ BGM,【作業用BGM】思わず叫びたくなる！SAMURAI BLUE × Hip Hop | SAMURAI BLUEEE Full Album | 勉強・仕事・集中 | Amayuko,Amayuko 作業用BGM,20,7,0,2026-07-25T08:42:14Z,PT22M12S,7vfeAA__Z1c
サムライ BGM,「Samurai from Japan」 #MLB　#オリジナル曲　#AppleMusic #Spotify #Youtubemusic #作業用BGM　#ストリーミング音楽 #distrokid,Mitsuru Minamiyama,3,0,0,2026-07-25T02:52:25Z,PT4M52S,Cv6Hc3JOZ-E
サムライ BGM,SAMURAI QUEEN | Lofi Japanese Hip-Hop BGM | Evening Unwind & Slow Work,Samurai Queen,18,0,1,2026-07-25T00:00:25Z,PT38M10S,KIKW_weexBQ
サムライ BGM,Chill beats for modern samurai and night dreamers 🏯 (Shogun Beats)/ vOL 6,SHOGUN BEATS,4,0,0,2026-07-24T23:00:33Z,PT1H33M20S,gXFiIBzp1x8
サムライ BGM,Starlight Sessions || Japanese samurai beats for peaceful late nights ⛩️ [Lofi / Hip Hop],SHOGUN BEATS,2,0,0,2026-07-24T23:00:09Z,PT15M30S,5VkD44OTwA0
サムライ BGM,RPG Battle ⚔️ 1 Hour Epic Japanese JRPG Battle Music BGM | Samurai Boss & Final Stage Themes,Samurai Battle BGM【和楽器×ロック】,3,0,0,2026-07-24T23:00:00Z,PT1H1S,bKsZRUR3CdE
サムライ BGM,Unleash the Dragon Within ⚔️ DRAGON'S WRATH | Epic Samurai Battle BGM | Boss Fights & Soulslike,Rushblade Tokyo - Japanese Battle Music,6,1,1,2026-07-24T22:00:00Z,PT43M38S,PFAoLqHT-R8
サムライ BGM,華舞 -KABU- 三味線×ロック 和風戦闘BGM / Japanese Samurai Battle Rock Mix,YAMATO -Samurai Beats-,91,3,3,2026-07-24T17:43:47Z,PT1H9M47S,gRLK5jskSjU
サムライ BGM,𝐎𝐆 𝟐 || 𝐒𝐀𝐌𝐔𝐑𝐀𝐈 𝐁𝐆𝐌 [𝟖𝐃 𝐀𝐔𝐃𝐈𝐎]🎼🎧 || 𝐩𝐨𝐰𝐞𝐫 𝐬𝐭𝐚𝐫 𝐏𝐚𝐰𝐚𝐧 𝐊𝐚𝐥𝐲𝐚𝐧 || 𝐒𝐮𝐣𝐞𝐞𝐭𝐡 ||𝐒 𝐒 𝐓𝐡𝐚𝐦𝐚𝐧 ||,8D SONGS World,199,11,0,2026-07-24T16:47:53Z,PT37S,-54NRGhwAzU
サムライ BGM,Samurai Lofi HipHop Mix ⚔️ War Drums | 1.5 Hour Boom Bap BGM,Ronin Records,27,0,0,2026-07-24T15:00:29Z,PT1H36M47S,pQATSURHe04
サムライ BGM,사무라이 마호 (브금찰떡),마스터호그라이더,1456,5,2,2026-07-24T12:55:50Z,PT10S,DbPg8-M7NsI
サムライ BGM,将軍の影 ｜ Samurai Focus Beats (和風戦闘BGM),Bushido Ignite,48,0,0,2026-07-24T11:00:29Z,PT1H7M3S,ymgt-V22qD8
サムライ BGM,Samurai Girl ⚔️ 戦闘用エピック和風バトルBGM #shorts #battlebgm #gamingmusic,Samurai Battle BGM【和楽器×ロック】,126,0,0,2026-07-24T09:00:23Z,PT41S,XhbOXb_OkJ0
サムライ BGM,"【Playlist】Samurai Cyberpunk Rock ⚔️ NEON CAGE | Shamisen, Female Vocals, Work BGM",Shadow Shuriken Music,35,1,0,2026-07-24T09:00:34Z,PT1H14M42S,wCHRdhWFIQY
サムライ BGM,"OG2 Samurai BGM Ringtone 🔥 || #og2 #TheOriginOfFire #OGUniverseOST | Pawan Kalyan, Sujeeth, Thaman S",Bgm sounds,626,0,0,2026-07-24T03:29:26Z,PT40S,I8DwxulvCJE
サムライ BGM,Japanese samurai beats for peaceful late nights ⛩️ [Lofi / Hip Hop]. || Vol - 5,SHOGUN BEATS,4,0,0,2026-07-24T01:00:38Z,PT1H16M40S,V6qQrwWZ1tI
サムライ BGM,Black Samurai Yasuke ｜ Japanese Koto House Music - Work & Study BGM,Wasou Suite,25,0,0,2026-07-24T01:00:29Z,PT1H2M27S,MPGXLO-5Afc
サムライ BGM,Tokyo Samurai Nocturne ⚔️ Cyberpunk Japanese Night BGM | Emotional Samurai Lofi Rock,Samurai Battle BGM【和楽器×ロック】,2,0,0,2026-07-23T23:00:22Z,PT3M15S,Z1v1F3xQJrA
サムライ BGM,Walk the Warpath ⚔️ WARPATH | Epic Samurai Battle BGM | Boss Fights & Soulslike,Rushblade Tokyo - Japanese Battle Music,18,3,1,2026-07-23T22:00:27Z,PT46M59S,6WBijcRcTn8
サムライ BGM,禅音楽 - 瞑想音楽 | 侍禅の静寂な心と尺八の音色で深く眠る和風アンビエント音楽 BGM,MaboroshiSamura,42,4,0,2026-07-23T22:01:16Z,PT1H20M15S,Yv0GySPAtMI
サムライ BGM,侍BGM ⚔️ ゲームが捗るエピック和風ロック #shorts #gamingmusic #作業用bgm,Samurai Battle BGM【和楽器×ロック】,140,0,0,2026-07-23T22:00:08Z,PT41S,qE_Dd_Sta98
サムライ BGM,SHAMISEN CELTIC METAL ⚔️ Pirate Battle Groove | Samurai Battle BGM,Samurai Girl,917,94,35,2026-07-23T13:00:11Z,PT1H22M59S,zfLPo4ckgns
サムライ BGM,【BGM用】Samurai Blue cheering song medley -English version-  【AI生成オリジナル曲】,AIデジ唄 修行中のT○Kです。,7,0,0,2026-07-23T12:52:49Z,PT6M51S,eWnAww1C0Fk
サムライ BGM,侍の書斎で整う夜｜癒しの和楽器BGM 箏・尺八・三味線,KOMOREBI,91,0,0,2026-07-23T12:01:20Z,PT31S,0JrVlMvaBvo
サムライ BGM,双舞 -SOUBU- 三味線×ロック 和風戦闘BGM / Japanese Samurai Battle Rock Mix,YAMATO -Samurai Beats-,160,5,1,2026-07-23T10:15:29Z,PT1H7M15S,1hmLng-Kj2o
サムライ BGM,【Samurai Rock】Japanese Rock BGM to Unleash Your Inner Fire ｜ Turn weakness into strength ⚔️,Rin’s Moonshadow Rock 凛ノ月影ロック,84,6,0,2026-07-23T10:00:27Z,PT4M,IGB-nIzgByk
サムライ BGM,Samurai Girl ⚔️ 癒しの和風バトルBGM #shorts #和風bgm #リラックス,Samurai Battle BGM【和楽器×ロック】,9,0,0,2026-07-23T09:00:38Z,PT41S,ilGOEjDUFr4
サムライ BGM,SAMURAI QUEEN | Lofi Japanese Hip-Hop BGM | Tea House Chill & Study,Samurai Queen,151,2,1,2026-07-23T08:00:19Z,PT37M14S,K_8K_6DBoEQ
サムライ BGM,Blossom Blade ⚔️ Epic Japanese Samurai Battle BGM #shorts #samurai #sakura,Samurai Battle BGM【和楽器×ロック】,178,0,0,2026-07-23T06:00:27Z,PT41S,JAU5tHqLxJg
サムライ BGM,@SHOGUNBEATS-w4v . #ヒップホップ #ローファイ #チルアウト #作業用bgm #サムライビーツ #和風lofi,SHOGUN BEATS,6,0,0,2026-07-23T04:45:19Z,PT16S,V38kyJ-jEfk
サムライ BGM,@SHOGUNBEATS-w4v . #ヒップホップ #ローファイ #チルアウト #作業用bgm #サムライビーツ,SHOGUN BEATS,0,0,0,2026-07-23T04:41:52Z,PT16S,1lXNjXGnEMc
サムライ BGM,[Playlist] サムライバイブス：和風ヒップホップ | Samurai Beats: Traditional Japanese Hip Hop,Zanshin Chord,48,2,0,2026-07-23T03:00:17Z,PT1H15M1S,EunWd-va6jY
サムライ BGM,SAMURAI  ⚔️ 魂を震わせる和風戦闘BGM 和風ロック,Miyora Studio,36,2,0,2026-07-23T00:00:00Z,PT49M16S,3xB-l1-x7-M
サムライ BGM,侍バトルBGM ⚔️ 集中力MAXの和風ロック #shorts #勉強用bgm #japaneserock,Samurai Battle BGM【和楽器×ロック】,54,0,0,2026-07-22T22:00:13Z,PT41S,wYAjllcc27M
サムライ BGM,CRUSHING MARCH ⚔️ 和風BGM × 三味線メタル | Samurai Music,黒百 - KOKUBYAKU Sound,55,1,0,2026-07-22T21:00:01Z,PT56M48S,Tl_T9jKVtI8
サムライ BGM,Last Stand of the Samurai｜Epic Japanese Battle Music (和風戦闘BGM),KITSU BEATS,9,0,0,2026-07-22T12:22:00Z,PT2H5M47S,3sHxgLSxm0I
サムライ BGM,侍の道 ｜ Intense Work BGM (和風戦闘BGM),Bushido Ignite,5,0,0,2026-07-22T11:00:32Z,PT1H5M24S,omkmxCkX2Xw
サムライ BGM,凛舞 -RINBU- 三味線×ロック 和風戦闘BGM / Japanese Samurai Battle Rock Mix,YAMATO -Samurai Beats-,64,2,1,2026-07-22T10:15:19Z,PT1H11S,S8LVdk0lwPQ
サムライ BGM,@SHOGUNBEATS-w4v . #ヒップホップ #チルアウト #ローファイ #ローファイ #作業用bgm #サムライビーツ,SHOGUN BEATS,1,0,0,2026-07-22T09:22:09Z,PT16S,uEvdfqMkR5Y
サムライ BGM,@SHOGUNBEATS-w4v . #shogunbeats #ヒップホップ #チルアウト #ローファイ #作業用bgm #サムライビーツ,SHOGUN BEATS,5,0,0,2026-07-22T09:10:19Z,PT16S,EH5WN_mU7QU
サムライ BGM,Samurai Girl ⚔️ 深い集中の和風バトルBGM #shorts #集中bgm #作業用bgm,Samurai Battle BGM【和楽器×ロック】,126,1,0,2026-07-22T09:00:26Z,PT41S,YDYluz8Zofk
サムライ BGM,SAMURAI WITH MODERN SWAG #anime #店内bgm #日本ヒップホップ #明治ヒップホップ #歌ってみた,VELVET RONIN,133,0,0,2026-07-22T03:34:47Z,PT33S,Gfb_f2NALcM
サムライ BGM,Boss Battle ⚔️ 1 Hour Epic Japanese Game Rock BGM | Samurai Metal Battle & Final Stage Music,Samurai Battle BGM【和楽器×ロック】,2,0,0,2026-07-21T23:00:15Z,PT1H1S,6wsj1diaLb8
サムライ BGM,和風リラックス音楽 ~ 彼岸花と侍の静寂な夜 ~ 癒しbgmで心を整える瞑想タイム | 禅リラックス 日本のリラックス音楽 睡眠用bgm 深い眠り 疲労回復,MaboroshiSamura,23,1,0,2026-07-21T22:01:21Z,PT1H21M56S,Zti16w-TFOw
サムライ BGM,Strike From the Shadows ⚔️ SHADOW STRIKE | Epic Samurai Battle BGM | Boss Fights & Soulslike,Rushblade Tokyo - Japanese Battle Music,7,1,1,2026-07-21T22:00:15Z,PT45M4S,xCzzV1GjEkg
サムライ BGM,戦国侍BGM ⚔️ 作業が捗るエピック和風ロック #shorts #作業用bgm #samurai,Samurai Battle BGM【和楽器×ロック】,290,0,0,2026-07-21T22:00:35Z,PT41S,G519MtuG4lw
サムライ BGM,鎧舞 -GAIBU- 三味線×ロック 和風戦闘BGM / Japanese Samurai Battle Rock Mix,YAMATO -Samurai Beats-,100,6,1,2026-07-21T10:15:04Z,PT1H7M5S,PiC_kddBUV8
サムライ BGM,Samurai Rock BGM for Strength Against Adversity ｜ Find the strength to rise ⚔️,Rin’s Moonshadow Rock 凛ノ月影ロック,130,12,0,2026-07-21T10:00:33Z,PT4M45S,4vKZ2wcr8As
サムライ BGM,Work BGM ⚔️ The Last Samurai — Cyberpunk Japanese Rock #shorts #workmusic #samurai,Samurai Battle BGM【和楽器×ロック】,189,2,0,2026-07-21T01:00:29Z,PT41S,8F2fF4LRKeY
サムライ BGM,"[Epic Battle Music 1H] Kagura × Ayame - Samurai Japanese Orchestral BGM for Gaming, Work & D&D",Epic Attacker,167,2,2,2026-07-21T01:00:23Z,PT59M28S,Iy4BRqAgKv8
サムライ BGM,抜刀 BATTO ⚔️🌙 Japanese Samurai Ambient BGM for Focus #shorts,Samurai Soul Beats,208,0,1,2026-07-21T00:00:21Z,PT1M,bV8e5a4hzxc
サムライ BGM,サイバーパンク侍BGM ⚔️ 読書・勉強に効く集中和風ロック #shorts #勉強用bgm #studymusic,Samurai Battle BGM【和楽器×ロック】,100,0,0,2026-07-20T22:00:14Z,PT41S,PFRs8Rmy8Us
サムライ BGM,Break Me a Thousand Times ⚔️ UNBROKEN | Epic Samurai Battle BGM | Boss Fights & Soulslike,Rushblade Tokyo - Japanese Battle Music,28,3,1,2026-07-20T22:00:30Z,PT46M45S,Gll7U-pFFGw
サムライ BGM,禅音楽 | 瞑想音楽 和風アンビエント 尺八 琴 侍禅の精神 究極の睡眠音楽 幻音楽 日本の伝統音楽 和風BGM ストレス解消 精神統一 癒やしの時間 深い眠り 集中力向上,MaboroshiSamura,66,2,0,2026-07-20T22:01:26Z,PT1H23M58S,Fu-usbt3ddA
サムライ BGM,Samurai Warriors / ω-Force mashup BGM - Komaki-Nagakute ~SWXL/SW2XL/SW4-II/ω-Force20 Coadz Mix~,Coadz,181,7,2,2026-07-20T12:30:08Z,PT5M1S,MnEsmsjsh_w
サムライ BGM,Samurai Warriors / ω-Force mashup BGM - Tedorigawa ~SW2/ω-Force20 Coadz Mix~,Coadz,110,3,0,2026-07-20T11:34:43Z,PT2M8S,a8lN-NE2p7A
サムライ BGM,滝の修練僧 ｜ Samurai Focus Beats (和風戦闘BGM),Bushido Ignite,28,0,0,2026-07-20T11:00:28Z,PT1H6M32S,AD-fD3ttkz0
サムライ BGM,Samurai Warriors / ω-Force mashup BGM - Anegawa ~SW4 (Azai)/ω-Force20 Coadz Mix~,Coadz,72,7,0,2026-07-20T10:46:04Z,PT3M58S,SdCBMhOyKls
サムライ BGM,鴉舞 -ABU- 三味線×ロック 和風戦闘BGM / Japanese Samurai Battle Rock Mix,YAMATO -Samurai Beats-,74,4,1,2026-07-20T10:15:12Z,PT1H1M16S,skGey-djPoo
サムライ BGM,Samurai Rock BGM to Awaken Your Inner Warrior | Find the strength to rise ⚔️,Rin’s Moonshadow Rock 凛ノ月影ロック,145,10,0,2026-07-20T10:00:34Z,PT3M59S,HP1PuRH1wmg
サムライ BGM,Samurai Girl ⚔️ 夜のドライブに映える和風バトルBGM #shorts #ドライブbgm #lofi,Samurai Battle BGM【和楽器×ロック】,7,0,0,2026-07-20T09:00:40Z,PT41S,Q6H1ljMjl2w
サムライ BGM,SAMURAI QUEEN | Lofi Japanese Hip-Hop BGM | Morning Coffee & Focus,Samurai Queen,47,1,1,2026-07-20T08:00:21Z,PT41M16S,rOWLfuJv0As
サムライ BGM,Bushido ⚔️ Dark Epic Japanese Samurai Rock BGM #shorts #samurai #武士道,Samurai Battle BGM【和楽器×ロック】,212,0,0,2026-07-20T06:00:08Z,PT41S,2SuDepWCIH8
サムライ BGM,サイバーパンク侍BGM ⚔️ 深夜作業が捗る神ループ #shorts #作業用bgm #lofi,Samurai Battle BGM【和楽器×ロック】,214,1,0,2026-07-20T03:00:35Z,PT41S,t-yhXo8pKIc
サムライ BGM,Study BGM ⚔️ Shinsengumi — Japanese Rock for Deep Focus #shorts #studymusic #japaneserock,Samurai Battle BGM【和楽器×ロック】,223,0,0,2026-07-20T01:00:17Z,PT41S,v3iKla2_Z74
サムライ BGM,SAMURAI BATTLE MUSIC ⚔️ 和風戦闘BGM | Epic Japanese Battle Music,Miyora Studio,58,2,0,2026-07-20T00:00:19Z,PT36M31S,NeCBLawbnqA
サムライ BGM,Bushido ⚔️ 1 Hour Epic Japanese Samurai Rock BGM | Way of the Warrior Battle Mix,Samurai Battle BGM【和楽器×ロック】,12,1,0,2026-07-19T23:00:28Z,PT1H1S,TNNsGSi753E
サムライ BGM,Face the Goddess of Death ⚔️ IZANAMI | Epic Samurai Battle BGM | Boss Fights & Soulslike,Rushblade Tokyo - Japanese Battle Music,104,2,1,2026-07-19T22:00:14Z,PT47M47S,kejMuRNOqG8
サムライ BGM,サイバーパンク侍BGM ⚔️ プログラミングが捗る集中BGM #shorts #作業用bgm #codingmusic,Samurai Battle BGM【和楽器×ロック】,148,0,0,2026-07-19T22:00:02Z,PT41S,i1cyKRLGIJE
サムライ BGM,Samurai Warriors / Warriors All-Stars mashup BGM – City of Flowers ~SW1/Musou☆Stars Coadz Mix~,Coadz,170,8,1,2026-07-19T15:30:51Z,PT3M32S,Qgxvw_W4VSM
サムライ BGM,梟舞 -KYOUBU- 三味線×ロック 和風戦闘BGM / Japanese Samurai Battle Rock Mix,YAMATO -Samurai Beats-,123,6,3,2026-07-19T10:15:34Z,PT1H6M29S,-Z0aqQiK2yI
サムライ BGM,【Samurai Rock】High-Speed Japanese Rock BGM for an Energy Rush ｜ Fire up your heart ⚡,Rin’s Moonshadow Rock 凛ノ月影ロック,590,18,1,2026-07-19T10:00:04Z,PT3M29S,pveW9seDn8A
サムライ BGM,Samurai Girl ⚔️ 筋トレが捗る和風バトルBGM #shorts #筋トレbgm #作業用bgm,Samurai Battle BGM【和楽器×ロック】,38,0,0,2026-07-19T09:00:14Z,PT41S,cXHIbDN9qdo
サムライ BGM,Samurai of the Void / ZEMBA.BGM,ZEMBA_BGM,32,0,0,2026-07-19T08:26:56Z,PT58S,gVVusJ5oxLM
サムライ BGM,Samurai of the Void / ZEMBA.BGM,ZEMBA_BGM,0,0,0,2026-07-19T08:26:41Z,PT3M58S,YfB-qcQ0Mec
サムライ BGM,Samurai of the Void / ZEMBA.BGM,VOXALITY,81,0,0,2026-07-19T08:22:26Z,PT59S,s5bkLXo8_iA
サムライ BGM,DELTARUNE Chapters 1–5 Boss Rush | Japanese Style Medley　#DELTARUNE #BossFight #SAMURAI REMIX,Trending BGM,24695,1462,95,2026-07-19T05:00:32Z,PT30M26S,cA0QucCOO30
サムライ BGM,ボス戦BGM ⚔️ ゲームが捗るエピック和風バトル #shorts #gamingmusic #ボス戦,Samurai Battle BGM【和楽器×ロック】,135,0,0,2026-07-19T03:00:34Z,PT41S,mU-lxIhTSTk
サムライ BGM,【戦国BGM】兵 〜奇襲ノ弔い〜 | Samurai Battle Music #Shorts,旋律丸,198,0,0,2026-07-19T01:37:29Z,PT56S,ybk0Q9pKZUs
サムライ BGM,【戦国BGM】乱 〜潜入ノ籠城〜 | Samurai Battle Music #Shorts,旋律丸,257,1,0,2026-07-19T01:08:48Z,PT54S,D36grVzoEhM
サムライ BGM,Level Up ⚔️ Epic Samurai RPG Battle BGM #shorts #gamingmusic #epicmusic,Samurai Battle BGM【和楽器×ロック】,156,0,0,2026-07-19T01:00:25Z,PT41S,ASRTM9RrOzE
サムライ BGM,【戦国BGM】烈 〜夜襲ノ籠城〜 | Samurai Battle Music #Shorts,旋律丸,170,0,0,2026-07-19T00:45:25Z,PT33S,8ebNwjiNstU
サムライ BGM,SAMURAI SHAMISEN｜和風戦闘BGM 和風ロック,Miyora Studio,44,2,0,2026-07-19T00:00:19Z,PT42M52S,Lgy9Arhtz9E
サムライ BGM,月夜 TSUKIYO ⚔️🌙 Japanese Ambient BGM for Focus & Calm #shorts,Samurai Soul Beats,302,1,1,2026-07-19T00:00:27Z,PT1M,4PbKEwy3Wic
サムライ BGM,Boss Battle ⚔️ 1 Hour Epic Japanese Game BGM | Samurai Orchestral Battle & Boss Fight Music,Samurai Battle BGM【和楽器×ロック】,8,0,0,2026-07-18T23:00:12Z,PT1H1S,jaJAW-6TNLE
